geoid,category,age_bin,year,combined_count,ed_count,inp_count
34007600200,EB,18-64,2017,11,10,<5
34007600200,EB,18-64,2018,15,13,<5
34007600200,EB,18-64,2019,11,9,<5
34007600200,EB,18-64,2020,8,5,<5
34007600200,EB,18-64,2021,13,10,6
34007600200,EB,18-64,2022,6,5,<5
34007600200,EB,18-64,2023,12,8,<5
34007600200,EB,18-64,2024,11,10,6
34007600400,EB,18-64,2017,23,20,6
34007600400,EB,18-64,2018,24,19,9
34007600400,EB,18-64,2019,15,12,5
34007600400,EB,18-64,2020,15,12,<5
34007600400,EB,18-64,2021,14,10,8
34007600400,EB,18-64,2022,18,11,9
34007600400,EB,18-64,2023,14,12,5
34007600400,EB,18-64,2024,19,14,7
34007600700,EB,18-64,2017,16,10,6
34007600700,EB,18-64,2018,7,6,<5
34007600700,EB,18-64,2019,5,<5,<5
34007600700,EB,18-64,2020,9,8,<5
34007600700,EB,18-64,2021,9,<5,5
34007600700,EB,18-64,2022,<5,<5,<5
34007600700,EB,18-64,2023,7,6,<5
34007600700,EB,18-64,2024,7,6,<5
34007600800,EB,18-64,2017,42,32,14
34007600800,EB,18-64,2018,35,20,19
34007600800,EB,18-64,2019,26,17,13
34007600800,EB,18-64,2020,33,23,12
34007600800,EB,18-64,2021,17,9,9
34007600800,EB,18-64,2022,14,7,8
34007600800,EB,18-64,2023,18,14,6
34007600800,EB,18-64,2024,16,10,6
34007600900,EB,18-64,2017,14,13,5
34007600900,EB,18-64,2018,11,7,8
34007600900,EB,18-64,2019,7,6,<5
34007600900,EB,18-64,2020,11,11,<5
34007600900,EB,18-64,2021,12,10,<5
34007600900,EB,18-64,2022,12,8,6
34007600900,EB,18-64,2023,11,9,<5
34007600900,EB,18-64,2024,10,8,<5
34007601000,EB,18-64,2017,11,7,6
34007601000,EB,18-64,2018,15,10,8
34007601000,EB,18-64,2019,15,10,5
34007601000,EB,18-64,2020,9,7,<5
34007601000,EB,18-64,2021,10,<5,7
34007601000,EB,18-64,2022,12,6,7
34007601000,EB,18-64,2023,15,13,5
34007601000,EB,18-64,2024,13,8,7
34007601101,EB,18-64,2017,10,8,<5
34007601101,EB,18-64,2018,11,11,<5
34007601101,EB,18-64,2019,13,11,6
34007601101,EB,18-64,2020,8,8,<5
34007601101,EB,18-64,2021,9,8,<5
34007601101,EB,18-64,2022,6,5,<5
34007601101,EB,18-64,2023,8,7,<5
34007601101,EB,18-64,2024,9,8,<5
34007601102,EB,18-64,2017,16,12,5
34007601102,EB,18-64,2018,19,16,6
34007601102,EB,18-64,2019,19,15,5
34007601102,EB,18-64,2020,19,12,7
34007601102,EB,18-64,2021,7,<5,<5
34007601102,EB,18-64,2022,11,11,0
34007601102,EB,18-64,2023,10,6,<5
34007601102,EB,18-64,2024,12,11,<5
34007601200,EB,18-64,2017,22,19,6
34007601200,EB,18-64,2018,21,16,7
34007601200,EB,18-64,2019,22,18,5
34007601200,EB,18-64,2020,15,12,<5
34007601200,EB,18-64,2021,19,16,5
34007601200,EB,18-64,2022,6,<5,<5
34007601200,EB,18-64,2023,13,11,<5
34007601200,EB,18-64,2024,12,11,<5
34007601300,EB,18-64,2017,25,19,8
34007601300,EB,18-64,2018,18,13,8
34007601300,EB,18-64,2019,27,24,<5
34007601300,EB,18-64,2020,21,18,<5
34007601300,EB,18-64,2021,13,8,5
34007601300,EB,18-64,2022,16,11,8
34007601300,EB,18-64,2023,18,14,6
34007601300,EB,18-64,2024,15,10,7
34007601400,EB,18-64,2017,25,20,10
34007601400,EB,18-64,2018,25,20,7
34007601400,EB,18-64,2019,16,13,6
34007601400,EB,18-64,2020,20,14,8
34007601400,EB,18-64,2021,9,7,<5
34007601400,EB,18-64,2022,14,12,<5
34007601400,EB,18-64,2023,15,9,7
34007601400,EB,18-64,2024,10,5,6
34007601500,EB,18-64,2017,33,22,14
34007601500,EB,18-64,2018,34,24,12
34007601500,EB,18-64,2019,33,28,9
34007601500,EB,18-64,2020,26,23,8
34007601500,EB,18-64,2021,16,10,7
34007601500,EB,18-64,2022,26,15,12
34007601500,EB,18-64,2023,29,20,14
34007601500,EB,18-64,2024,20,13,11
34007601600,EB,18-64,2017,15,10,8
34007601600,EB,18-64,2018,7,5,<5
34007601600,EB,18-64,2019,7,6,<5
34007601600,EB,18-64,2020,12,10,<5
34007601600,EB,18-64,2021,12,9,<5
34007601600,EB,18-64,2022,15,7,8
34007601600,EB,18-64,2023,13,8,6
34007601600,EB,18-64,2024,15,13,<5
34007601700,EB,18-64,2017,21,18,9
34007601700,EB,18-64,2018,23,16,9
34007601700,EB,18-64,2019,20,15,9
34007601700,EB,18-64,2020,13,11,<5
34007601700,EB,18-64,2021,12,7,6
34007601700,EB,18-64,2022,16,12,<5
34007601700,EB,18-64,2023,14,10,5
34007601700,EB,18-64,2024,13,10,5
34007601800,EB,18-64,2017,9,7,<5
34007601800,EB,18-64,2018,9,6,<5
34007601800,EB,18-64,2019,10,8,<5
34007601800,EB,18-64,2020,<5,<5,<5
34007601800,EB,18-64,2021,6,5,<5
34007601800,EB,18-64,2022,11,11,<5
34007601800,EB,18-64,2023,6,6,<5
34007601800,EB,18-64,2024,8,7,<5
34007601900,EB,18-64,2017,9,7,<5
34007601900,EB,18-64,2018,16,11,7
34007601900,EB,18-64,2019,8,7,<5
34007601900,EB,18-64,2020,16,11,7
34007601900,EB,18-64,2021,10,9,<5
34007601900,EB,18-64,2022,10,6,<5
34007601900,EB,18-64,2023,11,7,6
34007601900,EB,18-64,2024,11,9,5
34007602000,EB,18-64,2017,36,27,13
34007602000,EB,18-64,2018,37,27,11
34007602000,EB,18-64,2019,40,31,12
34007602000,EB,18-64,2020,25,20,8
34007602000,EB,18-64,2021,31,23,14
34007602000,EB,18-64,2022,21,15,9
34007602000,EB,18-64,2023,24,18,10
34007602000,EB,18-64,2024,25,20,11
34007602503,EB,18-64,2017,5,<5,<5
34007602503,EB,18-64,2018,7,7,<5
34007602503,EB,18-64,2019,10,8,<5
34007602503,EB,18-64,2020,10,10,<5
34007602503,EB,18-64,2021,<5,<5,<5
34007602503,EB,18-64,2022,6,5,<5
34007602503,EB,18-64,2023,12,11,<5
34007602503,EB,18-64,2024,8,6,<5
34007602601,EB,18-64,2017,9,7,<5
34007602601,EB,18-64,2018,5,<5,<5
34007602601,EB,18-64,2019,6,<5,<5
34007602601,EB,18-64,2020,<5,<5,0
34007602601,EB,18-64,2021,5,<5,<5
34007602601,EB,18-64,2022,6,5,<5
34007602601,EB,18-64,2023,5,5,<5
34007602601,EB,18-64,2024,5,<5,<5
34007602602,EB,18-64,2017,<5,<5,<5
34007602602,EB,18-64,2018,9,6,<5
34007602602,EB,18-64,2019,14,9,8
34007602602,EB,18-64,2020,7,6,<5
34007602602,EB,18-64,2021,8,7,<5
34007602602,EB,18-64,2022,8,<5,6
34007602602,EB,18-64,2023,5,<5,<5
34007602602,EB,18-64,2024,8,7,<5
34007602901,EB,18-64,2017,12,10,<5
34007602901,EB,18-64,2018,11,9,<5
34007602901,EB,18-64,2019,14,9,5
34007602901,EB,18-64,2020,9,5,6
34007602901,EB,18-64,2021,9,5,<5
34007602901,EB,18-64,2022,7,6,<5
34007602901,EB,18-64,2023,6,<5,5
34007602901,EB,18-64,2024,10,7,5
34007602902,EB,18-64,2017,16,13,<5
34007602902,EB,18-64,2018,<5,<5,<5
34007602902,EB,18-64,2019,8,7,<5
34007602902,EB,18-64,2020,8,5,<5
34007602902,EB,18-64,2021,10,7,<5
34007602902,EB,18-64,2022,7,<5,<5
34007602902,EB,18-64,2023,5,<5,<5
34007602902,EB,18-64,2024,12,8,5
34007603001,EB,18-64,2017,5,5,0
34007603001,EB,18-64,2018,8,8,0
34007603001,EB,18-64,2019,<5,<5,<5
34007603001,EB,18-64,2020,6,6,0
34007603001,EB,18-64,2021,6,5,<5
34007603001,EB,18-64,2022,5,<5,<5
34007603001,EB,18-64,2023,5,5,0
34007603001,EB,18-64,2024,5,5,0
34007603002,EB,18-64,2017,11,9,<5
34007603002,EB,18-64,2018,9,8,<5
34007603002,EB,18-64,2019,15,12,6
34007603002,EB,18-64,2020,10,8,<5
34007603002,EB,18-64,2021,13,12,<5
34007603002,EB,18-64,2022,7,5,<5
34007603002,EB,18-64,2023,10,7,<5
34007603002,EB,18-64,2024,13,13,<5
34007603100,EB,18-64,2017,8,5,<5
34007603100,EB,18-64,2018,7,7,<5
34007603100,EB,18-64,2019,7,<5,<5
34007603100,EB,18-64,2020,9,7,<5
34007603100,EB,18-64,2021,8,<5,5
34007603100,EB,18-64,2022,7,6,<5
34007603100,EB,18-64,2023,5,5,0
34007603100,EB,18-64,2024,12,12,<5
34007603200,EB,18-64,2017,20,10,12
34007603200,EB,18-64,2018,24,18,8
34007603200,EB,18-64,2019,11,9,<5
34007603200,EB,18-64,2020,8,8,<5
34007603200,EB,18-64,2021,17,10,9
34007603200,EB,18-64,2022,17,14,<5
34007603200,EB,18-64,2023,<5,<5,<5
34007603200,EB,18-64,2024,21,16,5
34007603301,EB,18-64,2017,16,14,<5
34007603301,EB,18-64,2018,14,13,<5
34007603301,EB,18-64,2019,19,12,9
34007603301,EB,18-64,2020,20,17,<5
34007603301,EB,18-64,2021,14,14,<5
34007603301,EB,18-64,2022,20,19,<5
34007603301,EB,18-64,2023,23,18,6
34007603301,EB,18-64,2024,18,16,<5
34007603302,EB,18-64,2017,11,8,<5
34007603302,EB,18-64,2018,16,13,5
34007603302,EB,18-64,2019,10,7,<5
34007603302,EB,18-64,2020,6,<5,<5
34007603302,EB,18-64,2021,<5,<5,<5
34007603302,EB,18-64,2022,5,<5,<5
34007603302,EB,18-64,2023,6,5,<5
34007603302,EB,18-64,2024,<5,<5,<5
34007603303,EB,18-64,2017,13,9,<5
34007603303,EB,18-64,2018,13,10,<5
34007603303,EB,18-64,2019,6,<5,<5
34007603303,EB,18-64,2020,<5,<5,0
34007603303,EB,18-64,2021,<5,<5,0
34007603303,EB,18-64,2022,<5,<5,0
34007603303,EB,18-64,2023,<5,<5,0
34007603303,EB,18-64,2024,10,9,<5
34007603400,EB,18-64,2017,15,12,6
34007603400,EB,18-64,2018,12,11,<5
34007603400,EB,18-64,2019,10,7,<5
34007603400,EB,18-64,2020,9,8,<5
34007603400,EB,18-64,2021,17,11,6
34007603400,EB,18-64,2022,13,10,<5
34007603400,EB,18-64,2023,10,6,5
34007603400,EB,18-64,2024,17,14,6
34007603501,EB,18-64,2017,9,7,<5
34007603501,EB,18-64,2018,<5,<5,0
34007603501,EB,18-64,2019,6,5,<5
34007603501,EB,18-64,2020,<5,<5,0
34007603501,EB,18-64,2021,5,5,<5
34007603501,EB,18-64,2022,6,5,<5
34007603501,EB,18-64,2023,7,7,<5
34007603501,EB,18-64,2024,5,<5,<5
34007603503,EB,18-64,2017,<5,<5,<5
34007603503,EB,18-64,2018,<5,<5,0
34007603503,EB,18-64,2019,<5,<5,<5
34007603503,EB,18-64,2020,5,<5,<5
34007603503,EB,18-64,2021,5,<5,<5
34007603503,EB,18-64,2022,<5,<5,0
34007603503,EB,18-64,2023,<5,<5,0
34007603503,EB,18-64,2024,<5,<5,<5
34007603504,EB,18-64,2017,<5,<5,0
34007603504,EB,18-64,2018,<5,<5,<5
34007603504,EB,18-64,2019,6,5,<5
34007603504,EB,18-64,2020,<5,<5,0
34007603504,EB,18-64,2021,<5,<5,<5
34007603504,EB,18-64,2022,<5,<5,<5
34007603504,EB,18-64,2023,<5,<5,<5
34007603504,EB,18-64,2024,<5,<5,0
34007603505,EB,18-64,2017,19,15,6
34007603505,EB,18-64,2018,33,19,15
34007603505,EB,18-64,2019,42,36,13
34007603505,EB,18-64,2020,37,31,9
34007603505,EB,18-64,2021,31,27,10
34007603505,EB,18-64,2022,34,23,14
34007603505,EB,18-64,2023,47,30,24
34007603505,EB,18-64,2024,48,30,25
34007603506,EB,18-64,2017,6,6,<5
34007603506,EB,18-64,2018,<5,<5,0
34007603506,EB,18-64,2019,8,7,<5
34007603506,EB,18-64,2020,5,<5,<5
34007603506,EB,18-64,2021,<5,<5,<5
34007603506,EB,18-64,2022,5,<5,<5
34007603506,EB,18-64,2023,7,7,<5
34007603506,EB,18-64,2024,7,5,<5
34007603507,EB,18-64,2017,<5,<5,0
34007603507,EB,18-64,2018,5,5,<5
34007603507,EB,18-64,2019,8,7,<5
34007603507,EB,18-64,2020,11,9,<5
34007603507,EB,18-64,2021,10,8,<5
34007603507,EB,18-64,2022,10,9,<5
34007603507,EB,18-64,2023,7,<5,7
34007603507,EB,18-64,2024,6,<5,<5
34007603601,EB,18-64,2017,15,10,7
34007603601,EB,18-64,2018,21,13,11
34007603601,EB,18-64,2019,13,8,9
34007603601,EB,18-64,2020,10,5,8
34007603601,EB,18-64,2021,10,6,5
34007603601,EB,18-64,2022,7,6,<5
34007603601,EB,18-64,2023,6,<5,<5
34007603601,EB,18-64,2024,<5,<5,<5
34007603602,EB,18-64,2017,<5,<5,0
34007603602,EB,18-64,2018,<5,0,<5
34007603602,EB,18-64,2019,5,<5,<5
34007603602,EB,18-64,2020,<5,<5,<5
34007603602,EB,18-64,2021,<5,<5,0
34007603602,EB,18-64,2022,<5,<5,0
34007603602,EB,18-64,2023,<5,<5,<5
34007603602,EB,18-64,2024,<5,<5,<5
34007603603,EB,18-64,2017,<5,<5,0
34007603603,EB,18-64,2018,<5,0,<5
34007603603,EB,18-64,2019,<5,<5,<5
34007603603,EB,18-64,2020,<5,<5,<5
34007603603,EB,18-64,2021,<5,0,<5
34007603603,EB,18-64,2022,<5,<5,<5
34007603603,EB,18-64,2023,5,5,<5
34007603603,EB,18-64,2024,<5,<5,<5
34007603700,EB,18-64,2017,13,12,<5
34007603700,EB,18-64,2018,12,11,<5
34007603700,EB,18-64,2019,13,11,<5
34007603700,EB,18-64,2020,15,14,<5
34007603700,EB,18-64,2021,5,<5,<5
34007603700,EB,18-64,2022,14,13,<5
34007603700,EB,18-64,2023,8,7,<5
34007603700,EB,18-64,2024,9,8,<5
34007603800,EB,18-64,2017,8,7,<5
34007603800,EB,18-64,2018,6,<5,<5
34007603800,EB,18-64,2019,<5,<5,0
34007603800,EB,18-64,2020,<5,0,<5
34007603800,EB,18-64,2021,5,5,<5
34007603800,EB,18-64,2022,<5,<5,<5
34007603800,EB,18-64,2023,<5,<5,<5
34007603800,EB,18-64,2024,11,7,<5
34007603901,EB,18-64,2017,7,7,0
34007603901,EB,18-64,2018,<5,<5,0
34007603901,EB,18-64,2019,<5,<5,<5
34007603901,EB,18-64,2020,<5,<5,0
34007603901,EB,18-64,2021,<5,0,<5
34007603901,EB,18-64,2022,6,6,0
34007603901,EB,18-64,2023,5,<5,<5
34007603901,EB,18-64,2024,5,<5,<5
34007603902,EB,18-64,2017,6,<5,<5
34007603902,EB,18-64,2018,<5,<5,<5
34007603902,EB,18-64,2019,6,<5,<5
34007603902,EB,18-64,2020,<5,<5,<5
34007603902,EB,18-64,2021,5,<5,<5
34007603902,EB,18-64,2022,<5,<5,<5
34007603902,EB,18-64,2023,<5,<5,<5
34007603902,EB,18-64,2024,6,5,<5
34007604100,EB,18-64,2017,8,7,<5
34007604100,EB,18-64,2018,10,7,5
34007604100,EB,18-64,2019,9,<5,6
34007604100,EB,18-64,2020,5,<5,<5
34007604100,EB,18-64,2021,8,5,<5
34007604100,EB,18-64,2022,11,8,5
34007604100,EB,18-64,2023,8,8,<5
34007604100,EB,18-64,2024,<5,<5,0
34007604200,EB,18-64,2017,11,7,6
34007604200,EB,18-64,2018,12,9,<5
34007604200,EB,18-64,2019,13,11,<5
34007604200,EB,18-64,2020,7,7,0
34007604200,EB,18-64,2021,8,7,<5
34007604200,EB,18-64,2022,<5,<5,<5
34007604200,EB,18-64,2023,11,10,<5
34007604200,EB,18-64,2024,<5,<5,0
34007604300,EB,18-64,2017,10,6,6
34007604300,EB,18-64,2018,9,7,<5
34007604300,EB,18-64,2019,10,7,<5
34007604300,EB,18-64,2020,<5,<5,0
34007604300,EB,18-64,2021,<5,<5,<5
34007604300,EB,18-64,2022,5,<5,<5
34007604300,EB,18-64,2023,<5,<5,<5
34007604300,EB,18-64,2024,5,<5,<5
34007604400,EB,18-64,2017,<5,<5,<5
34007604400,EB,18-64,2018,6,<5,<5
34007604400,EB,18-64,2019,6,5,<5
34007604400,EB,18-64,2020,<5,<5,<5
34007604400,EB,18-64,2021,<5,0,<5
34007604400,EB,18-64,2022,5,<5,<5
34007604400,EB,18-64,2023,<5,<5,<5
34007604400,EB,18-64,2024,7,6,<5
34007604600,EB,18-64,2017,<5,<5,0
34007604600,EB,18-64,2018,<5,<5,<5
34007604600,EB,18-64,2019,5,5,<5
34007604600,EB,18-64,2020,<5,<5,<5
34007604600,EB,18-64,2021,6,<5,<5
34007604600,EB,18-64,2022,<5,<5,0
34007604600,EB,18-64,2023,5,<5,<5
34007604600,EB,18-64,2024,<5,<5,<5
34007604700,EB,18-64,2017,<5,<5,<5
34007604700,EB,18-64,2018,<5,<5,0
34007604700,EB,18-64,2019,<5,<5,<5
34007604700,EB,18-64,2020,<5,<5,<5
34007604700,EB,18-64,2021,<5,0,<5
34007604700,EB,18-64,2022,<5,<5,<5
34007604700,EB,18-64,2023,<5,<5,<5
34007604700,EB,18-64,2024,<5,0,<5
34007605100,EB,18-64,2017,<5,<5,0
34007605100,EB,18-64,2018,<5,<5,<5
34007605100,EB,18-64,2019,<5,<5,0
34007605100,EB,18-64,2020,<5,<5,<5
34007605100,EB,18-64,2021,<5,<5,0
34007605100,EB,18-64,2022,<5,<5,<5
34007605100,EB,18-64,2023,6,5,<5
34007605100,EB,18-64,2024,7,<5,<5
34007605200,EB,18-64,2017,<5,<5,0
34007605200,EB,18-64,2018,<5,<5,<5
34007605200,EB,18-64,2019,<5,<5,<5
34007605200,EB,18-64,2020,5,<5,<5
34007605200,EB,18-64,2021,<5,<5,<5
34007605200,EB,18-64,2022,<5,<5,0
34007605200,EB,18-64,2023,<5,<5,0
34007605200,EB,18-64,2024,6,<5,5
34007605300,EB,18-64,2017,5,<5,<5
34007605300,EB,18-64,2018,<5,<5,0
34007605300,EB,18-64,2019,6,<5,<5
34007605300,EB,18-64,2020,<5,<5,0
34007605300,EB,18-64,2021,<5,<5,0
34007605300,EB,18-64,2022,5,<5,<5
34007605300,EB,18-64,2023,5,<5,<5
34007605300,EB,18-64,2024,<5,<5,<5
34007605400,EB,18-64,2017,<5,<5,0
34007605400,EB,18-64,2018,<5,<5,<5
34007605400,EB,18-64,2019,<5,<5,<5
34007605400,EB,18-64,2020,<5,<5,<5
34007605400,EB,18-64,2021,<5,<5,0
34007605400,EB,18-64,2023,<5,<5,<5
34007605400,EB,18-64,2024,5,<5,<5
34007605602,EB,18-64,2018,<5,<5,0
34007605602,EB,18-64,2019,<5,<5,<5
34007605602,EB,18-64,2020,<5,<5,0
34007605602,EB,18-64,2021,<5,<5,<5
34007605602,EB,18-64,2022,<5,<5,0
34007605602,EB,18-64,2023,<5,<5,0
34007605602,EB,18-64,2024,<5,0,<5
34007605700,EB,18-64,2017,<5,<5,<5
34007605700,EB,18-64,2018,7,7,0
34007605700,EB,18-64,2019,<5,<5,<5
34007605700,EB,18-64,2020,5,<5,<5
34007605700,EB,18-64,2021,5,<5,<5
34007605700,EB,18-64,2022,<5,<5,<5
34007605700,EB,18-64,2023,<5,<5,0
34007605700,EB,18-64,2024,<5,<5,<5
34007605800,EB,18-64,2017,<5,<5,0
34007605800,EB,18-64,2018,<5,<5,0
34007605800,EB,18-64,2019,<5,<5,0
34007605800,EB,18-64,2021,<5,<5,0
34007605800,EB,18-64,2022,<5,<5,<5
34007605800,EB,18-64,2023,<5,<5,<5
34007605800,EB,18-64,2024,5,5,0
34007605900,EB,18-64,2017,<5,<5,0
34007605900,EB,18-64,2018,<5,<5,0
34007605900,EB,18-64,2020,<5,0,<5
34007605900,EB,18-64,2021,<5,0,<5
34007605900,EB,18-64,2022,<5,<5,<5
34007605900,EB,18-64,2023,<5,<5,0
34007606000,EB,18-64,2017,<5,<5,0
34007606000,EB,18-64,2018,<5,<5,0
34007606000,EB,18-64,2019,<5,<5,<5
34007606000,EB,18-64,2020,<5,<5,<5
34007606000,EB,18-64,2022,<5,<5,<5
34007606000,EB,18-64,2023,<5,<5,0
34007606000,EB,18-64,2024,<5,<5,0
34007606100,EB,18-64,2023,<5,<5,0
34007606200,EB,18-64,2017,<5,<5,0
34007606200,EB,18-64,2019,<5,<5,0
34007606200,EB,18-64,2020,<5,<5,0
34007606200,EB,18-64,2021,<5,<5,0
34007606200,EB,18-64,2022,<5,<5,0
34007606200,EB,18-64,2024,<5,<5,0
34007606300,EB,18-64,2017,<5,<5,<5
34007606300,EB,18-64,2018,<5,<5,0
34007606300,EB,18-64,2019,<5,<5,0
34007606300,EB,18-64,2020,<5,0,<5
34007606300,EB,18-64,2022,<5,<5,0
34007606400,EB,18-64,2017,<5,<5,0
34007606400,EB,18-64,2018,<5,<5,<5
34007606400,EB,18-64,2019,5,<5,<5
34007606400,EB,18-64,2020,<5,<5,0
34007606400,EB,18-64,2021,<5,<5,0
34007606400,EB,18-64,2024,<5,<5,0
34007606500,EB,18-64,2017,12,11,<5
34007606500,EB,18-64,2018,13,11,<5
34007606500,EB,18-64,2019,12,10,<5
34007606500,EB,18-64,2020,9,6,<5
34007606500,EB,18-64,2021,5,<5,<5
34007606500,EB,18-64,2022,13,11,5
34007606500,EB,18-64,2023,9,7,<5
34007606500,EB,18-64,2024,10,8,<5
34007606600,EB,18-64,2017,<5,<5,0
34007606600,EB,18-64,2018,5,<5,<5
34007606600,EB,18-64,2019,5,<5,<5
34007606600,EB,18-64,2020,<5,<5,0
34007606600,EB,18-64,2021,<5,<5,0
34007606600,EB,18-64,2022,<5,<5,0
34007606600,EB,18-64,2023,<5,<5,0
34007606600,EB,18-64,2024,<5,<5,<5
34007606700,EB,18-64,2017,10,9,<5
34007606700,EB,18-64,2018,13,10,<5
34007606700,EB,18-64,2019,7,<5,<5
34007606700,EB,18-64,2020,6,5,<5
34007606700,EB,18-64,2021,12,9,<5
34007606700,EB,18-64,2022,7,5,<5
34007606700,EB,18-64,2023,8,7,<5
34007606700,EB,18-64,2024,7,<5,<5
34007606800,EB,18-64,2017,5,<5,<5
34007606800,EB,18-64,2018,5,5,0
34007606800,EB,18-64,2019,7,7,<5
34007606800,EB,18-64,2020,5,5,<5
34007606800,EB,18-64,2021,<5,<5,<5
34007606800,EB,18-64,2022,7,6,<5
34007606800,EB,18-64,2023,<5,<5,<5
34007606800,EB,18-64,2024,<5,<5,<5
34007607000,EB,18-64,2017,<5,<5,0
34007607000,EB,18-64,2018,8,5,<5
34007607000,EB,18-64,2019,7,6,<5
34007607000,EB,18-64,2020,5,<5,<5
34007607000,EB,18-64,2021,<5,<5,0
34007607000,EB,18-64,2022,10,9,<5
34007607000,EB,18-64,2023,8,5,<5
34007607000,EB,18-64,2024,9,6,<5
34007607100,EB,18-64,2017,8,7,<5
34007607100,EB,18-64,2018,7,5,<5
34007607100,EB,18-64,2019,<5,<5,<5
34007607100,EB,18-64,2020,<5,<5,<5
34007607100,EB,18-64,2021,6,6,<5
34007607100,EB,18-64,2022,7,6,<5
34007607100,EB,18-64,2023,5,<5,<5
34007607100,EB,18-64,2024,6,<5,<5
34007607200,EB,18-64,2017,16,14,<5
34007607200,EB,18-64,2018,14,12,<5
34007607200,EB,18-64,2019,13,9,5
34007607200,EB,18-64,2020,11,10,<5
34007607200,EB,18-64,2021,11,9,<5
34007607200,EB,18-64,2022,9,9,<5
34007607200,EB,18-64,2023,8,6,<5
34007607200,EB,18-64,2024,10,8,<5
34007607300,EB,18-64,2017,8,7,<5
34007607300,EB,18-64,2018,15,14,<5
34007607300,EB,18-64,2019,20,16,6
34007607300,EB,18-64,2020,8,6,<5
34007607300,EB,18-64,2021,13,10,<5
34007607300,EB,18-64,2022,13,11,5
34007607300,EB,18-64,2023,9,6,5
34007607300,EB,18-64,2024,7,7,0
34007607401,EB,18-64,2017,8,8,<5
34007607401,EB,18-64,2018,10,7,<5
34007607401,EB,18-64,2019,12,9,5
34007607401,EB,18-64,2020,11,10,<5
34007607401,EB,18-64,2021,8,8,0
34007607401,EB,18-64,2022,10,8,<5
34007607401,EB,18-64,2023,8,5,<5
34007607401,EB,18-64,2024,8,8,0
34007607402,EB,18-64,2017,8,6,<5
34007607402,EB,18-64,2018,10,8,<5
34007607402,EB,18-64,2019,10,7,<5
34007607402,EB,18-64,2020,6,6,0
34007607402,EB,18-64,2021,8,6,<5
34007607402,EB,18-64,2022,<5,<5,<5
34007607402,EB,18-64,2023,7,6,<5
34007607402,EB,18-64,2024,6,<5,<5
34007607502,EB,18-64,2017,12,7,5
34007607502,EB,18-64,2018,14,9,7
34007607502,EB,18-64,2019,14,11,5
34007607502,EB,18-64,2020,12,7,5
34007607502,EB,18-64,2021,8,5,5
34007607502,EB,18-64,2022,6,6,0
34007607502,EB,18-64,2023,10,7,<5
34007607502,EB,18-64,2024,10,8,<5
34007607503,EB,18-64,2017,9,7,<5
34007607503,EB,18-64,2018,5,<5,<5
34007607503,EB,18-64,2019,11,6,5
34007607503,EB,18-64,2020,14,7,7
34007607503,EB,18-64,2021,13,8,5
34007607503,EB,18-64,2022,8,7,<5
34007607503,EB,18-64,2023,11,8,<5
34007607503,EB,18-64,2024,6,5,<5
34007607504,EB,18-64,2017,<5,<5,0
34007607504,EB,18-64,2018,<5,<5,0
34007607504,EB,18-64,2019,<5,<5,<5
34007607504,EB,18-64,2020,8,6,<5
34007607504,EB,18-64,2021,<5,0,<5
34007607504,EB,18-64,2022,5,<5,<5
34007607504,EB,18-64,2023,<5,<5,<5
34007607504,EB,18-64,2024,<5,<5,0
34007607505,EB,18-64,2017,<5,<5,<5
34007607505,EB,18-64,2018,5,5,<5
34007607505,EB,18-64,2019,<5,<5,<5
34007607505,EB,18-64,2020,<5,<5,<5
34007607505,EB,18-64,2021,<5,<5,<5
34007607505,EB,18-64,2022,<5,<5,<5
34007607505,EB,18-64,2023,<5,<5,0
34007607505,EB,18-64,2024,5,<5,<5
34007607506,EB,18-64,2017,<5,<5,0
34007607506,EB,18-64,2018,<5,<5,<5
34007607506,EB,18-64,2019,15,10,6
34007607506,EB,18-64,2020,6,<5,<5
34007607506,EB,18-64,2021,<5,<5,<5
34007607506,EB,18-64,2022,8,7,<5
34007607506,EB,18-64,2023,<5,<5,<5
34007607506,EB,18-64,2024,6,6,<5
34007607507,EB,18-64,2017,13,9,<5
34007607507,EB,18-64,2018,17,14,<5
34007607507,EB,18-64,2019,16,14,<5
34007607507,EB,18-64,2020,20,12,10
34007607507,EB,18-64,2021,16,12,5
34007607507,EB,18-64,2022,14,10,<5
34007607507,EB,18-64,2023,12,9,<5
34007607507,EB,18-64,2024,9,8,<5
34007607600,EB,18-64,2017,<5,<5,0
34007607600,EB,18-64,2018,<5,<5,0
34007607600,EB,18-64,2019,<5,<5,0
34007607600,EB,18-64,2020,<5,<5,<5
34007607600,EB,18-64,2021,8,<5,5
34007607600,EB,18-64,2022,8,6,<5
34007607600,EB,18-64,2023,5,<5,<5
34007607600,EB,18-64,2024,7,6,<5
34007607701,EB,18-64,2017,22,15,8
34007607701,EB,18-64,2018,22,17,6
34007607701,EB,18-64,2019,33,28,11
34007607701,EB,18-64,2020,26,25,<5
34007607701,EB,18-64,2021,17,13,<5
34007607701,EB,18-64,2022,26,22,8
34007607701,EB,18-64,2023,18,15,6
34007607701,EB,18-64,2024,21,14,7
34007607702,EB,18-64,2017,23,17,6
34007607702,EB,18-64,2018,16,11,5
34007607702,EB,18-64,2019,15,12,<5
34007607702,EB,18-64,2020,9,9,<5
34007607702,EB,18-64,2021,13,9,5
34007607702,EB,18-64,2022,10,9,<5
34007607702,EB,18-64,2023,14,10,5
34007607702,EB,18-64,2024,10,8,<5
34007607801,EB,18-64,2017,26,20,6
34007607801,EB,18-64,2018,18,15,5
34007607801,EB,18-64,2019,28,20,10
34007607801,EB,18-64,2020,19,17,<5
34007607801,EB,18-64,2021,21,15,7
34007607801,EB,18-64,2022,20,17,6
34007607801,EB,18-64,2023,11,9,<5
34007607801,EB,18-64,2024,14,12,<5
34007607802,EB,18-64,2017,9,7,<5
34007607802,EB,18-64,2018,12,8,<5
34007607802,EB,18-64,2019,6,<5,<5
34007607802,EB,18-64,2020,6,<5,<5
34007607802,EB,18-64,2021,5,<5,<5
34007607802,EB,18-64,2022,7,6,<5
34007607802,EB,18-64,2023,9,8,<5
34007607802,EB,18-64,2024,8,8,0
34007607900,EB,18-64,2017,<5,<5,<5
34007607900,EB,18-64,2018,<5,<5,0
34007607900,EB,18-64,2019,5,<5,<5
34007607900,EB,18-64,2020,7,5,<5
34007607900,EB,18-64,2021,<5,<5,<5
34007607900,EB,18-64,2022,<5,<5,0
34007607900,EB,18-64,2024,<5,<5,0
34007608001,EB,18-64,2017,10,9,<5
34007608001,EB,18-64,2018,7,<5,<5
34007608001,EB,18-64,2019,17,15,<5
34007608001,EB,18-64,2020,17,15,<5
34007608001,EB,18-64,2021,9,9,0
34007608001,EB,18-64,2022,5,5,0
34007608001,EB,18-64,2023,10,9,<5
34007608001,EB,18-64,2024,8,7,<5
34007608202,EB,18-64,2017,16,15,<5
34007608202,EB,18-64,2018,11,8,<5
34007608202,EB,18-64,2019,11,7,6
34007608202,EB,18-64,2020,12,10,<5
34007608202,EB,18-64,2021,8,6,<5
34007608202,EB,18-64,2022,12,11,<5
34007608202,EB,18-64,2023,10,10,0
34007608202,EB,18-64,2024,8,7,<5
34007608205,EB,18-64,2017,<5,<5,<5
34007608205,EB,18-64,2018,8,6,<5
34007608205,EB,18-64,2019,<5,<5,<5
34007608205,EB,18-64,2020,<5,<5,0
34007608205,EB,18-64,2021,<5,<5,<5
34007608205,EB,18-64,2022,<5,<5,<5
34007608205,EB,18-64,2023,<5,<5,0
34007608205,EB,18-64,2024,<5,<5,<5
34007608206,EB,18-64,2017,<5,<5,<5
34007608206,EB,18-64,2018,7,7,0
34007608206,EB,18-64,2019,6,<5,<5
34007608206,EB,18-64,2020,7,5,<5
34007608206,EB,18-64,2021,7,6,<5
34007608206,EB,18-64,2022,6,6,<5
34007608206,EB,18-64,2023,6,<5,<5
34007608206,EB,18-64,2024,6,5,<5
34007608209,EB,18-64,2017,13,11,<5
34007608209,EB,18-64,2018,15,13,<5
34007608209,EB,18-64,2019,7,5,<5
34007608209,EB,18-64,2020,5,<5,<5
34007608209,EB,18-64,2021,7,6,<5
34007608209,EB,18-64,2022,7,7,<5
34007608209,EB,18-64,2023,9,8,<5
34007608209,EB,18-64,2024,<5,<5,<5
34007608210,EB,18-64,2017,12,12,0
34007608210,EB,18-64,2018,19,18,<5
34007608210,EB,18-64,2019,15,9,6
34007608210,EB,18-64,2020,8,6,<5
34007608210,EB,18-64,2021,7,7,<5
34007608210,EB,18-64,2022,9,7,<5
34007608210,EB,18-64,2023,6,6,<5
34007608210,EB,18-64,2024,9,9,0
34007608211,EB,18-64,2017,14,12,<5
34007608211,EB,18-64,2018,13,10,<5
34007608211,EB,18-64,2019,17,12,7
34007608211,EB,18-64,2020,16,14,<5
34007608211,EB,18-64,2021,10,10,<5
34007608211,EB,18-64,2022,15,13,<5
34007608211,EB,18-64,2023,9,9,<5
34007608211,EB,18-64,2024,12,7,6
34007608302,EB,18-64,2017,14,11,<5
34007608302,EB,18-64,2018,17,14,<5
34007608302,EB,18-64,2019,22,20,<5
34007608302,EB,18-64,2020,19,17,<5
34007608302,EB,18-64,2021,7,7,0
34007608302,EB,18-64,2022,12,9,5
34007608302,EB,18-64,2023,9,7,<5
34007608302,EB,18-64,2024,8,8,0
34007608303,EB,18-64,2017,7,7,0
34007608303,EB,18-64,2018,10,8,<5
34007608303,EB,18-64,2019,13,10,<5
34007608303,EB,18-64,2020,14,13,<5
34007608303,EB,18-64,2021,6,6,<5
34007608303,EB,18-64,2022,13,13,0
34007608303,EB,18-64,2023,7,5,<5
34007608303,EB,18-64,2024,6,5,<5
34007608304,EB,18-64,2017,14,13,<5
34007608304,EB,18-64,2018,13,12,<5
34007608304,EB,18-64,2019,18,15,<5
34007608304,EB,18-64,2020,14,13,<5
34007608304,EB,18-64,2021,11,9,<5
34007608304,EB,18-64,2022,5,<5,<5
34007608304,EB,18-64,2023,<5,<5,0
34007608304,EB,18-64,2024,<5,<5,<5
34007608401,EB,18-64,2017,11,9,<5
34007608401,EB,18-64,2018,11,10,<5
34007608401,EB,18-64,2019,8,5,<5
34007608401,EB,18-64,2020,8,7,<5
34007608401,EB,18-64,2021,8,7,<5
34007608401,EB,18-64,2022,7,6,<5
34007608401,EB,18-64,2023,9,8,<5
34007608401,EB,18-64,2024,15,14,<5
34007608402,EB,18-64,2017,5,<5,<5
34007608402,EB,18-64,2018,8,6,<5
34007608402,EB,18-64,2019,9,8,<5
34007608402,EB,18-64,2020,9,9,<5
34007608402,EB,18-64,2021,<5,<5,<5
34007608402,EB,18-64,2022,7,7,<5
34007608402,EB,18-64,2023,<5,<5,0
34007608402,EB,18-64,2024,<5,<5,0
34007608403,EB,18-64,2017,20,16,5
34007608403,EB,18-64,2018,19,16,<5
34007608403,EB,18-64,2019,19,12,9
34007608403,EB,18-64,2020,18,16,<5
34007608403,EB,18-64,2021,12,9,<5
34007608403,EB,18-64,2022,<5,<5,<5
34007608403,EB,18-64,2023,10,10,0
34007608403,EB,18-64,2024,16,13,<5
34007608404,EB,18-64,2017,18,15,<5
34007608404,EB,18-64,2018,22,20,<5
34007608404,EB,18-64,2019,9,8,<5
34007608404,EB,18-64,2020,13,13,<5
34007608404,EB,18-64,2021,10,9,<5
34007608404,EB,18-64,2022,15,13,<5
34007608404,EB,18-64,2023,14,11,<5
34007608404,EB,18-64,2024,12,10,<5
34007608503,EB,18-64,2017,9,7,<5
34007608503,EB,18-64,2018,16,13,<5
34007608503,EB,18-64,2019,10,6,<5
34007608503,EB,18-64,2020,9,8,<5
34007608503,EB,18-64,2021,5,5,0
34007608503,EB,18-64,2022,6,5,<5
34007608503,EB,18-64,2023,10,8,<5
34007608503,EB,18-64,2024,8,6,<5
34007608504,EB,18-64,2017,28,20,10
34007608504,EB,18-64,2018,19,14,6
34007608504,EB,18-64,2019,16,13,5
34007608504,EB,18-64,2020,10,8,<5
34007608504,EB,18-64,2021,11,11,0
34007608504,EB,18-64,2022,13,10,<5
34007608504,EB,18-64,2023,12,10,<5
34007608504,EB,18-64,2024,18,16,5
34007608600,EB,18-64,2017,18,15,5
34007608600,EB,18-64,2018,21,16,7
34007608600,EB,18-64,2019,22,15,10
34007608600,EB,18-64,2020,23,19,5
34007608600,EB,18-64,2021,13,12,<5
34007608600,EB,18-64,2022,18,14,<5
34007608600,EB,18-64,2023,19,16,5
34007608600,EB,18-64,2024,11,9,<5
34007608700,EB,18-64,2017,7,6,<5
34007608700,EB,18-64,2018,13,9,5
34007608700,EB,18-64,2019,14,9,7
34007608700,EB,18-64,2020,12,6,6
34007608700,EB,18-64,2021,10,8,<5
34007608700,EB,18-64,2022,10,6,6
34007608700,EB,18-64,2023,7,<5,<5
34007608700,EB,18-64,2024,12,8,5
34007608800,EB,18-64,2017,11,9,<5
34007608800,EB,18-64,2018,7,6,<5
34007608800,EB,18-64,2019,21,9,12
34007608800,EB,18-64,2020,8,5,<5
34007608800,EB,18-64,2021,11,7,5
34007608800,EB,18-64,2022,19,12,9
34007608800,EB,18-64,2023,13,12,<5
34007608800,EB,18-64,2024,12,8,<5
34007608901,EB,18-64,2017,11,8,<5
34007608901,EB,18-64,2018,5,<5,<5
34007608901,EB,18-64,2019,13,6,9
34007608901,EB,18-64,2020,14,11,7
34007608901,EB,18-64,2021,19,10,10
34007608901,EB,18-64,2022,8,6,<5
34007608901,EB,18-64,2023,11,10,<5
34007608901,EB,18-64,2024,13,9,5
34007608903,EB,18-64,2017,5,<5,<5
34007608903,EB,18-64,2018,<5,<5,0
34007608903,EB,18-64,2019,5,<5,<5
34007608903,EB,18-64,2020,5,<5,<5
34007608903,EB,18-64,2021,9,<5,6
34007608903,EB,18-64,2022,6,5,<5
34007608903,EB,18-64,2023,<5,<5,<5
34007608903,EB,18-64,2024,7,<5,5
34007608904,EB,18-64,2017,<5,<5,<5
34007608904,EB,18-64,2018,<5,<5,<5
34007608904,EB,18-64,2019,5,<5,<5
34007608904,EB,18-64,2020,5,<5,<5
34007608904,EB,18-64,2021,<5,<5,0
34007608904,EB,18-64,2022,5,<5,<5
34007608904,EB,18-64,2023,<5,<5,<5
34007608904,EB,18-64,2024,<5,<5,0
34007609000,EB,18-64,2017,<5,<5,<5
34007609000,EB,18-64,2018,<5,<5,<5
34007609000,EB,18-64,2019,7,7,<5
34007609000,EB,18-64,2020,7,7,<5
34007609000,EB,18-64,2021,9,8,<5
34007609000,EB,18-64,2022,8,<5,5
34007609000,EB,18-64,2023,5,5,0
34007609000,EB,18-64,2024,7,7,<5
34007609103,EB,18-64,2017,12,11,<5
34007609103,EB,18-64,2018,7,<5,6
34007609103,EB,18-64,2019,11,5,7
34007609103,EB,18-64,2020,12,8,5
34007609103,EB,18-64,2021,18,10,10
34007609103,EB,18-64,2022,16,9,9
34007609103,EB,18-64,2023,12,9,<5
34007609103,EB,18-64,2024,13,6,8
34007609201,EB,18-64,2017,14,12,<5
34007609201,EB,18-64,2018,12,8,<5
34007609201,EB,18-64,2019,7,5,<5
34007609201,EB,18-64,2020,9,9,0
34007609201,EB,18-64,2021,10,9,<5
34007609201,EB,18-64,2022,8,7,<5
34007609201,EB,18-64,2023,10,7,<5
34007609201,EB,18-64,2024,6,5,<5
34007609202,EB,18-64,2017,19,17,<5
34007609202,EB,18-64,2018,19,14,5
34007609202,EB,18-64,2019,19,12,8
34007609202,EB,18-64,2020,14,11,<5
34007609202,EB,18-64,2021,22,17,6
34007609202,EB,18-64,2022,16,15,<5
34007609202,EB,18-64,2023,18,16,<5
34007609202,EB,18-64,2024,17,14,<5
34007609203,EB,18-64,2017,12,11,<5
34007609203,EB,18-64,2018,11,10,<5
34007609203,EB,18-64,2019,16,11,5
34007609203,EB,18-64,2020,18,15,<5
34007609203,EB,18-64,2021,15,15,0
34007609203,EB,18-64,2022,21,17,7
34007609203,EB,18-64,2023,17,15,<5
34007609203,EB,18-64,2024,16,13,<5
34007609204,EB,18-64,2017,9,6,<5
34007609204,EB,18-64,2018,13,13,<5
34007609204,EB,18-64,2019,23,16,10
34007609204,EB,18-64,2020,15,12,<5
34007609204,EB,18-64,2021,18,12,9
34007609204,EB,18-64,2022,17,13,5
34007609204,EB,18-64,2023,17,14,5
34007609204,EB,18-64,2024,<5,<5,0
34007609205,EB,18-64,2017,7,<5,<5
34007609205,EB,18-64,2018,7,<5,<5
34007609205,EB,18-64,2019,11,8,<5
34007609205,EB,18-64,2020,17,15,<5
34007609205,EB,18-64,2021,11,7,<5
34007609205,EB,18-64,2022,10,5,6
34007609205,EB,18-64,2023,10,7,6
34007609205,EB,18-64,2024,8,7,<5
34007610300,EB,18-64,2017,<5,<5,<5
34007610300,EB,18-64,2018,7,<5,5
34007610300,EB,18-64,2019,6,<5,<5
34007610300,EB,18-64,2020,8,<5,8
34007610300,EB,18-64,2021,6,6,<5
34007610300,EB,18-64,2022,7,5,<5
34007610300,EB,18-64,2023,10,6,<5
34007610300,EB,18-64,2024,11,10,<5
34007610400,EB,18-64,2017,54,33,26
34007610400,EB,18-64,2018,52,38,17
34007610400,EB,18-64,2019,55,44,19
34007610400,EB,18-64,2020,49,40,16
34007610400,EB,18-64,2021,41,26,19
34007610400,EB,18-64,2022,28,23,9
34007610400,EB,18-64,2023,36,27,13
34007610400,EB,18-64,2024,31,24,11
34007610500,EB,18-64,2017,17,15,<5
34007610500,EB,18-64,2018,10,8,<5
34007610500,EB,18-64,2019,15,13,<5
34007610500,EB,18-64,2020,11,10,<5
34007610500,EB,18-64,2021,6,6,<5
34007610500,EB,18-64,2022,9,8,<5
34007610500,EB,18-64,2023,8,7,<5
34007610500,EB,18-64,2024,16,12,7
34007610600,EB,18-64,2017,13,8,8
34007610600,EB,18-64,2018,22,15,9
34007610600,EB,18-64,2019,16,10,8
34007610600,EB,18-64,2020,16,9,8
34007610600,EB,18-64,2021,7,<5,<5
34007610600,EB,18-64,2022,6,6,<5
34007610600,EB,18-64,2023,9,6,<5
34007610600,EB,18-64,2024,<5,<5,<5
34007610800,EB,18-64,2017,23,16,11
34007610800,EB,18-64,2018,16,11,6
34007610800,EB,18-64,2019,18,13,8
34007610800,EB,18-64,2020,11,6,5
34007610800,EB,18-64,2021,15,10,6
34007610800,EB,18-64,2022,10,9,<5
34007610800,EB,18-64,2023,12,11,<5
34007610800,EB,18-64,2024,17,12,6
34007610900,EB,18-64,2017,7,5,<5
34007610900,EB,18-64,2018,5,<5,<5
34007610900,EB,18-64,2019,5,<5,<5
34007610900,EB,18-64,2020,7,<5,<5
34007610900,EB,18-64,2021,<5,<5,<5
34007610900,EB,18-64,2022,<5,<5,<5
34007610900,EB,18-64,2023,<5,<5,0
34007610900,EB,18-64,2024,7,5,<5
34007611000,EB,18-64,2017,15,7,11
34007611000,EB,18-64,2018,14,11,5
34007611000,EB,18-64,2019,14,9,7
34007611000,EB,18-64,2020,21,13,8
34007611000,EB,18-64,2021,20,14,7
34007611000,EB,18-64,2022,23,16,9
34007611000,EB,18-64,2023,18,15,8
34007611000,EB,18-64,2024,15,11,6
34007611100,EB,18-64,2017,<5,<5,<5
34007611100,EB,18-64,2018,10,8,<5
34007611100,EB,18-64,2019,<5,<5,<5
34007611100,EB,18-64,2020,6,5,<5
34007611100,EB,18-64,2021,8,8,<5
34007611100,EB,18-64,2022,<5,<5,<5
34007611100,EB,18-64,2023,<5,<5,<5
34007611100,EB,18-64,2024,9,5,<5
34007611200,EB,18-64,2017,11,9,<5
34007611200,EB,18-64,2018,11,8,<5
34007611200,EB,18-64,2019,16,10,7
34007611200,EB,18-64,2020,11,10,<5
34007611200,EB,18-64,2021,6,6,0
34007611200,EB,18-64,2022,<5,<5,0
34007611200,EB,18-64,2023,7,6,<5
34007611200,EB,18-64,2024,5,5,<5
34007611300,EB,18-64,2017,13,12,<5
34007611300,EB,18-64,2018,15,14,<5
34007611300,EB,18-64,2019,11,6,6
34007611300,EB,18-64,2020,11,10,<5
34007611300,EB,18-64,2021,7,<5,<5
34007611300,EB,18-64,2022,18,14,5
34007611300,EB,18-64,2023,12,9,<5
34007611300,EB,18-64,2024,16,13,<5
34007611400,EB,18-64,2017,13,11,<5
34007611400,EB,18-64,2018,11,9,<5
34007611400,EB,18-64,2019,19,18,<5
34007611400,EB,18-64,2020,10,9,<5
34007611400,EB,18-64,2021,9,8,<5
34007611400,EB,18-64,2022,5,5,0
34007611400,EB,18-64,2023,7,6,<5
34007611400,EB,18-64,2024,7,5,<5
34007611500,EB,18-64,2017,<5,<5,0
34007611500,EB,18-64,2018,<5,<5,0
34007611500,EB,18-64,2019,6,5,<5
34007611500,EB,18-64,2020,<5,<5,<5
34007611500,EB,18-64,2021,<5,<5,0
34007611500,EB,18-64,2022,<5,0,<5
34007611500,EB,18-64,2024,<5,0,<5
34007611600,EB,18-64,2017,24,22,<5
34007611600,EB,18-64,2018,25,19,9
34007611600,EB,18-64,2019,18,12,8
34007611600,EB,18-64,2020,13,9,<5
34007611600,EB,18-64,2021,12,8,7
34007611600,EB,18-64,2022,13,8,6
34007611600,EB,18-64,2023,16,14,<5
34007611600,EB,18-64,2024,10,9,<5
34007611700,EB,18-64,2017,5,<5,<5
34007611700,EB,18-64,2018,6,5,<5
34007611700,EB,18-64,2019,5,<5,<5
34007611700,EB,18-64,2020,5,<5,<5
34007611700,EB,18-64,2021,6,5,<5
34007611700,EB,18-64,2022,<5,<5,<5
34007611700,EB,18-64,2023,<5,<5,<5
34007611700,EB,18-64,2024,<5,<5,<5
34007600200,EB,65+,2017,5,<5,<5
34007600200,EB,65+,2018,7,5,<5
34007600200,EB,65+,2019,<5,<5,<5
34007600200,EB,65+,2020,<5,<5,<5
34007600200,EB,65+,2022,<5,0,<5
34007600200,EB,65+,2023,<5,<5,0
34007600200,EB,65+,2024,<5,<5,<5
34007600400,EB,65+,2017,9,6,<5
34007600400,EB,65+,2018,<5,<5,<5
34007600400,EB,65+,2019,7,<5,6
34007600400,EB,65+,2020,<5,<5,<5
34007600400,EB,65+,2021,<5,<5,<5
34007600400,EB,65+,2022,<5,0,<5
34007600400,EB,65+,2023,<5,0,<5
34007600400,EB,65+,2024,<5,<5,<5
34007600700,EB,65+,2017,<5,<5,<5
34007600700,EB,65+,2018,<5,<5,<5
34007600700,EB,65+,2019,<5,<5,<5
34007600700,EB,65+,2020,<5,0,<5
34007600700,EB,65+,2021,<5,0,<5
34007600700,EB,65+,2024,<5,0,<5
34007600800,EB,65+,2017,33,15,20
34007600800,EB,65+,2018,27,11,22
34007600800,EB,65+,2019,21,<5,18
34007600800,EB,65+,2020,19,9,12
34007600800,EB,65+,2021,7,5,<5
34007600800,EB,65+,2022,5,<5,<5
34007600800,EB,65+,2023,9,<5,7
34007600800,EB,65+,2024,<5,<5,<5
34007600900,EB,65+,2017,5,<5,<5
34007600900,EB,65+,2018,6,<5,5
34007600900,EB,65+,2019,<5,<5,<5
34007600900,EB,65+,2020,<5,<5,<5
34007600900,EB,65+,2021,<5,0,<5
34007600900,EB,65+,2022,<5,<5,<5
34007600900,EB,65+,2023,<5,0,<5
34007600900,EB,65+,2024,<5,<5,<5
34007601000,EB,65+,2017,12,5,7
34007601000,EB,65+,2018,6,<5,<5
34007601000,EB,65+,2019,6,<5,<5
34007601000,EB,65+,2020,6,<5,<5
34007601000,EB,65+,2021,<5,<5,<5
34007601000,EB,65+,2022,<5,<5,<5
34007601000,EB,65+,2023,5,<5,<5
34007601000,EB,65+,2024,<5,<5,<5
34007601101,EB,65+,2017,6,<5,<5
34007601101,EB,65+,2018,<5,0,<5
34007601101,EB,65+,2019,7,<5,<5
34007601101,EB,65+,2020,5,<5,<5
34007601101,EB,65+,2022,<5,0,<5
34007601101,EB,65+,2024,<5,<5,0
34007601102,EB,65+,2017,<5,0,<5
34007601102,EB,65+,2018,<5,<5,<5
34007601102,EB,65+,2019,15,10,8
34007601102,EB,65+,2020,<5,<5,<5
34007601102,EB,65+,2021,5,<5,<5
34007601102,EB,65+,2022,<5,0,<5
34007601102,EB,65+,2023,<5,0,<5
34007601102,EB,65+,2024,<5,<5,<5
34007601200,EB,65+,2017,16,9,10
34007601200,EB,65+,2018,12,<5,8
34007601200,EB,65+,2019,12,6,7
34007601200,EB,65+,2020,5,<5,<5
34007601200,EB,65+,2021,5,<5,<5
34007601200,EB,65+,2022,<5,<5,<5
34007601200,EB,65+,2023,<5,0,<5
34007601200,EB,65+,2024,<5,<5,<5
34007601300,EB,65+,2017,12,6,8
34007601300,EB,65+,2018,12,<5,10
34007601300,EB,65+,2019,16,10,10
34007601300,EB,65+,2020,6,<5,<5
34007601300,EB,65+,2021,<5,<5,<5
34007601300,EB,65+,2022,<5,<5,<5
34007601300,EB,65+,2023,6,<5,<5
34007601300,EB,65+,2024,<5,0,<5
34007601400,EB,65+,2017,19,8,12
34007601400,EB,65+,2018,21,9,16
34007601400,EB,65+,2019,19,11,15
34007601400,EB,65+,2020,10,5,8
34007601400,EB,65+,2021,<5,<5,<5
34007601400,EB,65+,2022,<5,0,<5
34007601400,EB,65+,2023,<5,0,<5
34007601400,EB,65+,2024,<5,<5,<5
34007601500,EB,65+,2017,12,5,8
34007601500,EB,65+,2018,10,7,6
34007601500,EB,65+,2019,13,7,11
34007601500,EB,65+,2020,7,<5,6
34007601500,EB,65+,2021,<5,<5,<5
34007601500,EB,65+,2022,<5,0,<5
34007601500,EB,65+,2023,<5,<5,0
34007601500,EB,65+,2024,<5,<5,<5
34007601600,EB,65+,2017,5,<5,<5
34007601600,EB,65+,2018,<5,<5,<5
34007601600,EB,65+,2019,<5,<5,<5
34007601600,EB,65+,2020,5,<5,5
34007601600,EB,65+,2021,<5,<5,<5
34007601600,EB,65+,2024,<5,0,<5
34007601700,EB,65+,2017,7,<5,6
34007601700,EB,65+,2018,9,<5,8
34007601700,EB,65+,2019,<5,<5,<5
34007601700,EB,65+,2020,5,<5,<5
34007601700,EB,65+,2021,<5,<5,<5
34007601700,EB,65+,2022,5,<5,<5
34007601700,EB,65+,2023,<5,0,<5
34007601700,EB,65+,2024,<5,<5,0
34007601800,EB,65+,2017,<5,0,<5
34007601800,EB,65+,2018,<5,<5,<5
34007601800,EB,65+,2019,<5,<5,<5
34007601800,EB,65+,2020,<5,0,<5
34007601800,EB,65+,2021,<5,<5,0
34007601800,EB,65+,2023,<5,0,<5
34007601900,EB,65+,2017,8,<5,8
34007601900,EB,65+,2018,<5,<5,<5
34007601900,EB,65+,2019,5,<5,5
34007601900,EB,65+,2020,6,<5,5
34007601900,EB,65+,2021,<5,<5,<5
34007601900,EB,65+,2022,<5,<5,<5
34007601900,EB,65+,2023,<5,<5,0
34007601900,EB,65+,2024,<5,<5,<5
34007602000,EB,65+,2017,11,5,7
34007602000,EB,65+,2018,10,7,5
34007602000,EB,65+,2019,13,5,10
34007602000,EB,65+,2020,9,<5,8
34007602000,EB,65+,2021,<5,<5,<5
34007602000,EB,65+,2022,<5,0,<5
34007602000,EB,65+,2023,<5,0,<5
34007602000,EB,65+,2024,5,<5,<5
34007602503,EB,65+,2017,8,<5,6
34007602503,EB,65+,2018,6,<5,<5
34007602503,EB,65+,2019,<5,<5,<5
34007602503,EB,65+,2020,6,<5,5
34007602503,EB,65+,2022,<5,<5,<5
34007602503,EB,65+,2023,<5,0,<5
34007602503,EB,65+,2024,<5,<5,<5
34007602601,EB,65+,2017,9,<5,6
34007602601,EB,65+,2018,7,5,5
34007602601,EB,65+,2019,5,<5,<5
34007602601,EB,65+,2020,<5,<5,<5
34007602601,EB,65+,2021,<5,<5,<5
34007602601,EB,65+,2022,<5,0,<5
34007602601,EB,65+,2023,<5,<5,<5
34007602601,EB,65+,2024,<5,<5,<5
34007602602,EB,65+,2017,7,0,7
34007602602,EB,65+,2018,<5,<5,<5
34007602602,EB,65+,2019,5,<5,5
34007602602,EB,65+,2020,6,<5,5
34007602602,EB,65+,2021,<5,0,<5
34007602602,EB,65+,2022,<5,<5,<5
34007602602,EB,65+,2023,<5,0,<5
34007602602,EB,65+,2024,<5,<5,0
34007602901,EB,65+,2017,21,8,16
34007602901,EB,65+,2018,32,14,24
34007602901,EB,65+,2019,19,6,16
34007602901,EB,65+,2020,9,<5,6
34007602901,EB,65+,2021,6,<5,<5
34007602901,EB,65+,2022,<5,<5,<5
34007602901,EB,65+,2024,<5,<5,0
34007602902,EB,65+,2017,<5,<5,<5
34007602902,EB,65+,2018,11,<5,9
34007602902,EB,65+,2019,5,<5,<5
34007602902,EB,65+,2020,5,<5,<5
34007602902,EB,65+,2021,<5,0,<5
34007602902,EB,65+,2023,<5,<5,0
34007602902,EB,65+,2024,<5,<5,<5
34007603001,EB,65+,2017,11,<5,10
34007603001,EB,65+,2018,7,<5,6
34007603001,EB,65+,2019,7,<5,6
34007603001,EB,65+,2020,5,<5,<5
34007603001,EB,65+,2021,5,<5,<5
34007603001,EB,65+,2022,<5,<5,<5
34007603001,EB,65+,2024,<5,<5,<5
34007603002,EB,65+,2017,10,<5,6
34007603002,EB,65+,2018,12,5,8
34007603002,EB,65+,2019,13,<5,12
34007603002,EB,65+,2020,8,6,<5
34007603002,EB,65+,2021,<5,0,<5
34007603002,EB,65+,2022,<5,<5,<5
34007603002,EB,65+,2023,<5,0,<5
34007603002,EB,65+,2024,<5,<5,0
34007603100,EB,65+,2017,12,<5,9
34007603100,EB,65+,2018,10,<5,8
34007603100,EB,65+,2019,6,<5,5
34007603100,EB,65+,2020,5,<5,<5
34007603100,EB,65+,2021,<5,0,<5
34007603100,EB,65+,2022,<5,<5,<5
34007603100,EB,65+,2023,<5,0,<5
34007603200,EB,65+,2017,96,36,77
34007603200,EB,65+,2018,102,25,86
34007603200,EB,65+,2019,84,29,64
34007603200,EB,65+,2020,45,19,29
34007603200,EB,65+,2021,17,5,13
34007603200,EB,65+,2022,21,5,16
34007603200,EB,65+,2023,19,10,10
34007603200,EB,65+,2024,17,11,7
34007603301,EB,65+,2017,79,28,64
34007603301,EB,65+,2018,72,23,54
34007603301,EB,65+,2019,52,17,45
34007603301,EB,65+,2020,12,5,8
34007603301,EB,65+,2021,11,6,6
34007603301,EB,65+,2022,<5,0,<5
34007603301,EB,65+,2023,7,5,<5
34007603301,EB,65+,2024,5,<5,<5
34007603302,EB,65+,2017,33,16,23
34007603302,EB,65+,2018,40,16,30
34007603302,EB,65+,2019,37,19,22
34007603302,EB,65+,2020,29,12,20
34007603302,EB,65+,2021,29,9,23
34007603302,EB,65+,2022,17,<5,15
34007603302,EB,65+,2023,30,18,20
34007603302,EB,65+,2024,23,11,14
34007603303,EB,65+,2017,44,15,34
34007603303,EB,65+,2018,38,11,31
34007603303,EB,65+,2019,31,8,23
34007603303,EB,65+,2020,11,6,5
34007603303,EB,65+,2021,<5,<5,<5
34007603303,EB,65+,2022,<5,<5,0
34007603303,EB,65+,2023,8,<5,6
34007603303,EB,65+,2024,8,<5,7
34007603400,EB,65+,2017,43,15,30
34007603400,EB,65+,2018,52,21,39
34007603400,EB,65+,2019,58,25,43
34007603400,EB,65+,2020,18,8,12
34007603400,EB,65+,2021,20,6,15
34007603400,EB,65+,2022,18,5,14
34007603400,EB,65+,2023,10,5,5
34007603400,EB,65+,2024,10,<5,6
34007603501,EB,65+,2017,<5,<5,<5
34007603501,EB,65+,2018,5,<5,<5
34007603501,EB,65+,2019,5,<5,<5
34007603501,EB,65+,2020,<5,0,<5
34007603501,EB,65+,2022,<5,<5,0
34007603501,EB,65+,2023,<5,<5,0
34007603501,EB,65+,2024,<5,<5,<5
34007603503,EB,65+,2017,5,<5,<5
34007603503,EB,65+,2018,<5,<5,<5
34007603503,EB,65+,2019,<5,0,<5
34007603503,EB,65+,2020,<5,<5,<5
34007603503,EB,65+,2021,<5,0,<5
34007603503,EB,65+,2024,<5,<5,<5
34007603504,EB,65+,2017,<5,0,<5
34007603504,EB,65+,2018,<5,0,<5
34007603504,EB,65+,2020,<5,<5,<5
34007603504,EB,65+,2021,<5,0,<5
34007603504,EB,65+,2022,<5,<5,<5
34007603504,EB,65+,2023,<5,<5,<5
34007603505,EB,65+,2017,9,<5,7
34007603505,EB,65+,2018,<5,<5,<5
34007603505,EB,65+,2019,5,<5,5
34007603505,EB,65+,2020,<5,<5,<5
34007603505,EB,65+,2023,<5,<5,0
34007603505,EB,65+,2024,<5,<5,<5
34007603506,EB,65+,2017,<5,0,<5
34007603506,EB,65+,2018,<5,<5,<5
34007603506,EB,65+,2019,7,6,<5
34007603506,EB,65+,2020,<5,<5,<5
34007603506,EB,65+,2021,5,<5,<5
34007603506,EB,65+,2022,<5,0,<5
34007603506,EB,65+,2023,<5,<5,<5
34007603506,EB,65+,2024,8,<5,5
34007603507,EB,65+,2017,9,<5,6
34007603507,EB,65+,2018,6,<5,<5
34007603507,EB,65+,2019,9,<5,7
34007603507,EB,65+,2020,<5,<5,<5
34007603507,EB,65+,2021,6,<5,5
34007603507,EB,65+,2022,<5,<5,<5
34007603507,EB,65+,2023,5,<5,<5
34007603507,EB,65+,2024,6,<5,5
34007603601,EB,65+,2017,55,19,43
34007603601,EB,65+,2018,62,30,44
34007603601,EB,65+,2019,54,25,37
34007603601,EB,65+,2020,23,14,13
34007603601,EB,65+,2021,21,8,14
34007603601,EB,65+,2022,16,12,8
34007603601,EB,65+,2023,14,12,<5
34007603601,EB,65+,2024,13,8,6
34007603602,EB,65+,2017,<5,<5,<5
34007603602,EB,65+,2018,<5,<5,<5
34007603602,EB,65+,2019,6,<5,<5
34007603602,EB,65+,2020,<5,<5,<5
34007603602,EB,65+,2024,<5,0,<5
34007603603,EB,65+,2017,<5,0,<5
34007603603,EB,65+,2018,5,<5,<5
34007603603,EB,65+,2019,<5,0,<5
34007603603,EB,65+,2020,<5,0,<5
34007603603,EB,65+,2022,<5,0,<5
34007603700,EB,65+,2017,15,6,10
34007603700,EB,65+,2018,25,8,20
34007603700,EB,65+,2019,39,16,29
34007603700,EB,65+,2020,21,12,9
34007603700,EB,65+,2021,14,6,9
34007603700,EB,65+,2022,15,7,10
34007603700,EB,65+,2023,13,6,11
34007603700,EB,65+,2024,6,<5,<5
34007603800,EB,65+,2017,8,<5,6
34007603800,EB,65+,2018,<5,0,<5
34007603800,EB,65+,2019,<5,<5,<5
34007603800,EB,65+,2020,5,<5,5
34007603800,EB,65+,2023,<5,<5,0
34007603800,EB,65+,2024,<5,0,<5
34007603901,EB,65+,2017,18,5,16
34007603901,EB,65+,2018,26,9,20
34007603901,EB,65+,2019,17,5,15
34007603901,EB,65+,2020,17,5,15
34007603901,EB,65+,2021,<5,<5,0
34007603901,EB,65+,2022,<5,<5,<5
34007603901,EB,65+,2023,<5,<5,0
34007603901,EB,65+,2024,7,<5,<5
34007603902,EB,65+,2017,7,<5,6
34007603902,EB,65+,2018,8,<5,7
34007603902,EB,65+,2019,15,5,12
34007603902,EB,65+,2020,10,5,7
34007603902,EB,65+,2021,<5,0,<5
34007603902,EB,65+,2023,<5,0,<5
34007604100,EB,65+,2017,9,6,5
34007604100,EB,65+,2018,13,9,8
34007604100,EB,65+,2019,12,6,7
34007604100,EB,65+,2020,6,<5,<5
34007604100,EB,65+,2021,5,<5,<5
34007604100,EB,65+,2022,<5,<5,<5
34007604100,EB,65+,2024,<5,0,<5
34007604200,EB,65+,2017,39,19,26
34007604200,EB,65+,2018,38,22,24
34007604200,EB,65+,2019,35,14,27
34007604200,EB,65+,2020,20,10,13
34007604200,EB,65+,2021,<5,<5,<5
34007604200,EB,65+,2022,<5,<5,<5
34007604200,EB,65+,2023,<5,<5,<5
34007604200,EB,65+,2024,<5,<5,<5
34007604300,EB,65+,2017,5,<5,<5
34007604300,EB,65+,2018,5,<5,<5
34007604300,EB,65+,2019,5,<5,<5
34007604300,EB,65+,2020,9,<5,7
34007604300,EB,65+,2021,<5,0,<5
34007604300,EB,65+,2022,<5,<5,<5
34007604300,EB,65+,2023,<5,<5,<5
34007604300,EB,65+,2024,<5,0,<5
34007604400,EB,65+,2017,9,<5,8
34007604400,EB,65+,2018,8,<5,7
34007604400,EB,65+,2019,11,<5,10
34007604400,EB,65+,2020,6,<5,<5
34007604400,EB,65+,2021,<5,<5,0
34007604400,EB,65+,2023,<5,<5,<5
34007604400,EB,65+,2024,<5,<5,<5
34007604600,EB,65+,2017,6,<5,6
34007604600,EB,65+,2018,6,0,6
34007604600,EB,65+,2019,<5,0,<5
34007604600,EB,65+,2020,<5,<5,<5
34007604600,EB,65+,2021,<5,<5,<5
34007604600,EB,65+,2022,<5,0,<5
34007604600,EB,65+,2024,<5,0,<5
34007604700,EB,65+,2017,6,<5,<5
34007604700,EB,65+,2018,7,<5,<5
34007604700,EB,65+,2019,7,<5,6
34007604700,EB,65+,2020,<5,0,<5
34007604700,EB,65+,2024,<5,<5,<5
34007605100,EB,65+,2017,5,<5,<5
34007605100,EB,65+,2018,7,<5,7
34007605100,EB,65+,2019,<5,<5,<5
34007605100,EB,65+,2020,<5,<5,<5
34007605100,EB,65+,2024,<5,0,<5
34007605200,EB,65+,2017,5,<5,<5
34007605200,EB,65+,2018,5,<5,<5
34007605200,EB,65+,2019,<5,<5,<5
34007605200,EB,65+,2020,<5,<5,<5
34007605200,EB,65+,2021,<5,0,<5
34007605200,EB,65+,2023,<5,<5,<5
34007605200,EB,65+,2024,<5,<5,<5
34007605300,EB,65+,2017,<5,<5,<5
34007605300,EB,65+,2018,6,<5,<5
34007605300,EB,65+,2019,5,<5,<5
34007605300,EB,65+,2020,5,<5,<5
34007605300,EB,65+,2023,<5,<5,0
34007605400,EB,65+,2017,7,<5,5
34007605400,EB,65+,2018,9,6,7
34007605400,EB,65+,2019,9,<5,7
34007605400,EB,65+,2020,<5,<5,<5
34007605400,EB,65+,2021,<5,0,<5
34007605400,EB,65+,2022,<5,<5,<5
34007605400,EB,65+,2023,<5,<5,<5
34007605602,EB,65+,2017,7,5,6
34007605602,EB,65+,2018,5,<5,<5
34007605602,EB,65+,2019,<5,0,<5
34007605602,EB,65+,2020,<5,<5,<5
34007605602,EB,65+,2021,<5,<5,<5
34007605700,EB,65+,2017,8,<5,5
34007605700,EB,65+,2018,6,<5,<5
34007605700,EB,65+,2019,6,0,6
34007605700,EB,65+,2020,<5,<5,<5
34007605700,EB,65+,2023,<5,0,<5
34007605700,EB,65+,2024,<5,0,<5
34007605800,EB,65+,2017,8,<5,7
34007605800,EB,65+,2018,5,<5,<5
34007605800,EB,65+,2019,7,5,5
34007605800,EB,65+,2020,<5,<5,<5
34007605800,EB,65+,2021,<5,0,<5
34007605800,EB,65+,2022,<5,0,<5
34007605800,EB,65+,2023,<5,0,<5
34007605800,EB,65+,2024,<5,0,<5
34007605900,EB,65+,2017,<5,0,<5
34007605900,EB,65+,2018,6,0,6
34007605900,EB,65+,2019,<5,0,<5
34007605900,EB,65+,2020,5,<5,5
34007605900,EB,65+,2021,<5,0,<5
34007605900,EB,65+,2023,<5,0,<5
34007606000,EB,65+,2017,5,<5,<5
34007606000,EB,65+,2018,8,<5,5
34007606000,EB,65+,2019,5,<5,<5
34007606000,EB,65+,2020,5,<5,<5
34007606000,EB,65+,2023,<5,<5,0
34007606000,EB,65+,2024,<5,<5,<5
34007606100,EB,65+,2017,<5,<5,0
34007606100,EB,65+,2018,<5,<5,<5
34007606100,EB,65+,2019,<5,<5,<5
34007606100,EB,65+,2020,<5,<5,<5
34007606100,EB,65+,2021,<5,0,<5
34007606200,EB,65+,2017,5,<5,<5
34007606200,EB,65+,2018,8,<5,7
34007606200,EB,65+,2019,<5,0,<5
34007606200,EB,65+,2020,7,<5,6
34007606200,EB,65+,2021,<5,0,<5
34007606200,EB,65+,2022,<5,0,<5
34007606200,EB,65+,2023,<5,0,<5
34007606300,EB,65+,2017,<5,<5,<5
34007606300,EB,65+,2018,<5,<5,<5
34007606300,EB,65+,2019,<5,<5,<5
34007606300,EB,65+,2020,5,<5,<5
34007606300,EB,65+,2021,<5,0,<5
34007606400,EB,65+,2017,12,<5,10
34007606400,EB,65+,2018,15,7,12
34007606400,EB,65+,2019,12,5,9
34007606400,EB,65+,2020,<5,<5,<5
34007606400,EB,65+,2021,5,<5,5
34007606400,EB,65+,2022,<5,<5,<5
34007606400,EB,65+,2023,<5,0,<5
34007606400,EB,65+,2024,8,<5,6
34007606500,EB,65+,2017,10,<5,8
34007606500,EB,65+,2018,9,<5,7
34007606500,EB,65+,2019,12,<5,9
34007606500,EB,65+,2021,<5,<5,<5
34007606500,EB,65+,2022,<5,<5,<5
34007606500,EB,65+,2024,<5,<5,0
34007606600,EB,65+,2017,6,<5,6
34007606600,EB,65+,2018,6,<5,<5
34007606600,EB,65+,2019,8,<5,8
34007606600,EB,65+,2020,5,<5,<5
34007606600,EB,65+,2021,<5,<5,<5
34007606600,EB,65+,2024,<5,<5,0
34007606700,EB,65+,2017,12,5,9
34007606700,EB,65+,2018,10,<5,8
34007606700,EB,65+,2019,10,<5,8
34007606700,EB,65+,2020,<5,0,<5
34007606700,EB,65+,2021,<5,0,<5
34007606700,EB,65+,2022,<5,<5,0
34007606700,EB,65+,2023,<5,<5,<5
34007606700,EB,65+,2024,<5,<5,<5
34007606800,EB,65+,2017,8,<5,8
34007606800,EB,65+,2018,7,<5,5
34007606800,EB,65+,2019,5,<5,5
34007606800,EB,65+,2020,<5,<5,<5
34007606800,EB,65+,2021,<5,<5,<5
34007606800,EB,65+,2023,<5,<5,<5
34007606800,EB,65+,2024,<5,0,<5
34007607000,EB,65+,2017,9,<5,7
34007607000,EB,65+,2018,<5,0,<5
34007607000,EB,65+,2019,7,<5,<5
34007607000,EB,65+,2020,6,<5,<5
34007607000,EB,65+,2021,<5,<5,<5
34007607000,EB,65+,2022,<5,<5,<5
34007607000,EB,65+,2023,<5,<5,<5
34007607000,EB,65+,2024,<5,0,<5
34007607100,EB,65+,2017,7,<5,<5
34007607100,EB,65+,2018,9,<5,8
34007607100,EB,65+,2019,6,<5,<5
34007607100,EB,65+,2020,<5,0,<5
34007607100,EB,65+,2022,<5,<5,0
34007607100,EB,65+,2023,<5,<5,<5
34007607100,EB,65+,2024,<5,0,<5
34007607200,EB,65+,2017,10,<5,9
34007607200,EB,65+,2018,10,<5,9
34007607200,EB,65+,2019,7,<5,5
34007607200,EB,65+,2020,<5,0,<5
34007607200,EB,65+,2021,<5,0,<5
34007607200,EB,65+,2022,<5,<5,<5
34007607200,EB,65+,2023,<5,<5,<5
34007607200,EB,65+,2024,<5,0,<5
34007607300,EB,65+,2017,8,<5,7
34007607300,EB,65+,2018,13,<5,12
34007607300,EB,65+,2019,6,<5,<5
34007607300,EB,65+,2020,<5,<5,<5
34007607300,EB,65+,2021,<5,0,<5
34007607300,EB,65+,2024,<5,<5,<5
34007607401,EB,65+,2017,8,<5,7
34007607401,EB,65+,2018,9,0,9
34007607401,EB,65+,2019,5,<5,<5
34007607401,EB,65+,2020,<5,<5,0
34007607401,EB,65+,2021,<5,<5,0
34007607401,EB,65+,2023,<5,<5,0
34007607401,EB,65+,2024,<5,<5,<5
34007607402,EB,65+,2017,11,0,11
34007607402,EB,65+,2018,8,<5,8
34007607402,EB,65+,2019,5,0,5
34007607402,EB,65+,2020,<5,<5,<5
34007607402,EB,65+,2021,<5,<5,0
34007607402,EB,65+,2023,<5,0,<5
34007607402,EB,65+,2024,<5,<5,<5
34007607502,EB,65+,2017,55,18,43
34007607502,EB,65+,2018,46,9,39
34007607502,EB,65+,2019,52,20,38
34007607502,EB,65+,2020,30,10,21
34007607502,EB,65+,2021,15,7,8
34007607502,EB,65+,2022,17,11,8
34007607502,EB,65+,2023,10,5,5
34007607502,EB,65+,2024,16,12,5
34007607503,EB,65+,2017,44,12,39
34007607503,EB,65+,2018,40,15,34
34007607503,EB,65+,2019,41,18,30
34007607503,EB,65+,2020,14,6,8
34007607503,EB,65+,2021,16,<5,14
34007607503,EB,65+,2022,16,9,8
34007607503,EB,65+,2023,8,7,<5
34007607503,EB,65+,2024,7,5,<5
34007607504,EB,65+,2017,<5,<5,0
34007607504,EB,65+,2018,<5,0,<5
34007607504,EB,65+,2019,6,5,<5
34007607504,EB,65+,2020,<5,<5,<5
34007607504,EB,65+,2022,<5,0,<5
34007607504,EB,65+,2023,<5,<5,<5
34007607504,EB,65+,2024,<5,<5,<5
34007607505,EB,65+,2018,<5,0,<5
34007607505,EB,65+,2019,<5,<5,0
34007607505,EB,65+,2024,<5,0,<5
34007607506,EB,65+,2017,<5,<5,<5
34007607506,EB,65+,2018,<5,<5,<5
34007607506,EB,65+,2019,<5,<5,<5
34007607506,EB,65+,2020,<5,0,<5
34007607506,EB,65+,2021,<5,<5,0
34007607506,EB,65+,2022,<5,0,<5
34007607506,EB,65+,2023,<5,<5,<5
34007607506,EB,65+,2024,<5,<5,<5
34007607507,EB,65+,2017,31,8,26
34007607507,EB,65+,2018,38,11,28
34007607507,EB,65+,2019,33,10,25
34007607507,EB,65+,2020,15,6,10
34007607507,EB,65+,2021,<5,0,<5
34007607507,EB,65+,2022,9,<5,7
34007607507,EB,65+,2023,8,<5,5
34007607507,EB,65+,2024,14,7,9
34007607600,EB,65+,2017,<5,0,<5
34007607600,EB,65+,2018,<5,0,<5
34007607600,EB,65+,2019,<5,<5,<5
34007607600,EB,65+,2020,<5,<5,<5
34007607600,EB,65+,2021,<5,0,<5
34007607600,EB,65+,2022,<5,<5,<5
34007607600,EB,65+,2023,<5,<5,<5
34007607600,EB,65+,2024,<5,0,<5
34007607701,EB,65+,2017,7,0,7
34007607701,EB,65+,2018,5,<5,<5
34007607701,EB,65+,2019,12,<5,10
34007607701,EB,65+,2020,<5,<5,<5
34007607701,EB,65+,2021,<5,<5,0
34007607701,EB,65+,2022,<5,<5,0
34007607701,EB,65+,2023,<5,<5,<5
34007607701,EB,65+,2024,<5,<5,<5
34007607702,EB,65+,2017,6,0,6
34007607702,EB,65+,2018,9,<5,8
34007607702,EB,65+,2019,11,<5,9
34007607702,EB,65+,2020,6,5,<5
34007607702,EB,65+,2021,<5,<5,0
34007607702,EB,65+,2022,<5,<5,<5
34007607702,EB,65+,2023,<5,<5,<5
34007607801,EB,65+,2017,10,<5,9
34007607801,EB,65+,2018,11,<5,8
34007607801,EB,65+,2019,6,0,6
34007607801,EB,65+,2020,<5,<5,<5
34007607801,EB,65+,2021,<5,<5,<5
34007607801,EB,65+,2022,<5,<5,<5
34007607801,EB,65+,2023,<5,<5,<5
34007607801,EB,65+,2024,<5,<5,0
34007607802,EB,65+,2017,6,0,6
34007607802,EB,65+,2018,<5,0,<5
34007607802,EB,65+,2019,5,<5,<5
34007607802,EB,65+,2020,<5,0,<5
34007607802,EB,65+,2021,<5,<5,0
34007607802,EB,65+,2024,<5,<5,0
34007607900,EB,65+,2017,<5,0,<5
34007607900,EB,65+,2018,<5,0,<5
34007607900,EB,65+,2020,<5,0,<5
34007607900,EB,65+,2022,<5,<5,0
34007607900,EB,65+,2024,<5,<5,<5
34007608001,EB,65+,2017,7,<5,5
34007608001,EB,65+,2018,13,<5,12
34007608001,EB,65+,2019,12,<5,10
34007608001,EB,65+,2020,<5,<5,0
34007608001,EB,65+,2021,<5,0,<5
34007608001,EB,65+,2023,<5,<5,0
34007608202,EB,65+,2017,7,<5,6
34007608202,EB,65+,2018,9,<5,7
34007608202,EB,65+,2019,6,<5,6
34007608202,EB,65+,2020,<5,<5,0
34007608202,EB,65+,2021,<5,0,<5
34007608202,EB,65+,2024,<5,<5,<5
34007608205,EB,65+,2017,6,<5,6
34007608205,EB,65+,2018,10,0,10
34007608205,EB,65+,2019,5,0,5
34007608205,EB,65+,2020,<5,<5,<5
34007608205,EB,65+,2023,<5,<5,<5
34007608206,EB,65+,2017,9,<5,7
34007608206,EB,65+,2018,8,<5,5
34007608206,EB,65+,2019,8,<5,5
34007608206,EB,65+,2020,<5,0,<5
34007608206,EB,65+,2021,<5,<5,<5
34007608206,EB,65+,2022,<5,0,<5
34007608206,EB,65+,2023,<5,0,<5
34007608206,EB,65+,2024,<5,0,<5
34007608209,EB,65+,2017,7,<5,7
34007608209,EB,65+,2018,5,<5,<5
34007608209,EB,65+,2019,5,<5,<5
34007608209,EB,65+,2020,<5,0,<5
34007608209,EB,65+,2021,<5,<5,<5
34007608209,EB,65+,2022,<5,<5,0
34007608209,EB,65+,2023,<5,<5,0
34007608209,EB,65+,2024,<5,<5,0
34007608210,EB,65+,2017,<5,<5,<5
34007608210,EB,65+,2018,8,<5,5
34007608210,EB,65+,2019,<5,<5,<5
34007608210,EB,65+,2020,<5,<5,<5
34007608210,EB,65+,2022,<5,0,<5
34007608210,EB,65+,2024,<5,0,<5
34007608211,EB,65+,2017,7,<5,6
34007608211,EB,65+,2018,10,<5,8
34007608211,EB,65+,2019,8,0,8
34007608211,EB,65+,2020,<5,0,<5
34007608211,EB,65+,2021,<5,0,<5
34007608211,EB,65+,2022,<5,<5,<5
34007608211,EB,65+,2023,<5,<5,0
34007608211,EB,65+,2024,<5,0,<5
34007608302,EB,65+,2017,20,<5,17
34007608302,EB,65+,2018,23,<5,20
34007608302,EB,65+,2019,17,5,14
34007608302,EB,65+,2020,<5,<5,<5
34007608302,EB,65+,2021,<5,<5,<5
34007608302,EB,65+,2022,5,<5,<5
34007608302,EB,65+,2023,6,<5,<5
34007608302,EB,65+,2024,5,<5,<5
34007608303,EB,65+,2017,6,<5,5
34007608303,EB,65+,2018,<5,<5,<5
34007608303,EB,65+,2019,<5,0,<5
34007608303,EB,65+,2020,<5,<5,<5
34007608303,EB,65+,2024,<5,0,<5
34007608304,EB,65+,2017,18,7,15
34007608304,EB,65+,2018,16,5,13
34007608304,EB,65+,2019,13,6,7
34007608304,EB,65+,2020,5,<5,<5
34007608304,EB,65+,2021,<5,<5,<5
34007608304,EB,65+,2023,<5,<5,0
34007608304,EB,65+,2024,<5,<5,<5
34007608401,EB,65+,2017,8,<5,8
34007608401,EB,65+,2018,5,0,5
34007608401,EB,65+,2019,<5,0,<5
34007608401,EB,65+,2020,<5,<5,0
34007608401,EB,65+,2023,<5,0,<5
34007608401,EB,65+,2024,<5,0,<5
34007608402,EB,65+,2017,6,<5,6
34007608402,EB,65+,2018,10,<5,8
34007608402,EB,65+,2019,6,<5,5
34007608402,EB,65+,2020,<5,<5,<5
34007608402,EB,65+,2021,<5,<5,<5
34007608402,EB,65+,2022,<5,0,<5
34007608402,EB,65+,2023,<5,<5,0
34007608402,EB,65+,2024,<5,<5,0
34007608403,EB,65+,2017,6,<5,<5
34007608403,EB,65+,2018,7,<5,7
34007608403,EB,65+,2019,6,<5,5
34007608403,EB,65+,2020,<5,0,<5
34007608403,EB,65+,2021,<5,<5,0
34007608403,EB,65+,2022,<5,<5,0
34007608403,EB,65+,2023,<5,0,<5
34007608403,EB,65+,2024,<5,<5,<5
34007608404,EB,65+,2017,8,<5,6
34007608404,EB,65+,2018,11,<5,10
34007608404,EB,65+,2019,13,<5,12
34007608404,EB,65+,2020,<5,<5,<5
34007608404,EB,65+,2021,<5,0,<5
34007608404,EB,65+,2022,<5,<5,<5
34007608404,EB,65+,2023,<5,0,<5
34007608404,EB,65+,2024,6,<5,<5
34007608503,EB,65+,2017,10,<5,9
34007608503,EB,65+,2018,9,<5,7
34007608503,EB,65+,2019,10,<5,9
34007608503,EB,65+,2020,<5,0,<5
34007608503,EB,65+,2021,<5,<5,<5
34007608503,EB,65+,2022,<5,<5,<5
34007608503,EB,65+,2023,<5,<5,0
34007608504,EB,65+,2017,11,<5,10
34007608504,EB,65+,2018,6,<5,<5
34007608504,EB,65+,2019,10,<5,7
34007608504,EB,65+,2020,<5,<5,<5
34007608504,EB,65+,2021,<5,<5,<5
34007608504,EB,65+,2022,<5,<5,<5
34007608504,EB,65+,2023,<5,<5,<5
34007608504,EB,65+,2024,<5,0,<5
34007608600,EB,65+,2017,10,<5,9
34007608600,EB,65+,2018,12,<5,12
34007608600,EB,65+,2019,7,<5,5
34007608600,EB,65+,2020,<5,<5,0
34007608600,EB,65+,2021,5,<5,<5
34007608600,EB,65+,2022,<5,<5,<5
34007608600,EB,65+,2023,<5,<5,0
34007608600,EB,65+,2024,<5,<5,<5
34007608700,EB,65+,2017,14,6,9
34007608700,EB,65+,2018,15,<5,13
34007608700,EB,65+,2019,19,<5,16
34007608700,EB,65+,2020,12,<5,9
34007608700,EB,65+,2021,12,<5,9
34007608700,EB,65+,2022,9,<5,7
34007608700,EB,65+,2023,<5,<5,<5
34007608700,EB,65+,2024,<5,<5,<5
34007608800,EB,65+,2017,<5,0,<5
34007608800,EB,65+,2018,<5,0,<5
34007608800,EB,65+,2019,<5,0,<5
34007608800,EB,65+,2020,<5,<5,<5
34007608800,EB,65+,2021,<5,<5,<5
34007608800,EB,65+,2022,<5,<5,0
34007608800,EB,65+,2023,<5,<5,0
34007608800,EB,65+,2024,<5,<5,<5
34007608901,EB,65+,2017,<5,0,<5
34007608901,EB,65+,2018,<5,0,<5
34007608901,EB,65+,2019,6,<5,5
34007608901,EB,65+,2020,<5,<5,<5
34007608901,EB,65+,2021,<5,<5,0
34007608901,EB,65+,2022,<5,0,<5
34007608901,EB,65+,2023,<5,0,<5
34007608901,EB,65+,2024,<5,<5,<5
34007608903,EB,65+,2018,<5,0,<5
34007608903,EB,65+,2020,<5,<5,<5
34007608903,EB,65+,2022,<5,0,<5
34007608903,EB,65+,2023,<5,<5,0
34007608904,EB,65+,2019,<5,<5,0
34007608904,EB,65+,2020,<5,<5,0
34007608904,EB,65+,2021,<5,0,<5
34007608904,EB,65+,2024,<5,<5,0
34007609000,EB,65+,2017,<5,0,<5
34007609000,EB,65+,2018,<5,<5,0
34007609000,EB,65+,2019,<5,<5,<5
34007609000,EB,65+,2020,<5,<5,<5
34007609000,EB,65+,2021,<5,0,<5
34007609000,EB,65+,2022,<5,0,<5
34007609000,EB,65+,2023,<5,<5,0
34007609000,EB,65+,2024,<5,<5,0
34007609103,EB,65+,2017,5,<5,<5
34007609103,EB,65+,2018,6,<5,6
34007609103,EB,65+,2019,10,<5,7
34007609103,EB,65+,2020,7,<5,<5
34007609103,EB,65+,2021,<5,<5,<5
34007609103,EB,65+,2022,<5,<5,<5
34007609103,EB,65+,2023,<5,<5,<5
34007609103,EB,65+,2024,5,<5,<5
34007609201,EB,65+,2017,6,0,6
34007609201,EB,65+,2018,5,<5,<5
34007609201,EB,65+,2019,<5,0,<5
34007609201,EB,65+,2020,<5,0,<5
34007609201,EB,65+,2021,<5,<5,<5
34007609201,EB,65+,2022,<5,<5,<5
34007609201,EB,65+,2023,<5,<5,0
34007609202,EB,65+,2017,<5,<5,<5
34007609202,EB,65+,2018,9,<5,7
34007609202,EB,65+,2019,6,0,6
34007609202,EB,65+,2020,<5,0,<5
34007609202,EB,65+,2021,<5,<5,<5
34007609202,EB,65+,2022,<5,<5,<5
34007609202,EB,65+,2024,<5,<5,0
34007609203,EB,65+,2017,15,<5,13
34007609203,EB,65+,2018,16,<5,13
34007609203,EB,65+,2019,10,<5,10
34007609203,EB,65+,2020,<5,0,<5
34007609203,EB,65+,2021,<5,0,<5
34007609203,EB,65+,2022,<5,<5,<5
34007609203,EB,65+,2023,8,<5,6
34007609203,EB,65+,2024,<5,<5,<5
34007609204,EB,65+,2017,11,<5,8
34007609204,EB,65+,2018,12,5,9
34007609204,EB,65+,2019,<5,<5,<5
34007609204,EB,65+,2021,<5,0,<5
34007609204,EB,65+,2022,<5,0,<5
34007609204,EB,65+,2023,<5,<5,<5
34007609204,EB,65+,2024,<5,<5,<5
34007609205,EB,65+,2017,<5,<5,<5
34007609205,EB,65+,2018,<5,<5,<5
34007609205,EB,65+,2019,<5,0,<5
34007609205,EB,65+,2021,<5,0,<5
34007609205,EB,65+,2022,<5,0,<5
34007609205,EB,65+,2024,<5,0,<5
34007610300,EB,65+,2017,<5,0,<5
34007610300,EB,65+,2019,<5,0,<5
34007610300,EB,65+,2021,<5,<5,0
34007610300,EB,65+,2022,<5,<5,0
34007610300,EB,65+,2024,<5,<5,0
34007610400,EB,65+,2017,<5,<5,<5
34007610400,EB,65+,2018,<5,<5,0
34007610400,EB,65+,2019,<5,<5,<5
34007610400,EB,65+,2020,<5,<5,<5
34007610400,EB,65+,2021,<5,<5,<5
34007610400,EB,65+,2022,<5,<5,<5
34007610400,EB,65+,2023,5,<5,<5
34007610400,EB,65+,2024,6,6,0
34007610500,EB,65+,2017,16,8,9
34007610500,EB,65+,2018,14,7,10
34007610500,EB,65+,2019,22,7,17
34007610500,EB,65+,2020,10,7,6
34007610500,EB,65+,2021,<5,<5,<5
34007610500,EB,65+,2022,<5,<5,<5
34007610500,EB,65+,2023,<5,0,<5
34007610500,EB,65+,2024,5,<5,<5
34007610600,EB,65+,2017,35,11,28
34007610600,EB,65+,2018,37,19,23
34007610600,EB,65+,2019,28,15,20
34007610600,EB,65+,2020,27,16,13
34007610600,EB,65+,2021,5,<5,<5
34007610600,EB,65+,2022,<5,<5,0
34007610600,EB,65+,2023,7,<5,5
34007610600,EB,65+,2024,<5,<5,<5
34007610800,EB,65+,2017,33,16,26
34007610800,EB,65+,2018,29,14,19
34007610800,EB,65+,2019,24,15,13
34007610800,EB,65+,2020,15,8,8
34007610800,EB,65+,2021,11,6,5
34007610800,EB,65+,2022,7,5,<5
34007610800,EB,65+,2023,6,6,0
34007610800,EB,65+,2024,<5,<5,<5
34007610900,EB,65+,2017,7,<5,7
34007610900,EB,65+,2018,9,6,<5
34007610900,EB,65+,2019,10,<5,7
34007610900,EB,65+,2020,7,<5,5
34007610900,EB,65+,2021,<5,<5,<5
34007610900,EB,65+,2022,<5,0,<5
34007610900,EB,65+,2023,<5,<5,<5
34007610900,EB,65+,2024,<5,<5,<5
34007611000,EB,65+,2017,7,<5,7
34007611000,EB,65+,2018,7,<5,<5
34007611000,EB,65+,2019,5,<5,<5
34007611000,EB,65+,2020,7,<5,6
34007611000,EB,65+,2021,<5,<5,<5
34007611000,EB,65+,2022,<5,<5,<5
34007611000,EB,65+,2023,<5,0,<5
34007611000,EB,65+,2024,<5,<5,0
34007611100,EB,65+,2017,<5,<5,<5
34007611100,EB,65+,2018,6,0,6
34007611100,EB,65+,2019,9,<5,9
34007611100,EB,65+,2020,7,<5,6
34007611100,EB,65+,2021,<5,0,<5
34007611100,EB,65+,2022,<5,0,<5
34007611100,EB,65+,2023,<5,<5,<5
34007611100,EB,65+,2024,<5,0,<5
34007611200,EB,65+,2017,31,<5,30
34007611200,EB,65+,2018,37,10,33
34007611200,EB,65+,2019,36,11,29
34007611200,EB,65+,2020,14,8,8
34007611200,EB,65+,2021,5,<5,<5
34007611200,EB,65+,2022,6,<5,<5
34007611200,EB,65+,2023,<5,<5,<5
34007611200,EB,65+,2024,<5,<5,<5
34007611300,EB,65+,2017,14,7,9
34007611300,EB,65+,2018,15,<5,14
34007611300,EB,65+,2019,7,<5,6
34007611300,EB,65+,2020,<5,<5,<5
34007611300,EB,65+,2021,<5,<5,<5
34007611300,EB,65+,2022,5,<5,<5
34007611300,EB,65+,2023,<5,<5,<5
34007611300,EB,65+,2024,<5,<5,<5
34007611400,EB,65+,2017,5,<5,<5
34007611400,EB,65+,2018,<5,<5,<5
34007611400,EB,65+,2019,6,<5,<5
34007611400,EB,65+,2020,<5,<5,0
34007611400,EB,65+,2021,<5,<5,0
34007611400,EB,65+,2023,<5,<5,0
34007611400,EB,65+,2024,<5,<5,<5
34007611500,EB,65+,2017,<5,0,<5
34007611500,EB,65+,2018,<5,0,<5
34007611500,EB,65+,2019,<5,0,<5
34007611500,EB,65+,2021,<5,<5,<5
34007611500,EB,65+,2022,<5,0,<5
34007611500,EB,65+,2024,<5,<5,0
34007611600,EB,65+,2017,12,7,6
34007611600,EB,65+,2018,11,<5,10
34007611600,EB,65+,2019,15,<5,14
34007611600,EB,65+,2020,8,<5,<5
34007611600,EB,65+,2021,<5,0,<5
34007611600,EB,65+,2022,<5,<5,<5
34007611600,EB,65+,2023,<5,<5,<5
34007611600,EB,65+,2024,<5,<5,<5
34007611700,EB,65+,2017,6,0,6
34007611700,EB,65+,2018,5,<5,<5
34007611700,EB,65+,2019,<5,<5,<5
34007611700,EB,65+,2020,6,<5,<5
34007611700,EB,65+,2021,<5,<5,0
34007611700,EB,65+,2022,<5,<5,0
34007611700,EB,65+,2023,<5,<5,0
34007611700,EB,65+,2024,<5,0,<5
34007600200,EF,18-64,2017,<5,<5,<5
34007600200,EF,18-64,2018,<5,<5,<5
34007600200,EF,18-64,2019,<5,<5,0
34007600200,EF,18-64,2020,<5,<5,0
34007600200,EF,18-64,2021,<5,<5,<5
34007600200,EF,18-64,2022,<5,<5,<5
34007600200,EF,18-64,2023,<5,<5,0
34007600200,EF,18-64,2024,<5,<5,0
34007600400,EF,18-64,2017,5,<5,<5
34007600400,EF,18-64,2018,<5,<5,0
34007600400,EF,18-64,2019,8,7,<5
34007600400,EF,18-64,2020,6,5,<5
34007600400,EF,18-64,2021,7,6,<5
34007600400,EF,18-64,2022,7,5,<5
34007600400,EF,18-64,2023,7,7,0
34007600400,EF,18-64,2024,<5,<5,0
34007600700,EF,18-64,2018,<5,<5,0
34007600700,EF,18-64,2019,<5,<5,<5
34007600700,EF,18-64,2020,<5,<5,<5
34007600700,EF,18-64,2021,<5,<5,<5
34007600700,EF,18-64,2022,<5,<5,0
34007600700,EF,18-64,2023,<5,<5,<5
34007600700,EF,18-64,2024,<5,<5,0
34007600800,EF,18-64,2017,8,7,<5
34007600800,EF,18-64,2018,14,11,<5
34007600800,EF,18-64,2019,11,9,<5
34007600800,EF,18-64,2020,13,12,<5
34007600800,EF,18-64,2021,7,7,0
34007600800,EF,18-64,2022,8,8,0
34007600800,EF,18-64,2023,6,5,<5
34007600800,EF,18-64,2024,8,7,<5
34007600900,EF,18-64,2017,10,9,<5
34007600900,EF,18-64,2018,5,5,0
34007600900,EF,18-64,2019,9,9,0
34007600900,EF,18-64,2020,8,7,<5
34007600900,EF,18-64,2021,9,7,<5
34007600900,EF,18-64,2022,5,<5,<5
34007600900,EF,18-64,2023,5,<5,<5
34007600900,EF,18-64,2024,<5,<5,<5
34007601000,EF,18-64,2017,<5,<5,0
34007601000,EF,18-64,2018,<5,<5,0
34007601000,EF,18-64,2019,8,7,<5
34007601000,EF,18-64,2020,12,9,<5
34007601000,EF,18-64,2021,7,6,<5
34007601000,EF,18-64,2022,13,11,<5
34007601000,EF,18-64,2023,8,7,<5
34007601000,EF,18-64,2024,10,9,<5
34007601101,EF,18-64,2017,<5,<5,0
34007601101,EF,18-64,2018,<5,<5,0
34007601101,EF,18-64,2019,6,6,0
34007601101,EF,18-64,2020,7,5,<5
34007601101,EF,18-64,2021,5,<5,<5
34007601101,EF,18-64,2022,<5,<5,0
34007601101,EF,18-64,2023,<5,<5,0
34007601101,EF,18-64,2024,6,6,0
34007601102,EF,18-64,2017,6,6,0
34007601102,EF,18-64,2018,8,8,0
34007601102,EF,18-64,2019,<5,<5,<5
34007601102,EF,18-64,2020,7,5,<5
34007601102,EF,18-64,2021,5,5,0
34007601102,EF,18-64,2022,10,9,<5
34007601102,EF,18-64,2023,7,6,<5
34007601102,EF,18-64,2024,6,6,0
34007601200,EF,18-64,2017,8,8,0
34007601200,EF,18-64,2018,6,5,<5
34007601200,EF,18-64,2019,5,<5,<5
34007601200,EF,18-64,2020,9,8,<5
34007601200,EF,18-64,2021,6,<5,<5
34007601200,EF,18-64,2022,8,7,<5
34007601200,EF,18-64,2023,16,13,<5
34007601200,EF,18-64,2024,9,8,<5
34007601300,EF,18-64,2017,7,5,<5
34007601300,EF,18-64,2018,8,7,<5
34007601300,EF,18-64,2019,10,9,<5
34007601300,EF,18-64,2020,11,10,<5
34007601300,EF,18-64,2021,11,10,<5
34007601300,EF,18-64,2022,8,7,<5
34007601300,EF,18-64,2023,14,12,<5
34007601300,EF,18-64,2024,9,7,<5
34007601400,EF,18-64,2017,<5,<5,0
34007601400,EF,18-64,2018,<5,<5,0
34007601400,EF,18-64,2019,10,9,<5
34007601400,EF,18-64,2020,5,5,0
34007601400,EF,18-64,2021,10,10,0
34007601400,EF,18-64,2022,11,11,0
34007601400,EF,18-64,2023,7,6,<5
34007601400,EF,18-64,2024,6,6,0
34007601500,EF,18-64,2017,7,6,<5
34007601500,EF,18-64,2018,9,8,<5
34007601500,EF,18-64,2019,11,10,<5
34007601500,EF,18-64,2020,11,10,<5
34007601500,EF,18-64,2021,17,14,<5
34007601500,EF,18-64,2022,12,12,0
34007601500,EF,18-64,2023,9,8,<5
34007601500,EF,18-64,2024,13,12,<5
34007601600,EF,18-64,2017,6,<5,<5
34007601600,EF,18-64,2018,<5,<5,0
34007601600,EF,18-64,2020,<5,<5,0
34007601600,EF,18-64,2021,<5,<5,0
34007601600,EF,18-64,2022,8,8,0
34007601600,EF,18-64,2023,6,6,0
34007601600,EF,18-64,2024,<5,<5,<5
34007601700,EF,18-64,2017,<5,<5,0
34007601700,EF,18-64,2018,9,6,<5
34007601700,EF,18-64,2019,8,7,<5
34007601700,EF,18-64,2020,5,5,0
34007601700,EF,18-64,2021,9,8,<5
34007601700,EF,18-64,2022,7,7,0
34007601700,EF,18-64,2023,<5,<5,0
34007601700,EF,18-64,2024,6,6,0
34007601800,EF,18-64,2018,<5,<5,0
34007601800,EF,18-64,2019,<5,<5,<5
34007601800,EF,18-64,2021,6,5,<5
34007601800,EF,18-64,2022,<5,0,<5
34007601800,EF,18-64,2023,<5,<5,0
34007601800,EF,18-64,2024,<5,<5,0
34007601900,EF,18-64,2017,<5,<5,0
34007601900,EF,18-64,2018,<5,<5,<5
34007601900,EF,18-64,2019,<5,<5,<5
34007601900,EF,18-64,2020,<5,<5,<5
34007601900,EF,18-64,2021,9,9,0
34007601900,EF,18-64,2022,7,6,<5
34007601900,EF,18-64,2023,8,6,<5
34007601900,EF,18-64,2024,<5,<5,0
34007602000,EF,18-64,2017,<5,<5,<5
34007602000,EF,18-64,2018,9,9,0
34007602000,EF,18-64,2019,16,15,<5
34007602000,EF,18-64,2020,9,8,<5
34007602000,EF,18-64,2021,14,13,<5
34007602000,EF,18-64,2022,16,16,0
34007602000,EF,18-64,2023,22,18,<5
34007602000,EF,18-64,2024,13,12,<5
34007602503,EF,18-64,2017,<5,<5,<5
34007602503,EF,18-64,2018,<5,<5,<5
34007602503,EF,18-64,2019,<5,<5,0
34007602503,EF,18-64,2020,<5,<5,0
34007602503,EF,18-64,2021,<5,<5,0
34007602503,EF,18-64,2022,5,5,0
34007602503,EF,18-64,2023,<5,<5,0
34007602601,EF,18-64,2017,<5,<5,0
34007602601,EF,18-64,2018,<5,<5,0
34007602601,EF,18-64,2019,<5,<5,0
34007602601,EF,18-64,2020,<5,<5,0
34007602601,EF,18-64,2021,<5,<5,<5
34007602601,EF,18-64,2022,5,<5,<5
34007602601,EF,18-64,2023,<5,<5,0
34007602601,EF,18-64,2024,<5,<5,0
34007602602,EF,18-64,2018,6,6,0
34007602602,EF,18-64,2019,<5,<5,0
34007602602,EF,18-64,2020,<5,<5,0
34007602602,EF,18-64,2021,<5,0,<5
34007602602,EF,18-64,2022,<5,<5,<5
34007602602,EF,18-64,2023,5,<5,<5
34007602602,EF,18-64,2024,<5,0,<5
34007602901,EF,18-64,2017,<5,<5,0
34007602901,EF,18-64,2018,<5,<5,0
34007602901,EF,18-64,2019,<5,<5,0
34007602901,EF,18-64,2020,6,5,<5
34007602901,EF,18-64,2021,<5,<5,0
34007602901,EF,18-64,2022,5,5,0
34007602901,EF,18-64,2023,<5,<5,<5
34007602901,EF,18-64,2024,5,<5,<5
34007602902,EF,18-64,2017,<5,<5,<5
34007602902,EF,18-64,2018,5,5,0
34007602902,EF,18-64,2019,<5,<5,<5
34007602902,EF,18-64,2020,<5,<5,0
34007602902,EF,18-64,2021,<5,<5,<5
34007602902,EF,18-64,2022,<5,<5,<5
34007602902,EF,18-64,2023,5,<5,<5
34007602902,EF,18-64,2024,<5,<5,<5
34007603001,EF,18-64,2017,<5,<5,0
34007603001,EF,18-64,2018,6,5,<5
34007603001,EF,18-64,2019,5,5,0
34007603001,EF,18-64,2020,6,5,<5
34007603001,EF,18-64,2021,<5,<5,0
34007603001,EF,18-64,2022,<5,<5,<5
34007603001,EF,18-64,2023,<5,<5,0
34007603001,EF,18-64,2024,<5,<5,<5
34007603002,EF,18-64,2017,6,6,0
34007603002,EF,18-64,2018,5,<5,<5
34007603002,EF,18-64,2019,6,6,0
34007603002,EF,18-64,2020,8,7,<5
34007603002,EF,18-64,2021,8,6,<5
34007603002,EF,18-64,2022,5,<5,<5
34007603002,EF,18-64,2023,8,8,0
34007603002,EF,18-64,2024,<5,<5,<5
34007603100,EF,18-64,2017,<5,<5,<5
34007603100,EF,18-64,2018,5,5,0
34007603100,EF,18-64,2019,<5,<5,<5
34007603100,EF,18-64,2020,<5,<5,<5
34007603100,EF,18-64,2021,<5,<5,0
34007603100,EF,18-64,2022,<5,<5,0
34007603100,EF,18-64,2023,<5,<5,<5
34007603100,EF,18-64,2024,<5,<5,<5
34007603200,EF,18-64,2017,<5,<5,0
34007603200,EF,18-64,2018,<5,<5,0
34007603200,EF,18-64,2019,8,7,<5
34007603200,EF,18-64,2020,5,<5,<5
34007603200,EF,18-64,2021,<5,<5,0
34007603200,EF,18-64,2022,9,8,<5
34007603200,EF,18-64,2023,7,7,0
34007603200,EF,18-64,2024,<5,<5,<5
34007603301,EF,18-64,2017,<5,<5,<5
34007603301,EF,18-64,2019,<5,<5,<5
34007603301,EF,18-64,2020,<5,<5,<5
34007603301,EF,18-64,2021,6,6,0
34007603301,EF,18-64,2022,<5,<5,<5
34007603301,EF,18-64,2023,<5,<5,<5
34007603301,EF,18-64,2024,9,8,<5
34007603302,EF,18-64,2017,<5,0,<5
34007603302,EF,18-64,2018,<5,<5,<5
34007603302,EF,18-64,2019,<5,<5,0
34007603302,EF,18-64,2020,<5,<5,<5
34007603302,EF,18-64,2021,<5,<5,0
34007603302,EF,18-64,2022,<5,<5,<5
34007603302,EF,18-64,2023,<5,<5,<5
34007603302,EF,18-64,2024,<5,<5,<5
34007603303,EF,18-64,2017,<5,<5,<5
34007603303,EF,18-64,2018,<5,<5,<5
34007603303,EF,18-64,2019,<5,<5,0
34007603303,EF,18-64,2021,<5,<5,0
34007603303,EF,18-64,2022,<5,<5,0
34007603303,EF,18-64,2023,<5,<5,0
34007603400,EF,18-64,2017,<5,<5,0
34007603400,EF,18-64,2018,<5,<5,0
34007603400,EF,18-64,2019,<5,<5,0
34007603400,EF,18-64,2020,7,<5,<5
34007603400,EF,18-64,2021,5,<5,<5
34007603400,EF,18-64,2022,5,<5,<5
34007603400,EF,18-64,2023,5,<5,<5
34007603400,EF,18-64,2024,<5,<5,0
34007603501,EF,18-64,2019,<5,<5,0
34007603501,EF,18-64,2020,<5,<5,0
34007603501,EF,18-64,2023,<5,<5,0
34007603501,EF,18-64,2024,<5,<5,<5
34007603503,EF,18-64,2020,<5,<5,0
34007603503,EF,18-64,2021,<5,0,<5
34007603503,EF,18-64,2022,<5,<5,0
34007603503,EF,18-64,2024,<5,<5,<5
34007603504,EF,18-64,2020,<5,<5,0
34007603504,EF,18-64,2021,<5,<5,<5
34007603504,EF,18-64,2023,<5,<5,<5
34007603505,EF,18-64,2017,<5,<5,0
34007603505,EF,18-64,2018,6,5,<5
34007603505,EF,18-64,2019,<5,<5,0
34007603505,EF,18-64,2020,8,7,<5
34007603505,EF,18-64,2021,6,5,<5
34007603505,EF,18-64,2022,12,12,<5
34007603505,EF,18-64,2023,10,10,0
34007603505,EF,18-64,2024,13,13,0
34007603506,EF,18-64,2019,<5,<5,0
34007603506,EF,18-64,2020,<5,<5,0
34007603506,EF,18-64,2021,<5,<5,<5
34007603506,EF,18-64,2022,<5,<5,0
34007603506,EF,18-64,2023,<5,<5,<5
34007603507,EF,18-64,2018,<5,<5,<5
34007603507,EF,18-64,2019,<5,<5,0
34007603507,EF,18-64,2020,<5,<5,0
34007603507,EF,18-64,2021,<5,<5,0
34007603507,EF,18-64,2022,<5,<5,0
34007603507,EF,18-64,2023,<5,<5,0
34007603507,EF,18-64,2024,<5,<5,<5
34007603601,EF,18-64,2017,<5,<5,<5
34007603601,EF,18-64,2018,<5,<5,0
34007603601,EF,18-64,2019,<5,<5,0
34007603601,EF,18-64,2020,<5,<5,0
34007603601,EF,18-64,2021,<5,<5,0
34007603601,EF,18-64,2024,<5,0,<5
34007603602,EF,18-64,2020,<5,<5,0
34007603603,EF,18-64,2017,<5,<5,0
34007603603,EF,18-64,2018,<5,<5,<5
34007603603,EF,18-64,2019,<5,<5,<5
34007603603,EF,18-64,2020,<5,<5,0
34007603603,EF,18-64,2024,<5,<5,<5
34007603700,EF,18-64,2017,<5,<5,<5
34007603700,EF,18-64,2018,<5,<5,0
34007603700,EF,18-64,2019,<5,<5,0
34007603700,EF,18-64,2020,<5,<5,0
34007603700,EF,18-64,2021,<5,<5,0
34007603700,EF,18-64,2022,<5,<5,<5
34007603700,EF,18-64,2023,<5,0,<5
34007603700,EF,18-64,2024,6,6,0
34007603800,EF,18-64,2017,<5,<5,0
34007603800,EF,18-64,2018,<5,<5,<5
34007603800,EF,18-64,2019,<5,<5,0
34007603800,EF,18-64,2020,5,<5,<5
34007603800,EF,18-64,2021,<5,0,<5
34007603800,EF,18-64,2022,<5,<5,0
34007603800,EF,18-64,2023,<5,<5,<5
34007603800,EF,18-64,2024,<5,<5,0
34007603901,EF,18-64,2018,<5,<5,0
34007603901,EF,18-64,2019,<5,<5,0
34007603901,EF,18-64,2020,<5,<5,0
34007603901,EF,18-64,2021,<5,<5,0
34007603901,EF,18-64,2022,<5,<5,0
34007603901,EF,18-64,2023,<5,<5,<5
34007603901,EF,18-64,2024,<5,<5,0
34007603902,EF,18-64,2017,<5,<5,0
34007603902,EF,18-64,2018,<5,<5,0
34007603902,EF,18-64,2019,<5,<5,<5
34007603902,EF,18-64,2020,<5,<5,0
34007603902,EF,18-64,2021,<5,0,<5
34007603902,EF,18-64,2022,<5,<5,<5
34007603902,EF,18-64,2023,<5,<5,0
34007603902,EF,18-64,2024,<5,<5,0
34007604100,EF,18-64,2017,5,<5,<5
34007604100,EF,18-64,2018,<5,<5,0
34007604100,EF,18-64,2019,9,9,0
34007604100,EF,18-64,2020,<5,<5,<5
34007604100,EF,18-64,2021,<5,<5,0
34007604100,EF,18-64,2022,<5,<5,0
34007604100,EF,18-64,2023,5,<5,<5
34007604100,EF,18-64,2024,5,5,0
34007604200,EF,18-64,2017,<5,<5,0
34007604200,EF,18-64,2018,<5,<5,0
34007604200,EF,18-64,2019,<5,<5,0
34007604200,EF,18-64,2020,<5,<5,0
34007604200,EF,18-64,2021,<5,<5,0
34007604200,EF,18-64,2022,<5,<5,<5
34007604200,EF,18-64,2023,<5,<5,0
34007604200,EF,18-64,2024,5,<5,<5
34007604300,EF,18-64,2017,<5,<5,<5
34007604300,EF,18-64,2018,<5,<5,<5
34007604300,EF,18-64,2019,<5,<5,0
34007604300,EF,18-64,2020,<5,<5,0
34007604300,EF,18-64,2022,<5,0,<5
34007604300,EF,18-64,2023,<5,<5,0
34007604300,EF,18-64,2024,<5,<5,0
34007604400,EF,18-64,2017,<5,<5,0
34007604400,EF,18-64,2018,<5,<5,0
34007604400,EF,18-64,2019,<5,<5,0
34007604400,EF,18-64,2020,<5,<5,0
34007604400,EF,18-64,2022,<5,<5,0
34007604400,EF,18-64,2023,<5,<5,0
34007604400,EF,18-64,2024,<5,<5,0
34007604600,EF,18-64,2017,<5,<5,0
34007604600,EF,18-64,2019,<5,0,<5
34007604600,EF,18-64,2022,<5,<5,0
34007604600,EF,18-64,2023,<5,<5,<5
34007604600,EF,18-64,2024,<5,<5,0
34007604700,EF,18-64,2017,<5,<5,<5
34007604700,EF,18-64,2018,<5,<5,<5
34007604700,EF,18-64,2020,5,<5,<5
34007604700,EF,18-64,2022,<5,<5,0
34007604700,EF,18-64,2023,<5,<5,0
34007605100,EF,18-64,2017,<5,<5,0
34007605100,EF,18-64,2019,<5,<5,0
34007605100,EF,18-64,2021,<5,<5,<5
34007605100,EF,18-64,2022,<5,<5,0
34007605100,EF,18-64,2023,<5,<5,0
34007605100,EF,18-64,2024,5,<5,<5
34007605200,EF,18-64,2017,<5,<5,0
34007605200,EF,18-64,2018,<5,0,<5
34007605200,EF,18-64,2019,<5,<5,<5
34007605200,EF,18-64,2020,<5,<5,0
34007605200,EF,18-64,2021,<5,<5,0
34007605200,EF,18-64,2022,<5,<5,<5
34007605200,EF,18-64,2023,<5,<5,0
34007605200,EF,18-64,2024,<5,<5,<5
34007605300,EF,18-64,2018,<5,<5,0
34007605300,EF,18-64,2021,<5,0,<5
34007605300,EF,18-64,2022,<5,<5,<5
34007605300,EF,18-64,2023,<5,<5,0
34007605400,EF,18-64,2017,<5,<5,<5
34007605400,EF,18-64,2018,<5,0,<5
34007605400,EF,18-64,2019,<5,<5,<5
34007605400,EF,18-64,2021,<5,0,<5
34007605400,EF,18-64,2023,<5,0,<5
34007605400,EF,18-64,2024,<5,<5,0
34007605602,EF,18-64,2017,<5,<5,0
34007605602,EF,18-64,2018,<5,<5,0
34007605602,EF,18-64,2019,<5,<5,0
34007605602,EF,18-64,2020,<5,<5,0
34007605602,EF,18-64,2021,<5,<5,<5
34007605602,EF,18-64,2022,<5,<5,0
34007605602,EF,18-64,2023,<5,<5,0
34007605602,EF,18-64,2024,<5,<5,0
34007605700,EF,18-64,2017,<5,<5,<5
34007605700,EF,18-64,2018,<5,<5,0
34007605700,EF,18-64,2022,<5,<5,0
34007605700,EF,18-64,2023,<5,<5,<5
34007605700,EF,18-64,2024,<5,<5,<5
34007605800,EF,18-64,2017,<5,<5,<5
34007605800,EF,18-64,2018,<5,<5,<5
34007605800,EF,18-64,2019,<5,<5,0
34007605800,EF,18-64,2020,<5,<5,0
34007605800,EF,18-64,2022,<5,<5,0
34007605800,EF,18-64,2023,<5,<5,0
34007605800,EF,18-64,2024,<5,<5,0
34007605900,EF,18-64,2018,<5,<5,0
34007605900,EF,18-64,2019,<5,0,<5
34007605900,EF,18-64,2023,<5,<5,0
34007606000,EF,18-64,2018,<5,0,<5
34007606100,EF,18-64,2017,<5,<5,0
34007606100,EF,18-64,2018,<5,<5,0
34007606100,EF,18-64,2021,<5,<5,0
34007606100,EF,18-64,2022,<5,<5,0
34007606100,EF,18-64,2023,<5,<5,0
34007606100,EF,18-64,2024,<5,<5,0
34007606200,EF,18-64,2018,<5,<5,0
34007606200,EF,18-64,2019,<5,<5,0
34007606200,EF,18-64,2020,<5,<5,0
34007606200,EF,18-64,2021,<5,<5,0
34007606300,EF,18-64,2017,<5,0,<5
34007606300,EF,18-64,2020,<5,<5,0
34007606400,EF,18-64,2021,<5,<5,0
34007606400,EF,18-64,2022,<5,<5,0
34007606500,EF,18-64,2017,<5,<5,<5
34007606500,EF,18-64,2018,5,<5,<5
34007606500,EF,18-64,2019,5,<5,<5
34007606500,EF,18-64,2020,<5,<5,0
34007606500,EF,18-64,2021,<5,<5,0
34007606500,EF,18-64,2022,7,5,<5
34007606500,EF,18-64,2023,<5,<5,0
34007606500,EF,18-64,2024,<5,<5,<5
34007606600,EF,18-64,2019,<5,<5,0
34007606600,EF,18-64,2021,<5,<5,0
34007606600,EF,18-64,2022,<5,<5,0
34007606600,EF,18-64,2023,<5,0,<5
34007606700,EF,18-64,2018,<5,<5,0
34007606700,EF,18-64,2019,<5,<5,0
34007606700,EF,18-64,2020,<5,<5,0
34007606700,EF,18-64,2021,<5,<5,0
34007606700,EF,18-64,2022,<5,<5,0
34007606700,EF,18-64,2023,<5,<5,0
34007606700,EF,18-64,2024,<5,<5,0
34007606800,EF,18-64,2018,<5,<5,0
34007606800,EF,18-64,2019,<5,<5,0
34007606800,EF,18-64,2020,<5,<5,0
34007606800,EF,18-64,2021,<5,<5,0
34007606800,EF,18-64,2022,7,7,0
34007606800,EF,18-64,2024,<5,<5,<5
34007607000,EF,18-64,2017,<5,<5,0
34007607000,EF,18-64,2018,<5,<5,<5
34007607000,EF,18-64,2019,<5,<5,<5
34007607000,EF,18-64,2020,5,<5,<5
34007607000,EF,18-64,2021,<5,<5,0
34007607000,EF,18-64,2022,<5,<5,0
34007607000,EF,18-64,2023,<5,<5,0
34007607000,EF,18-64,2024,<5,<5,0
34007607100,EF,18-64,2017,<5,<5,<5
34007607100,EF,18-64,2018,<5,<5,0
34007607100,EF,18-64,2019,<5,<5,0
34007607100,EF,18-64,2022,5,<5,<5
34007607100,EF,18-64,2023,<5,<5,0
34007607100,EF,18-64,2024,<5,<5,<5
34007607200,EF,18-64,2017,<5,<5,0
34007607200,EF,18-64,2018,<5,<5,0
34007607200,EF,18-64,2019,<5,<5,<5
34007607200,EF,18-64,2020,<5,<5,<5
34007607200,EF,18-64,2021,<5,<5,<5
34007607200,EF,18-64,2022,<5,<5,0
34007607200,EF,18-64,2023,<5,<5,0
34007607200,EF,18-64,2024,<5,<5,0
34007607300,EF,18-64,2017,<5,<5,0
34007607300,EF,18-64,2018,<5,<5,0
34007607300,EF,18-64,2019,<5,<5,0
34007607300,EF,18-64,2020,<5,<5,0
34007607300,EF,18-64,2021,<5,<5,0
34007607300,EF,18-64,2022,5,5,0
34007607300,EF,18-64,2023,5,5,0
34007607300,EF,18-64,2024,<5,<5,0
34007607401,EF,18-64,2017,<5,<5,0
34007607401,EF,18-64,2018,<5,0,<5
34007607401,EF,18-64,2019,<5,<5,<5
34007607401,EF,18-64,2020,<5,<5,0
34007607401,EF,18-64,2021,<5,<5,0
34007607401,EF,18-64,2022,<5,<5,<5
34007607401,EF,18-64,2023,<5,<5,<5
34007607401,EF,18-64,2024,<5,<5,0
34007607402,EF,18-64,2017,<5,<5,<5
34007607402,EF,18-64,2018,<5,<5,0
34007607402,EF,18-64,2019,<5,<5,0
34007607402,EF,18-64,2021,<5,0,<5
34007607402,EF,18-64,2022,<5,<5,<5
34007607402,EF,18-64,2023,<5,<5,0
34007607402,EF,18-64,2024,<5,<5,0
34007607502,EF,18-64,2017,<5,<5,<5
34007607502,EF,18-64,2019,<5,<5,0
34007607502,EF,18-64,2020,<5,<5,0
34007607502,EF,18-64,2021,<5,<5,0
34007607502,EF,18-64,2022,<5,<5,0
34007607502,EF,18-64,2023,<5,<5,<5
34007607502,EF,18-64,2024,<5,<5,<5
34007607503,EF,18-64,2017,<5,0,<5
34007607503,EF,18-64,2018,<5,<5,0
34007607503,EF,18-64,2019,<5,<5,<5
34007607503,EF,18-64,2020,<5,<5,<5
34007607503,EF,18-64,2021,<5,<5,0
34007607503,EF,18-64,2022,<5,<5,0
34007607503,EF,18-64,2023,<5,<5,0
34007607503,EF,18-64,2024,<5,<5,<5
34007607504,EF,18-64,2019,<5,<5,0
34007607504,EF,18-64,2020,<5,<5,0
34007607504,EF,18-64,2022,<5,0,<5
34007607504,EF,18-64,2023,<5,0,<5
34007607504,EF,18-64,2024,<5,<5,0
34007607505,EF,18-64,2021,<5,<5,0
34007607505,EF,18-64,2022,<5,<5,<5
34007607505,EF,18-64,2023,<5,<5,0
34007607505,EF,18-64,2024,<5,<5,0
34007607506,EF,18-64,2018,<5,0,<5
34007607506,EF,18-64,2020,<5,<5,0
34007607506,EF,18-64,2021,<5,<5,0
34007607506,EF,18-64,2022,<5,<5,0
34007607506,EF,18-64,2023,<5,<5,<5
34007607507,EF,18-64,2017,<5,<5,<5
34007607507,EF,18-64,2018,<5,<5,<5
34007607507,EF,18-64,2019,<5,<5,0
34007607507,EF,18-64,2020,5,5,0
34007607507,EF,18-64,2021,<5,<5,<5
34007607507,EF,18-64,2022,<5,<5,0
34007607507,EF,18-64,2023,<5,<5,0
34007607507,EF,18-64,2024,<5,<5,0
34007607600,EF,18-64,2019,<5,0,<5
34007607600,EF,18-64,2020,<5,<5,<5
34007607600,EF,18-64,2021,<5,<5,0
34007607600,EF,18-64,2022,<5,0,<5
34007607600,EF,18-64,2023,<5,<5,0
34007607600,EF,18-64,2024,<5,<5,0
34007607701,EF,18-64,2017,<5,<5,0
34007607701,EF,18-64,2018,5,<5,<5
34007607701,EF,18-64,2019,5,5,0
34007607701,EF,18-64,2020,7,6,<5
34007607701,EF,18-64,2021,9,8,<5
34007607701,EF,18-64,2022,5,5,0
34007607701,EF,18-64,2023,7,6,<5
34007607701,EF,18-64,2024,<5,<5,0
34007607702,EF,18-64,2017,<5,<5,0
34007607702,EF,18-64,2018,<5,<5,0
34007607702,EF,18-64,2019,<5,<5,<5
34007607702,EF,18-64,2020,<5,<5,<5
34007607702,EF,18-64,2021,<5,<5,<5
34007607702,EF,18-64,2022,5,<5,<5
34007607702,EF,18-64,2023,<5,<5,0
34007607702,EF,18-64,2024,5,5,0
34007607801,EF,18-64,2017,<5,<5,0
34007607801,EF,18-64,2018,<5,<5,0
34007607801,EF,18-64,2019,<5,<5,0
34007607801,EF,18-64,2020,<5,<5,<5
34007607801,EF,18-64,2021,6,5,<5
34007607801,EF,18-64,2022,5,<5,<5
34007607801,EF,18-64,2023,10,8,<5
34007607801,EF,18-64,2024,<5,<5,<5
34007607802,EF,18-64,2017,<5,<5,0
34007607802,EF,18-64,2018,<5,<5,0
34007607802,EF,18-64,2019,<5,<5,0
34007607802,EF,18-64,2020,<5,<5,0
34007607802,EF,18-64,2021,<5,<5,0
34007607802,EF,18-64,2023,<5,<5,0
34007607802,EF,18-64,2024,<5,<5,0
34007607900,EF,18-64,2023,<5,0,<5
34007607900,EF,18-64,2024,<5,0,<5
34007608001,EF,18-64,2017,<5,<5,0
34007608001,EF,18-64,2018,<5,<5,0
34007608001,EF,18-64,2020,<5,<5,0
34007608001,EF,18-64,2021,<5,<5,<5
34007608001,EF,18-64,2022,<5,<5,0
34007608001,EF,18-64,2023,<5,<5,0
34007608001,EF,18-64,2024,<5,<5,0
34007608202,EF,18-64,2017,<5,<5,0
34007608202,EF,18-64,2018,<5,0,<5
34007608202,EF,18-64,2019,<5,<5,0
34007608202,EF,18-64,2020,5,5,0
34007608202,EF,18-64,2021,5,<5,<5
34007608202,EF,18-64,2022,<5,<5,<5
34007608202,EF,18-64,2023,<5,<5,<5
34007608202,EF,18-64,2024,<5,<5,0
34007608205,EF,18-64,2018,<5,<5,0
34007608205,EF,18-64,2020,<5,<5,0
34007608205,EF,18-64,2021,<5,0,<5
34007608205,EF,18-64,2022,<5,<5,0
34007608205,EF,18-64,2023,<5,<5,0
34007608205,EF,18-64,2024,<5,<5,0
34007608206,EF,18-64,2017,<5,<5,0
34007608206,EF,18-64,2018,<5,<5,0
34007608206,EF,18-64,2021,<5,<5,0
34007608206,EF,18-64,2023,6,6,0
34007608206,EF,18-64,2024,<5,<5,0
34007608209,EF,18-64,2017,<5,<5,<5
34007608209,EF,18-64,2018,<5,<5,0
34007608209,EF,18-64,2019,<5,0,<5
34007608209,EF,18-64,2020,<5,<5,0
34007608209,EF,18-64,2021,<5,<5,0
34007608209,EF,18-64,2022,<5,<5,0
34007608209,EF,18-64,2023,<5,<5,<5
34007608209,EF,18-64,2024,<5,<5,<5
34007608210,EF,18-64,2017,<5,<5,0
34007608210,EF,18-64,2019,7,6,<5
34007608210,EF,18-64,2020,<5,<5,0
34007608210,EF,18-64,2021,<5,<5,0
34007608210,EF,18-64,2022,<5,<5,0
34007608210,EF,18-64,2023,<5,<5,0
34007608210,EF,18-64,2024,7,6,<5
34007608211,EF,18-64,2017,<5,<5,0
34007608211,EF,18-64,2018,<5,<5,0
34007608211,EF,18-64,2019,6,6,0
34007608211,EF,18-64,2020,<5,<5,<5
34007608211,EF,18-64,2021,<5,<5,0
34007608211,EF,18-64,2022,<5,<5,<5
34007608211,EF,18-64,2023,<5,<5,0
34007608211,EF,18-64,2024,<5,<5,0
34007608302,EF,18-64,2017,<5,<5,0
34007608302,EF,18-64,2019,5,<5,<5
34007608302,EF,18-64,2020,<5,<5,<5
34007608302,EF,18-64,2021,<5,<5,0
34007608302,EF,18-64,2022,<5,<5,0
34007608302,EF,18-64,2023,6,6,0
34007608302,EF,18-64,2024,<5,<5,0
34007608303,EF,18-64,2017,<5,<5,<5
34007608303,EF,18-64,2018,<5,<5,0
34007608303,EF,18-64,2022,<5,<5,<5
34007608303,EF,18-64,2023,<5,<5,0
34007608303,EF,18-64,2024,<5,<5,0
34007608304,EF,18-64,2018,<5,<5,<5
34007608304,EF,18-64,2019,<5,<5,0
34007608304,EF,18-64,2020,<5,<5,0
34007608304,EF,18-64,2021,<5,<5,0
34007608304,EF,18-64,2022,<5,<5,0
34007608304,EF,18-64,2023,<5,<5,0
34007608401,EF,18-64,2018,<5,<5,<5
34007608401,EF,18-64,2020,<5,<5,<5
34007608401,EF,18-64,2021,<5,<5,<5
34007608401,EF,18-64,2022,<5,<5,<5
34007608401,EF,18-64,2024,<5,<5,0
34007608402,EF,18-64,2017,<5,<5,0
34007608402,EF,18-64,2018,<5,<5,0
34007608402,EF,18-64,2019,<5,<5,0
34007608402,EF,18-64,2020,<5,<5,0
34007608402,EF,18-64,2021,<5,<5,0
34007608402,EF,18-64,2022,<5,<5,0
34007608402,EF,18-64,2024,<5,<5,0
34007608403,EF,18-64,2018,<5,<5,0
34007608403,EF,18-64,2019,<5,<5,0
34007608403,EF,18-64,2020,<5,<5,0
34007608403,EF,18-64,2021,<5,<5,0
34007608403,EF,18-64,2022,<5,<5,<5
34007608403,EF,18-64,2023,<5,<5,<5
34007608403,EF,18-64,2024,<5,<5,<5
34007608404,EF,18-64,2017,<5,<5,0
34007608404,EF,18-64,2018,<5,<5,0
34007608404,EF,18-64,2019,<5,0,<5
34007608404,EF,18-64,2021,5,<5,<5
34007608404,EF,18-64,2022,<5,<5,<5
34007608404,EF,18-64,2023,5,<5,<5
34007608404,EF,18-64,2024,<5,<5,0
34007608503,EF,18-64,2017,<5,<5,0
34007608503,EF,18-64,2018,<5,<5,0
34007608503,EF,18-64,2019,<5,<5,0
34007608503,EF,18-64,2021,<5,<5,0
34007608503,EF,18-64,2022,<5,<5,0
34007608503,EF,18-64,2023,<5,<5,<5
34007608503,EF,18-64,2024,<5,<5,<5
34007608504,EF,18-64,2017,<5,<5,<5
34007608504,EF,18-64,2019,<5,<5,0
34007608504,EF,18-64,2020,<5,<5,<5
34007608504,EF,18-64,2021,<5,<5,0
34007608504,EF,18-64,2022,6,5,<5
34007608504,EF,18-64,2023,5,<5,<5
34007608504,EF,18-64,2024,7,6,<5
34007608600,EF,18-64,2017,<5,<5,0
34007608600,EF,18-64,2018,<5,<5,<5
34007608600,EF,18-64,2019,<5,<5,0
34007608600,EF,18-64,2020,<5,<5,0
34007608600,EF,18-64,2021,7,5,<5
34007608600,EF,18-64,2022,<5,<5,0
34007608600,EF,18-64,2023,<5,<5,0
34007608600,EF,18-64,2024,7,6,<5
34007608700,EF,18-64,2017,<5,<5,0
34007608700,EF,18-64,2018,<5,<5,<5
34007608700,EF,18-64,2019,<5,<5,<5
34007608700,EF,18-64,2020,<5,<5,0
34007608700,EF,18-64,2021,5,5,0
34007608700,EF,18-64,2022,<5,<5,0
34007608700,EF,18-64,2023,<5,<5,<5
34007608700,EF,18-64,2024,7,6,<5
34007608800,EF,18-64,2018,<5,<5,<5
34007608800,EF,18-64,2019,<5,<5,0
34007608800,EF,18-64,2020,<5,<5,<5
34007608800,EF,18-64,2021,<5,<5,<5
34007608800,EF,18-64,2022,5,<5,<5
34007608800,EF,18-64,2023,<5,<5,0
34007608800,EF,18-64,2024,<5,<5,0
34007608901,EF,18-64,2017,<5,<5,0
34007608901,EF,18-64,2018,<5,<5,<5
34007608901,EF,18-64,2019,<5,<5,<5
34007608901,EF,18-64,2020,<5,<5,0
34007608901,EF,18-64,2021,<5,<5,<5
34007608901,EF,18-64,2022,6,6,0
34007608901,EF,18-64,2023,<5,<5,<5
34007608901,EF,18-64,2024,6,6,<5
34007608903,EF,18-64,2018,<5,<5,0
34007608903,EF,18-64,2019,<5,0,<5
34007608903,EF,18-64,2021,<5,<5,0
34007608903,EF,18-64,2022,<5,0,<5
34007608903,EF,18-64,2024,<5,<5,<5
34007608904,EF,18-64,2019,<5,<5,0
34007608904,EF,18-64,2024,<5,<5,0
34007609000,EF,18-64,2023,<5,<5,<5
34007609000,EF,18-64,2024,<5,<5,<5
34007609103,EF,18-64,2017,<5,<5,0
34007609103,EF,18-64,2018,<5,<5,0
34007609103,EF,18-64,2019,<5,<5,<5
34007609103,EF,18-64,2020,<5,0,<5
34007609103,EF,18-64,2021,<5,<5,<5
34007609103,EF,18-64,2022,<5,<5,0
34007609103,EF,18-64,2023,<5,<5,<5
34007609103,EF,18-64,2024,5,5,0
34007609201,EF,18-64,2017,<5,<5,0
34007609201,EF,18-64,2018,<5,<5,0
34007609201,EF,18-64,2020,<5,<5,0
34007609201,EF,18-64,2021,<5,<5,<5
34007609201,EF,18-64,2022,<5,<5,0
34007609201,EF,18-64,2023,<5,<5,<5
34007609201,EF,18-64,2024,<5,<5,0
34007609202,EF,18-64,2018,<5,<5,<5
34007609202,EF,18-64,2019,7,<5,<5
34007609202,EF,18-64,2020,<5,<5,0
34007609202,EF,18-64,2021,6,6,0
34007609202,EF,18-64,2022,6,5,<5
34007609202,EF,18-64,2023,5,<5,<5
34007609202,EF,18-64,2024,6,5,<5
34007609203,EF,18-64,2017,<5,<5,0
34007609203,EF,18-64,2018,<5,<5,0
34007609203,EF,18-64,2019,<5,<5,0
34007609203,EF,18-64,2021,<5,<5,<5
34007609203,EF,18-64,2022,5,<5,<5
34007609203,EF,18-64,2023,<5,<5,0
34007609203,EF,18-64,2024,6,5,<5
34007609204,EF,18-64,2018,<5,<5,0
34007609204,EF,18-64,2019,<5,<5,<5
34007609204,EF,18-64,2021,<5,<5,0
34007609204,EF,18-64,2022,6,6,0
34007609204,EF,18-64,2023,<5,<5,0
34007609204,EF,18-64,2024,<5,<5,<5
34007609205,EF,18-64,2017,<5,<5,0
34007609205,EF,18-64,2018,<5,<5,0
34007609205,EF,18-64,2019,<5,0,<5
34007609205,EF,18-64,2020,<5,<5,0
34007609205,EF,18-64,2021,<5,<5,0
34007609205,EF,18-64,2022,<5,<5,<5
34007609205,EF,18-64,2023,<5,<5,0
34007609205,EF,18-64,2024,<5,<5,0
34007610300,EF,18-64,2017,<5,<5,<5
34007610300,EF,18-64,2018,<5,<5,<5
34007610300,EF,18-64,2019,<5,<5,0
34007610300,EF,18-64,2020,<5,<5,0
34007610300,EF,18-64,2021,<5,<5,0
34007610300,EF,18-64,2023,<5,<5,0
34007610400,EF,18-64,2017,10,10,0
34007610400,EF,18-64,2018,12,11,<5
34007610400,EF,18-64,2019,9,9,0
34007610400,EF,18-64,2020,12,10,<5
34007610400,EF,18-64,2021,14,14,0
34007610400,EF,18-64,2022,15,13,<5
34007610400,EF,18-64,2023,17,15,<5
34007610400,EF,18-64,2024,18,16,<5
34007610500,EF,18-64,2017,<5,<5,0
34007610500,EF,18-64,2018,7,7,0
34007610500,EF,18-64,2019,9,7,<5
34007610500,EF,18-64,2020,15,12,<5
34007610500,EF,18-64,2021,8,8,0
34007610500,EF,18-64,2022,11,8,<5
34007610500,EF,18-64,2023,7,5,<5
34007610500,EF,18-64,2024,7,5,<5
34007610600,EF,18-64,2017,<5,<5,<5
34007610600,EF,18-64,2018,<5,<5,0
34007610600,EF,18-64,2019,<5,<5,<5
34007610600,EF,18-64,2020,<5,0,<5
34007610600,EF,18-64,2021,<5,<5,<5
34007610600,EF,18-64,2022,<5,<5,0
34007610600,EF,18-64,2023,<5,<5,<5
34007610600,EF,18-64,2024,<5,<5,<5
34007610800,EF,18-64,2017,5,<5,<5
34007610800,EF,18-64,2018,<5,0,<5
34007610800,EF,18-64,2019,<5,<5,0
34007610800,EF,18-64,2020,5,<5,<5
34007610800,EF,18-64,2021,6,5,<5
34007610800,EF,18-64,2022,5,5,0
34007610800,EF,18-64,2023,7,6,<5
34007610800,EF,18-64,2024,<5,<5,<5
34007610900,EF,18-64,2018,<5,<5,<5
34007610900,EF,18-64,2020,<5,<5,<5
34007610900,EF,18-64,2021,<5,<5,0
34007610900,EF,18-64,2022,<5,<5,0
34007610900,EF,18-64,2023,<5,<5,0
34007610900,EF,18-64,2024,<5,<5,0
34007611000,EF,18-64,2017,6,5,<5
34007611000,EF,18-64,2018,8,7,<5
34007611000,EF,18-64,2019,6,5,<5
34007611000,EF,18-64,2020,5,5,0
34007611000,EF,18-64,2021,6,5,<5
34007611000,EF,18-64,2022,7,<5,<5
34007611000,EF,18-64,2023,8,8,0
34007611000,EF,18-64,2024,8,8,0
34007611100,EF,18-64,2019,<5,<5,0
34007611100,EF,18-64,2020,<5,0,<5
34007611100,EF,18-64,2021,<5,<5,<5
34007611100,EF,18-64,2022,<5,<5,0
34007611100,EF,18-64,2023,<5,0,<5
34007611100,EF,18-64,2024,<5,<5,0
34007611200,EF,18-64,2018,<5,<5,0
34007611200,EF,18-64,2019,<5,<5,<5
34007611200,EF,18-64,2020,<5,<5,<5
34007611200,EF,18-64,2021,<5,<5,0
34007611200,EF,18-64,2023,<5,<5,0
34007611200,EF,18-64,2024,<5,<5,0
34007611300,EF,18-64,2018,5,5,0
34007611300,EF,18-64,2019,<5,<5,0
34007611300,EF,18-64,2021,<5,<5,<5
34007611300,EF,18-64,2022,<5,0,<5
34007611300,EF,18-64,2023,5,<5,<5
34007611300,EF,18-64,2024,<5,<5,<5
34007611400,EF,18-64,2017,<5,<5,0
34007611400,EF,18-64,2018,<5,<5,0
34007611400,EF,18-64,2020,<5,<5,0
34007611400,EF,18-64,2021,<5,<5,0
34007611400,EF,18-64,2022,<5,<5,<5
34007611400,EF,18-64,2023,<5,<5,0
34007611400,EF,18-64,2024,<5,0,<5
34007611500,EF,18-64,2020,<5,<5,0
34007611500,EF,18-64,2023,<5,<5,0
34007611600,EF,18-64,2017,7,7,0
34007611600,EF,18-64,2018,<5,<5,0
34007611600,EF,18-64,2019,6,6,0
34007611600,EF,18-64,2020,9,8,<5
34007611600,EF,18-64,2021,<5,<5,<5
34007611600,EF,18-64,2022,<5,<5,0
34007611600,EF,18-64,2023,<5,<5,0
34007611600,EF,18-64,2024,<5,<5,<5
34007611700,EF,18-64,2018,<5,<5,0
34007611700,EF,18-64,2019,<5,<5,0
34007611700,EF,18-64,2020,<5,<5,0
34007611700,EF,18-64,2021,<5,<5,0
34007611700,EF,18-64,2023,<5,<5,<5
34007600200,EF,65+,2017,<5,<5,0
34007600200,EF,65+,2018,<5,<5,0
34007600200,EF,65+,2024,<5,0,<5
34007600400,EF,65+,2017,5,<5,<5
34007600400,EF,65+,2018,<5,<5,<5
34007600400,EF,65+,2019,<5,<5,<5
34007600400,EF,65+,2020,<5,<5,<5
34007600400,EF,65+,2021,<5,<5,<5
34007600400,EF,65+,2022,<5,<5,<5
34007600400,EF,65+,2023,5,<5,<5
34007600400,EF,65+,2024,<5,<5,0
34007600700,EF,65+,2017,<5,<5,0
34007600700,EF,65+,2018,<5,<5,<5
34007600700,EF,65+,2019,<5,<5,0
34007600700,EF,65+,2021,<5,<5,0
34007600700,EF,65+,2022,<5,0,<5
34007600700,EF,65+,2024,<5,<5,0
34007600800,EF,65+,2017,<5,<5,<5
34007600800,EF,65+,2018,8,7,<5
34007600800,EF,65+,2019,<5,<5,<5
34007600800,EF,65+,2020,6,<5,<5
34007600800,EF,65+,2021,11,8,<5
34007600800,EF,65+,2022,5,<5,<5
34007600800,EF,65+,2023,<5,<5,<5
34007600800,EF,65+,2024,6,5,<5
34007600900,EF,65+,2018,<5,0,<5
34007600900,EF,65+,2019,<5,<5,<5
34007600900,EF,65+,2020,<5,<5,0
34007600900,EF,65+,2021,<5,<5,0
34007600900,EF,65+,2022,<5,<5,0
34007600900,EF,65+,2023,<5,<5,<5
34007601000,EF,65+,2017,<5,0,<5
34007601000,EF,65+,2019,<5,<5,0
34007601000,EF,65+,2020,<5,<5,<5
34007601000,EF,65+,2021,<5,0,<5
34007601000,EF,65+,2022,<5,<5,<5
34007601000,EF,65+,2023,<5,<5,<5
34007601000,EF,65+,2024,<5,<5,<5
34007601101,EF,65+,2017,<5,0,<5
34007601101,EF,65+,2018,<5,0,<5
34007601101,EF,65+,2019,<5,0,<5
34007601101,EF,65+,2020,<5,<5,0
34007601101,EF,65+,2021,<5,<5,<5
34007601101,EF,65+,2022,<5,0,<5
34007601101,EF,65+,2023,<5,<5,0
34007601101,EF,65+,2024,<5,<5,0
34007601102,EF,65+,2017,<5,0,<5
34007601102,EF,65+,2018,<5,<5,<5
34007601102,EF,65+,2019,<5,<5,0
34007601102,EF,65+,2020,<5,0,<5
34007601102,EF,65+,2021,7,6,<5
34007601102,EF,65+,2022,5,<5,<5
34007601102,EF,65+,2023,<5,<5,<5
34007601102,EF,65+,2024,6,5,<5
34007601200,EF,65+,2017,<5,<5,0
34007601200,EF,65+,2018,<5,0,<5
34007601200,EF,65+,2019,<5,<5,<5
34007601200,EF,65+,2020,<5,<5,<5
34007601200,EF,65+,2021,<5,0,<5
34007601200,EF,65+,2022,<5,0,<5
34007601200,EF,65+,2023,5,<5,<5
34007601200,EF,65+,2024,<5,<5,<5
34007601300,EF,65+,2017,5,<5,<5
34007601300,EF,65+,2018,<5,<5,<5
34007601300,EF,65+,2019,<5,<5,<5
34007601300,EF,65+,2020,6,<5,5
34007601300,EF,65+,2021,<5,<5,<5
34007601300,EF,65+,2023,6,5,<5
34007601300,EF,65+,2024,<5,<5,<5
34007601400,EF,65+,2017,6,<5,<5
34007601400,EF,65+,2018,5,<5,<5
34007601400,EF,65+,2019,<5,<5,<5
34007601400,EF,65+,2020,<5,<5,<5
34007601400,EF,65+,2021,<5,<5,<5
34007601400,EF,65+,2022,<5,<5,<5
34007601400,EF,65+,2023,<5,<5,<5
34007601400,EF,65+,2024,<5,<5,<5
34007601500,EF,65+,2017,<5,<5,0
34007601500,EF,65+,2018,6,<5,<5
34007601500,EF,65+,2019,<5,<5,<5
34007601500,EF,65+,2020,<5,<5,<5
34007601500,EF,65+,2021,<5,<5,<5
34007601500,EF,65+,2022,11,5,6
34007601500,EF,65+,2023,<5,<5,<5
34007601500,EF,65+,2024,6,5,<5
34007601600,EF,65+,2017,<5,<5,0
34007601600,EF,65+,2019,<5,<5,<5
34007601600,EF,65+,2020,<5,<5,<5
34007601600,EF,65+,2021,<5,0,<5
34007601700,EF,65+,2017,<5,<5,0
34007601700,EF,65+,2018,<5,0,<5
34007601700,EF,65+,2019,<5,0,<5
34007601700,EF,65+,2020,<5,<5,0
34007601700,EF,65+,2021,5,5,0
34007601700,EF,65+,2022,<5,<5,<5
34007601700,EF,65+,2024,<5,<5,<5
34007601800,EF,65+,2017,<5,<5,<5
34007601800,EF,65+,2018,<5,<5,<5
34007601800,EF,65+,2019,<5,<5,<5
34007601800,EF,65+,2020,<5,0,<5
34007601800,EF,65+,2021,<5,<5,<5
34007601800,EF,65+,2022,<5,<5,<5
34007601800,EF,65+,2023,<5,<5,0
34007601900,EF,65+,2017,5,5,0
34007601900,EF,65+,2018,<5,<5,0
34007601900,EF,65+,2019,<5,<5,<5
34007601900,EF,65+,2021,<5,<5,<5
34007601900,EF,65+,2022,<5,<5,0
34007601900,EF,65+,2023,5,<5,<5
34007601900,EF,65+,2024,<5,<5,0
34007602000,EF,65+,2017,<5,<5,0
34007602000,EF,65+,2018,<5,<5,<5
34007602000,EF,65+,2019,<5,<5,<5
34007602000,EF,65+,2020,<5,<5,<5
34007602000,EF,65+,2021,<5,<5,<5
34007602000,EF,65+,2022,<5,<5,0
34007602000,EF,65+,2023,<5,<5,0
34007602000,EF,65+,2024,<5,<5,<5
34007602503,EF,65+,2017,<5,<5,<5
34007602503,EF,65+,2018,<5,<5,<5
34007602503,EF,65+,2019,<5,<5,<5
34007602503,EF,65+,2021,<5,<5,<5
34007602503,EF,65+,2022,<5,<5,<5
34007602503,EF,65+,2023,<5,<5,0
34007602503,EF,65+,2024,<5,<5,<5
34007602601,EF,65+,2017,<5,<5,<5
34007602601,EF,65+,2018,5,<5,<5
34007602601,EF,65+,2019,<5,<5,<5
34007602601,EF,65+,2020,<5,<5,<5
34007602601,EF,65+,2021,<5,<5,<5
34007602601,EF,65+,2024,<5,<5,<5
34007602602,EF,65+,2018,<5,<5,0
34007602602,EF,65+,2019,<5,<5,0
34007602602,EF,65+,2020,<5,0,<5
34007602602,EF,65+,2022,<5,<5,0
34007602602,EF,65+,2023,<5,0,<5
34007602602,EF,65+,2024,<5,<5,0
34007602901,EF,65+,2017,<5,<5,0
34007602901,EF,65+,2018,<5,<5,<5
34007602901,EF,65+,2019,<5,<5,<5
34007602901,EF,65+,2020,7,5,<5
34007602901,EF,65+,2021,<5,0,<5
34007602901,EF,65+,2022,<5,<5,<5
34007602901,EF,65+,2023,<5,0,<5
34007602901,EF,65+,2024,<5,<5,0
34007602902,EF,65+,2017,<5,<5,0
34007602902,EF,65+,2019,<5,<5,0
34007602902,EF,65+,2022,<5,<5,0
34007602902,EF,65+,2023,<5,<5,<5
34007602902,EF,65+,2024,<5,0,<5
34007603001,EF,65+,2018,<5,0,<5
34007603001,EF,65+,2019,<5,<5,<5
34007603001,EF,65+,2020,<5,0,<5
34007603001,EF,65+,2021,<5,0,<5
34007603001,EF,65+,2022,<5,<5,<5
34007603001,EF,65+,2023,<5,<5,<5
34007603002,EF,65+,2017,<5,<5,0
34007603002,EF,65+,2019,<5,<5,<5
34007603002,EF,65+,2020,<5,0,<5
34007603002,EF,65+,2021,<5,<5,<5
34007603002,EF,65+,2022,<5,0,<5
34007603002,EF,65+,2023,<5,<5,<5
34007603100,EF,65+,2017,<5,<5,0
34007603100,EF,65+,2018,<5,<5,<5
34007603100,EF,65+,2019,<5,<5,<5
34007603100,EF,65+,2021,<5,0,<5
34007603100,EF,65+,2022,<5,<5,0
34007603100,EF,65+,2023,<5,0,<5
34007603100,EF,65+,2024,<5,<5,<5
34007603200,EF,65+,2017,5,<5,<5
34007603200,EF,65+,2018,8,<5,<5
34007603200,EF,65+,2019,9,6,<5
34007603200,EF,65+,2020,<5,<5,<5
34007603200,EF,65+,2021,8,0,8
34007603200,EF,65+,2022,9,5,5
34007603200,EF,65+,2023,5,<5,<5
34007603200,EF,65+,2024,7,5,<5
34007603301,EF,65+,2017,6,<5,<5
34007603301,EF,65+,2018,<5,0,<5
34007603301,EF,65+,2019,<5,<5,<5
34007603301,EF,65+,2020,<5,<5,0
34007603301,EF,65+,2021,<5,<5,<5
34007603301,EF,65+,2022,5,<5,<5
34007603301,EF,65+,2023,<5,<5,<5
34007603301,EF,65+,2024,<5,<5,<5
34007603302,EF,65+,2017,<5,0,<5
34007603302,EF,65+,2018,<5,<5,0
34007603302,EF,65+,2019,<5,<5,<5
34007603302,EF,65+,2020,<5,<5,<5
34007603302,EF,65+,2021,7,<5,<5
34007603302,EF,65+,2022,5,<5,<5
34007603302,EF,65+,2023,5,<5,<5
34007603302,EF,65+,2024,<5,<5,<5
34007603303,EF,65+,2018,<5,<5,0
34007603303,EF,65+,2019,<5,0,<5
34007603303,EF,65+,2020,<5,<5,<5
34007603303,EF,65+,2021,6,<5,<5
34007603303,EF,65+,2022,6,<5,<5
34007603303,EF,65+,2023,<5,0,<5
34007603303,EF,65+,2024,<5,<5,0
34007603400,EF,65+,2017,<5,0,<5
34007603400,EF,65+,2018,<5,0,<5
34007603400,EF,65+,2019,6,<5,<5
34007603400,EF,65+,2020,6,<5,<5
34007603400,EF,65+,2021,<5,<5,<5
34007603400,EF,65+,2022,6,<5,5
34007603400,EF,65+,2023,<5,<5,0
34007603400,EF,65+,2024,8,<5,7
34007603501,EF,65+,2017,<5,<5,0
34007603501,EF,65+,2020,<5,0,<5
34007603501,EF,65+,2021,<5,<5,<5
34007603501,EF,65+,2022,<5,<5,0
34007603501,EF,65+,2023,<5,0,<5
34007603501,EF,65+,2024,<5,0,<5
34007603503,EF,65+,2017,<5,0,<5
34007603503,EF,65+,2020,<5,<5,<5
34007603503,EF,65+,2021,<5,<5,<5
34007603503,EF,65+,2023,<5,<5,0
34007603503,EF,65+,2024,<5,<5,<5
34007603504,EF,65+,2019,<5,<5,0
34007603504,EF,65+,2020,<5,0,<5
34007603504,EF,65+,2021,<5,<5,0
34007603504,EF,65+,2023,<5,<5,0
34007603505,EF,65+,2019,<5,<5,0
34007603505,EF,65+,2022,<5,<5,0
34007603505,EF,65+,2023,<5,<5,<5
34007603505,EF,65+,2024,<5,0,<5
34007603506,EF,65+,2017,<5,0,<5
34007603506,EF,65+,2019,7,<5,5
34007603506,EF,65+,2020,<5,0,<5
34007603506,EF,65+,2021,<5,0,<5
34007603506,EF,65+,2022,<5,<5,<5
34007603506,EF,65+,2023,<5,0,<5
34007603506,EF,65+,2024,<5,<5,<5
34007603507,EF,65+,2019,7,<5,5
34007603507,EF,65+,2020,<5,0,<5
34007603507,EF,65+,2021,7,<5,5
34007603507,EF,65+,2024,<5,<5,<5
34007603601,EF,65+,2017,<5,<5,<5
34007603601,EF,65+,2018,<5,<5,<5
34007603601,EF,65+,2019,7,<5,5
34007603601,EF,65+,2020,<5,<5,0
34007603601,EF,65+,2021,<5,<5,<5
34007603601,EF,65+,2022,<5,<5,<5
34007603601,EF,65+,2024,<5,0,<5
34007603602,EF,65+,2019,<5,<5,0
34007603602,EF,65+,2023,<5,0,<5
34007603603,EF,65+,2019,<5,<5,0
34007603603,EF,65+,2020,<5,0,<5
34007603603,EF,65+,2021,<5,<5,0
34007603603,EF,65+,2022,<5,<5,<5
34007603603,EF,65+,2023,<5,0,<5
34007603603,EF,65+,2024,<5,0,<5
34007603700,EF,65+,2017,<5,<5,0
34007603700,EF,65+,2018,<5,0,<5
34007603700,EF,65+,2019,<5,<5,<5
34007603700,EF,65+,2020,<5,<5,<5
34007603700,EF,65+,2021,<5,<5,0
34007603700,EF,65+,2022,<5,0,<5
34007603700,EF,65+,2023,<5,<5,<5
34007603700,EF,65+,2024,<5,0,<5
34007603800,EF,65+,2017,<5,0,<5
34007603800,EF,65+,2018,<5,<5,0
34007603800,EF,65+,2019,<5,<5,0
34007603800,EF,65+,2021,<5,0,<5
34007603800,EF,65+,2022,<5,<5,0
34007603800,EF,65+,2024,<5,0,<5
34007603901,EF,65+,2017,<5,<5,<5
34007603901,EF,65+,2018,<5,0,<5
34007603901,EF,65+,2019,<5,<5,<5
34007603901,EF,65+,2020,5,<5,<5
34007603901,EF,65+,2021,<5,<5,<5
34007603901,EF,65+,2022,<5,0,<5
34007603901,EF,65+,2023,<5,<5,<5
34007603901,EF,65+,2024,7,<5,<5
34007603902,EF,65+,2017,<5,<5,<5
34007603902,EF,65+,2019,<5,<5,<5
34007603902,EF,65+,2020,<5,0,<5
34007603902,EF,65+,2021,<5,0,<5
34007603902,EF,65+,2022,<5,0,<5
34007603902,EF,65+,2023,<5,0,<5
34007603902,EF,65+,2024,<5,<5,0
34007604100,EF,65+,2018,<5,<5,0
34007604100,EF,65+,2019,<5,<5,0
34007604100,EF,65+,2020,<5,<5,<5
34007604100,EF,65+,2021,<5,0,<5
34007604100,EF,65+,2022,<5,<5,<5
34007604100,EF,65+,2023,<5,0,<5
34007604200,EF,65+,2017,<5,<5,0
34007604200,EF,65+,2018,<5,<5,0
34007604200,EF,65+,2019,<5,<5,<5
34007604200,EF,65+,2020,<5,0,<5
34007604200,EF,65+,2022,<5,<5,<5
34007604200,EF,65+,2023,<5,0,<5
34007604200,EF,65+,2024,<5,0,<5
34007604300,EF,65+,2017,<5,<5,0
34007604300,EF,65+,2018,<5,<5,0
34007604300,EF,65+,2019,<5,<5,0
34007604300,EF,65+,2020,<5,<5,<5
34007604300,EF,65+,2021,<5,<5,0
34007604300,EF,65+,2022,<5,0,<5
34007604300,EF,65+,2024,<5,0,<5
34007604400,EF,65+,2017,<5,0,<5
34007604400,EF,65+,2018,<5,<5,<5
34007604400,EF,65+,2019,<5,<5,0
34007604400,EF,65+,2020,<5,<5,<5
34007604400,EF,65+,2022,<5,0,<5
34007604400,EF,65+,2023,<5,0,<5
34007604600,EF,65+,2017,<5,<5,<5
34007604600,EF,65+,2018,<5,<5,0
34007604600,EF,65+,2019,<5,<5,0
34007604600,EF,65+,2023,<5,0,<5
34007604700,EF,65+,2018,<5,0,<5
34007604700,EF,65+,2019,<5,0,<5
34007604700,EF,65+,2022,<5,0,<5
34007605100,EF,65+,2017,<5,<5,0
34007605100,EF,65+,2019,<5,<5,<5
34007605100,EF,65+,2020,<5,<5,<5
34007605100,EF,65+,2021,<5,0,<5
34007605100,EF,65+,2022,<5,0,<5
34007605100,EF,65+,2023,<5,<5,<5
34007605100,EF,65+,2024,<5,<5,<5
34007605200,EF,65+,2017,<5,<5,0
34007605200,EF,65+,2018,<5,<5,<5
34007605200,EF,65+,2019,<5,0,<5
34007605200,EF,65+,2021,<5,<5,<5
34007605200,EF,65+,2022,<5,<5,0
34007605200,EF,65+,2023,<5,0,<5
34007605200,EF,65+,2024,5,<5,<5
34007605300,EF,65+,2021,<5,0,<5
34007605300,EF,65+,2023,<5,<5,0
34007605300,EF,65+,2024,<5,0,<5
34007605400,EF,65+,2018,<5,<5,0
34007605400,EF,65+,2019,<5,<5,<5
34007605400,EF,65+,2020,<5,<5,0
34007605400,EF,65+,2021,<5,<5,0
34007605400,EF,65+,2022,<5,0,<5
34007605400,EF,65+,2023,<5,<5,0
34007605400,EF,65+,2024,<5,<5,0
34007605602,EF,65+,2017,<5,<5,<5
34007605602,EF,65+,2018,<5,<5,0
34007605602,EF,65+,2021,<5,<5,<5
34007605602,EF,65+,2022,<5,0,<5
34007605700,EF,65+,2017,<5,<5,0
34007605700,EF,65+,2018,<5,<5,<5
34007605700,EF,65+,2019,<5,0,<5
34007605700,EF,65+,2020,<5,<5,0
34007605700,EF,65+,2021,<5,0,<5
34007605700,EF,65+,2022,<5,<5,<5
34007605700,EF,65+,2023,<5,0,<5
34007605700,EF,65+,2024,<5,<5,0
34007605800,EF,65+,2017,<5,<5,<5
34007605800,EF,65+,2018,<5,<5,0
34007605800,EF,65+,2020,<5,<5,0
34007605800,EF,65+,2023,<5,0,<5
34007605800,EF,65+,2024,<5,<5,<5
34007605900,EF,65+,2017,<5,<5,0
34007605900,EF,65+,2021,<5,0,<5
34007605900,EF,65+,2024,<5,<5,0
34007606000,EF,65+,2017,<5,0,<5
34007606000,EF,65+,2018,<5,0,<5
34007606000,EF,65+,2019,<5,0,<5
34007606000,EF,65+,2020,<5,0,<5
34007606000,EF,65+,2021,<5,0,<5
34007606000,EF,65+,2022,<5,<5,0
34007606000,EF,65+,2024,<5,<5,<5
34007606100,EF,65+,2018,<5,<5,0
34007606100,EF,65+,2024,<5,<5,0
34007606200,EF,65+,2017,<5,<5,0
34007606200,EF,65+,2018,<5,<5,<5
34007606200,EF,65+,2023,<5,0,<5
34007606200,EF,65+,2024,<5,<5,<5
34007606300,EF,65+,2017,<5,<5,0
34007606300,EF,65+,2019,<5,0,<5
34007606300,EF,65+,2020,<5,<5,0
34007606300,EF,65+,2021,<5,<5,0
34007606300,EF,65+,2022,<5,<5,0
34007606300,EF,65+,2024,<5,0,<5
34007606400,EF,65+,2017,<5,<5,0
34007606400,EF,65+,2018,<5,<5,0
34007606400,EF,65+,2019,<5,0,<5
34007606400,EF,65+,2020,<5,0,<5
34007606400,EF,65+,2022,<5,0,<5
34007606400,EF,65+,2023,<5,0,<5
34007606500,EF,65+,2017,<5,0,<5
34007606500,EF,65+,2019,<5,<5,<5
34007606500,EF,65+,2020,<5,<5,<5
34007606500,EF,65+,2021,<5,0,<5
34007606500,EF,65+,2022,<5,<5,<5
34007606500,EF,65+,2023,<5,<5,0
34007606500,EF,65+,2024,<5,<5,0
34007606600,EF,65+,2017,<5,<5,0
34007606600,EF,65+,2018,<5,<5,<5
34007606600,EF,65+,2019,<5,<5,0
34007606600,EF,65+,2020,<5,<5,<5
34007606600,EF,65+,2021,<5,<5,0
34007606600,EF,65+,2024,<5,0,<5
34007606700,EF,65+,2017,<5,0,<5
34007606700,EF,65+,2018,<5,0,<5
34007606700,EF,65+,2019,<5,<5,<5
34007606700,EF,65+,2020,<5,<5,0
34007606700,EF,65+,2021,<5,0,<5
34007606700,EF,65+,2022,<5,<5,<5
34007606700,EF,65+,2023,<5,<5,<5
34007606700,EF,65+,2024,<5,<5,<5
34007606800,EF,65+,2019,<5,<5,<5
34007606800,EF,65+,2020,<5,<5,0
34007606800,EF,65+,2022,<5,0,<5
34007606800,EF,65+,2023,<5,<5,<5
34007606800,EF,65+,2024,<5,0,<5
34007607000,EF,65+,2017,<5,<5,0
34007607000,EF,65+,2018,<5,<5,<5
34007607000,EF,65+,2019,<5,<5,<5
34007607000,EF,65+,2020,<5,<5,<5
34007607000,EF,65+,2021,<5,<5,0
34007607000,EF,65+,2022,<5,<5,0
34007607000,EF,65+,2023,<5,<5,<5
34007607000,EF,65+,2024,<5,0,<5
34007607100,EF,65+,2017,<5,<5,0
34007607100,EF,65+,2018,<5,<5,<5
34007607100,EF,65+,2019,<5,<5,0
34007607100,EF,65+,2020,<5,<5,0
34007607100,EF,65+,2021,<5,<5,0
34007607100,EF,65+,2022,<5,<5,0
34007607100,EF,65+,2024,<5,0,<5
34007607200,EF,65+,2019,<5,<5,<5
34007607200,EF,65+,2022,<5,0,<5
34007607200,EF,65+,2024,<5,<5,<5
34007607300,EF,65+,2018,<5,0,<5
34007607300,EF,65+,2019,<5,0,<5
34007607300,EF,65+,2021,<5,0,<5
34007607300,EF,65+,2023,<5,<5,0
34007607401,EF,65+,2017,<5,<5,0
34007607401,EF,65+,2019,<5,<5,0
34007607401,EF,65+,2020,<5,0,<5
34007607401,EF,65+,2021,<5,0,<5
34007607401,EF,65+,2022,<5,<5,0
34007607401,EF,65+,2023,<5,0,<5
34007607401,EF,65+,2024,<5,<5,0
34007607402,EF,65+,2018,<5,0,<5
34007607402,EF,65+,2019,<5,0,<5
34007607402,EF,65+,2021,<5,0,<5
34007607402,EF,65+,2023,<5,<5,0
34007607402,EF,65+,2024,<5,0,<5
34007607502,EF,65+,2017,5,<5,<5
34007607502,EF,65+,2019,11,6,5
34007607502,EF,65+,2020,10,5,5
34007607502,EF,65+,2021,8,<5,5
34007607502,EF,65+,2022,<5,<5,<5
34007607502,EF,65+,2023,8,<5,6
34007607502,EF,65+,2024,5,<5,<5
34007607503,EF,65+,2017,<5,<5,<5
34007607503,EF,65+,2018,<5,<5,<5
34007607503,EF,65+,2019,<5,0,<5
34007607503,EF,65+,2020,9,<5,7
34007607503,EF,65+,2021,8,<5,5
34007607503,EF,65+,2022,<5,0,<5
34007607503,EF,65+,2023,6,<5,<5
34007607503,EF,65+,2024,6,<5,<5
34007607504,EF,65+,2019,<5,0,<5
34007607504,EF,65+,2020,<5,0,<5
34007607504,EF,65+,2021,<5,0,<5
34007607504,EF,65+,2022,<5,0,<5
34007607504,EF,65+,2023,<5,<5,<5
34007607504,EF,65+,2024,<5,0,<5
34007607505,EF,65+,2019,<5,<5,<5
34007607505,EF,65+,2020,<5,0,<5
34007607505,EF,65+,2022,<5,<5,<5
34007607505,EF,65+,2023,<5,0,<5
34007607505,EF,65+,2024,<5,<5,0
34007607506,EF,65+,2018,<5,<5,0
34007607506,EF,65+,2022,<5,0,<5
34007607506,EF,65+,2023,<5,0,<5
34007607506,EF,65+,2024,<5,<5,0
34007607507,EF,65+,2018,<5,0,<5
34007607507,EF,65+,2019,<5,0,<5
34007607507,EF,65+,2020,<5,<5,<5
34007607507,EF,65+,2021,<5,<5,0
34007607507,EF,65+,2022,<5,<5,<5
34007607507,EF,65+,2023,<5,<5,<5
34007607507,EF,65+,2024,<5,<5,<5
34007607600,EF,65+,2019,<5,<5,0
34007607600,EF,65+,2020,<5,0,<5
34007607600,EF,65+,2022,<5,0,<5
34007607600,EF,65+,2023,<5,0,<5
34007607701,EF,65+,2018,<5,0,<5
34007607701,EF,65+,2019,<5,0,<5
34007607701,EF,65+,2023,<5,0,<5
34007607701,EF,65+,2024,<5,<5,0
34007607702,EF,65+,2020,<5,0,<5
34007607702,EF,65+,2021,<5,<5,<5
34007607702,EF,65+,2022,<5,<5,<5
34007607702,EF,65+,2024,<5,0,<5
34007607801,EF,65+,2019,<5,<5,<5
34007607801,EF,65+,2020,<5,<5,<5
34007607801,EF,65+,2021,<5,0,<5
34007607801,EF,65+,2022,<5,<5,<5
34007607801,EF,65+,2023,<5,<5,0
34007607801,EF,65+,2024,<5,<5,<5
34007607802,EF,65+,2019,<5,<5,<5
34007607802,EF,65+,2021,<5,0,<5
34007607802,EF,65+,2022,<5,<5,0
34007607802,EF,65+,2024,5,<5,<5
34007607900,EF,65+,2017,<5,<5,0
34007607900,EF,65+,2020,<5,<5,0
34007607900,EF,65+,2022,<5,0,<5
34007608001,EF,65+,2017,<5,0,<5
34007608001,EF,65+,2018,<5,0,<5
34007608001,EF,65+,2021,<5,0,<5
34007608001,EF,65+,2022,<5,0,<5
34007608001,EF,65+,2023,<5,<5,0
34007608001,EF,65+,2024,<5,<5,0
34007608202,EF,65+,2017,<5,0,<5
34007608202,EF,65+,2018,<5,<5,<5
34007608202,EF,65+,2019,<5,0,<5
34007608202,EF,65+,2023,<5,<5,<5
34007608202,EF,65+,2024,<5,0,<5
34007608205,EF,65+,2019,<5,0,<5
34007608205,EF,65+,2020,<5,<5,0
34007608205,EF,65+,2022,<5,0,<5
34007608205,EF,65+,2023,<5,<5,<5
34007608205,EF,65+,2024,<5,0,<5
34007608206,EF,65+,2017,<5,0,<5
34007608206,EF,65+,2018,<5,<5,<5
34007608206,EF,65+,2019,<5,<5,<5
34007608206,EF,65+,2023,<5,0,<5
34007608206,EF,65+,2024,<5,0,<5
34007608209,EF,65+,2020,<5,0,<5
34007608209,EF,65+,2021,<5,<5,0
34007608209,EF,65+,2023,<5,<5,<5
34007608210,EF,65+,2018,<5,<5,0
34007608210,EF,65+,2019,<5,0,<5
34007608210,EF,65+,2022,<5,<5,0
34007608210,EF,65+,2024,<5,0,<5
34007608211,EF,65+,2017,<5,<5,0
34007608211,EF,65+,2018,<5,<5,0
34007608211,EF,65+,2019,<5,<5,0
34007608211,EF,65+,2020,<5,<5,<5
34007608211,EF,65+,2022,<5,<5,<5
34007608211,EF,65+,2023,<5,<5,0
34007608211,EF,65+,2024,<5,<5,<5
34007608302,EF,65+,2017,<5,<5,0
34007608302,EF,65+,2018,<5,<5,<5
34007608302,EF,65+,2019,6,<5,5
34007608302,EF,65+,2020,<5,<5,0
34007608302,EF,65+,2021,<5,0,<5
34007608302,EF,65+,2022,<5,<5,<5
34007608302,EF,65+,2024,<5,<5,<5
34007608303,EF,65+,2017,<5,0,<5
34007608303,EF,65+,2018,<5,<5,0
34007608303,EF,65+,2019,<5,0,<5
34007608303,EF,65+,2020,<5,<5,0
34007608303,EF,65+,2021,<5,<5,0
34007608303,EF,65+,2024,<5,<5,<5
34007608304,EF,65+,2017,<5,<5,<5
34007608304,EF,65+,2019,<5,<5,0
34007608304,EF,65+,2020,<5,0,<5
34007608304,EF,65+,2022,<5,<5,0
34007608304,EF,65+,2023,<5,<5,<5
34007608304,EF,65+,2024,<5,<5,<5
34007608401,EF,65+,2018,<5,0,<5
34007608401,EF,65+,2019,<5,0,<5
34007608401,EF,65+,2020,<5,0,<5
34007608401,EF,65+,2021,<5,<5,<5
34007608401,EF,65+,2022,<5,0,<5
34007608402,EF,65+,2017,<5,<5,0
34007608402,EF,65+,2019,<5,<5,0
34007608402,EF,65+,2022,<5,0,<5
34007608402,EF,65+,2023,<5,<5,<5
34007608402,EF,65+,2024,<5,<5,<5
34007608403,EF,65+,2017,<5,<5,<5
34007608403,EF,65+,2018,<5,0,<5
34007608403,EF,65+,2019,<5,0,<5
34007608403,EF,65+,2020,<5,<5,<5
34007608403,EF,65+,2021,<5,<5,<5
34007608403,EF,65+,2023,<5,<5,0
34007608403,EF,65+,2024,<5,0,<5
34007608404,EF,65+,2019,<5,0,<5
34007608404,EF,65+,2020,<5,<5,0
34007608404,EF,65+,2022,<5,0,<5
34007608404,EF,65+,2023,<5,0,<5
34007608404,EF,65+,2024,<5,<5,0
34007608503,EF,65+,2018,<5,<5,0
34007608503,EF,65+,2024,<5,0,<5
34007608504,EF,65+,2018,<5,<5,0
34007608504,EF,65+,2019,<5,<5,<5
34007608504,EF,65+,2021,<5,0,<5
34007608504,EF,65+,2023,<5,0,<5
34007608504,EF,65+,2024,<5,<5,0
34007608600,EF,65+,2017,<5,0,<5
34007608600,EF,65+,2018,<5,0,<5
34007608600,EF,65+,2019,<5,<5,0
34007608600,EF,65+,2021,<5,0,<5
34007608600,EF,65+,2022,5,<5,<5
34007608600,EF,65+,2023,<5,<5,<5
34007608600,EF,65+,2024,<5,<5,0
34007608700,EF,65+,2019,6,<5,<5
34007608700,EF,65+,2020,11,<5,9
34007608700,EF,65+,2021,6,<5,<5
34007608700,EF,65+,2022,5,<5,<5
34007608700,EF,65+,2023,5,<5,<5
34007608700,EF,65+,2024,8,5,<5
34007608800,EF,65+,2019,<5,<5,0
34007608800,EF,65+,2021,<5,0,<5
34007608800,EF,65+,2022,<5,<5,<5
34007608800,EF,65+,2024,<5,<5,0
34007608901,EF,65+,2019,<5,0,<5
34007608901,EF,65+,2020,<5,0,<5
34007608901,EF,65+,2021,5,<5,<5
34007608901,EF,65+,2022,<5,<5,0
34007608901,EF,65+,2023,5,<5,<5
34007608901,EF,65+,2024,<5,<5,0
34007608903,EF,65+,2019,<5,0,<5
34007608903,EF,65+,2022,<5,0,<5
34007608903,EF,65+,2024,<5,<5,0
34007608904,EF,65+,2020,<5,0,<5
34007608904,EF,65+,2021,<5,0,<5
34007608904,EF,65+,2022,<5,<5,0
34007608904,EF,65+,2024,<5,0,<5
34007609000,EF,65+,2019,<5,0,<5
34007609000,EF,65+,2020,<5,0,<5
34007609000,EF,65+,2021,<5,0,<5
34007609000,EF,65+,2022,<5,0,<5
34007609000,EF,65+,2023,<5,0,<5
34007609000,EF,65+,2024,<5,<5,0
34007609103,EF,65+,2018,<5,0,<5
34007609103,EF,65+,2019,7,<5,6
34007609103,EF,65+,2020,<5,0,<5
34007609103,EF,65+,2021,5,0,5
34007609103,EF,65+,2022,5,<5,<5
34007609103,EF,65+,2023,<5,<5,<5
34007609103,EF,65+,2024,<5,<5,<5
34007609201,EF,65+,2017,<5,0,<5
34007609201,EF,65+,2018,<5,0,<5
34007609201,EF,65+,2019,<5,0,<5
34007609201,EF,65+,2021,<5,<5,0
34007609201,EF,65+,2022,<5,0,<5
34007609201,EF,65+,2023,<5,<5,<5
34007609201,EF,65+,2024,<5,<5,0
34007609202,EF,65+,2017,<5,<5,<5
34007609202,EF,65+,2019,<5,<5,<5
34007609202,EF,65+,2021,<5,<5,0
34007609202,EF,65+,2023,<5,<5,<5
34007609202,EF,65+,2024,<5,0,<5
34007609203,EF,65+,2017,<5,0,<5
34007609203,EF,65+,2018,<5,<5,0
34007609203,EF,65+,2020,<5,0,<5
34007609203,EF,65+,2021,<5,<5,<5
34007609203,EF,65+,2023,<5,<5,<5
34007609203,EF,65+,2024,6,<5,<5
34007609204,EF,65+,2017,<5,<5,0
34007609204,EF,65+,2019,<5,0,<5
34007609204,EF,65+,2020,<5,0,<5
34007609204,EF,65+,2023,<5,<5,0
34007609204,EF,65+,2024,<5,0,<5
34007609205,EF,65+,2022,<5,0,<5
34007609205,EF,65+,2023,<5,0,<5
34007609205,EF,65+,2024,<5,0,<5
34007610300,EF,65+,2019,<5,<5,0
34007610300,EF,65+,2020,<5,<5,0
34007610300,EF,65+,2022,<5,0,<5
34007610300,EF,65+,2023,<5,<5,<5
34007610400,EF,65+,2017,<5,<5,0
34007610400,EF,65+,2018,<5,<5,<5
34007610400,EF,65+,2019,<5,<5,0
34007610400,EF,65+,2020,<5,<5,<5
34007610400,EF,65+,2021,<5,<5,0
34007610400,EF,65+,2023,<5,<5,<5
34007610400,EF,65+,2024,5,<5,<5
34007610500,EF,65+,2017,<5,<5,0
34007610500,EF,65+,2018,<5,<5,<5
34007610500,EF,65+,2019,<5,<5,0
34007610500,EF,65+,2020,<5,<5,<5
34007610500,EF,65+,2021,<5,<5,<5
34007610500,EF,65+,2022,<5,<5,<5
34007610500,EF,65+,2023,<5,<5,<5
34007610500,EF,65+,2024,5,<5,<5
34007610600,EF,65+,2017,<5,<5,<5
34007610600,EF,65+,2018,<5,<5,<5
34007610600,EF,65+,2019,<5,<5,<5
34007610600,EF,65+,2020,<5,0,<5
34007610600,EF,65+,2021,<5,<5,<5
34007610600,EF,65+,2022,<5,0,<5
34007610600,EF,65+,2024,<5,<5,<5
34007610800,EF,65+,2017,<5,<5,<5
34007610800,EF,65+,2018,<5,<5,<5
34007610800,EF,65+,2019,<5,0,<5
34007610800,EF,65+,2020,<5,<5,<5
34007610800,EF,65+,2021,<5,<5,0
34007610800,EF,65+,2022,<5,<5,<5
34007610800,EF,65+,2023,5,<5,<5
34007610800,EF,65+,2024,<5,<5,<5
34007610900,EF,65+,2017,<5,0,<5
34007610900,EF,65+,2018,<5,<5,<5
34007610900,EF,65+,2019,<5,<5,0
34007610900,EF,65+,2020,5,<5,<5
34007610900,EF,65+,2021,<5,0,<5
34007610900,EF,65+,2022,<5,<5,<5
34007610900,EF,65+,2023,<5,0,<5
34007610900,EF,65+,2024,<5,<5,<5
34007611000,EF,65+,2017,<5,<5,<5
34007611000,EF,65+,2018,<5,0,<5
34007611000,EF,65+,2019,6,<5,<5
34007611000,EF,65+,2020,<5,<5,<5
34007611000,EF,65+,2021,<5,<5,<5
34007611000,EF,65+,2022,<5,<5,<5
34007611000,EF,65+,2023,<5,<5,0
34007611000,EF,65+,2024,<5,<5,0
34007611100,EF,65+,2017,<5,<5,<5
34007611100,EF,65+,2018,<5,<5,0
34007611100,EF,65+,2019,<5,<5,0
34007611100,EF,65+,2020,<5,<5,<5
34007611100,EF,65+,2021,<5,<5,0
34007611100,EF,65+,2022,<5,0,<5
34007611100,EF,65+,2023,<5,<5,<5
34007611100,EF,65+,2024,<5,0,<5
34007611200,EF,65+,2017,<5,<5,<5
34007611200,EF,65+,2018,<5,0,<5
34007611200,EF,65+,2019,<5,0,<5
34007611200,EF,65+,2020,<5,<5,<5
34007611200,EF,65+,2021,<5,<5,<5
34007611200,EF,65+,2022,<5,0,<5
34007611200,EF,65+,2023,<5,0,<5
34007611200,EF,65+,2024,<5,0,<5
34007611300,EF,65+,2017,<5,<5,<5
34007611300,EF,65+,2018,<5,<5,<5
34007611300,EF,65+,2019,<5,<5,<5
34007611300,EF,65+,2020,<5,0,<5
34007611300,EF,65+,2021,<5,0,<5
34007611300,EF,65+,2022,<5,0,<5
34007611300,EF,65+,2023,<5,<5,0
34007611300,EF,65+,2024,<5,0,<5
34007611400,EF,65+,2020,<5,0,<5
34007611400,EF,65+,2023,<5,0,<5
34007611400,EF,65+,2024,<5,<5,<5
34007611500,EF,65+,2021,<5,<5,0
34007611500,EF,65+,2022,<5,<5,0
34007611500,EF,65+,2023,<5,0,<5
34007611600,EF,65+,2017,<5,<5,0
34007611600,EF,65+,2018,<5,<5,<5
34007611600,EF,65+,2019,<5,<5,0
34007611600,EF,65+,2020,<5,<5,<5
34007611600,EF,65+,2021,<5,0,<5
34007611600,EF,65+,2022,<5,0,<5
34007611600,EF,65+,2023,<5,<5,<5
34007611600,EF,65+,2024,<5,<5,0
34007611700,EF,65+,2017,<5,<5,0
34007611700,EF,65+,2018,<5,0,<5
34007611700,EF,65+,2019,<5,<5,0
34007611700,EF,65+,2020,<5,<5,<5
34007611700,EF,65+,2021,<5,<5,0
34007611700,EF,65+,2023,<5,<5,0
34007611700,EF,65+,2024,<5,<5,<5
34007600200,GAD,18-64,2017,35,30,6
34007600200,GAD,18-64,2018,34,26,11
34007600200,GAD,18-64,2019,41,30,14
34007600200,GAD,18-64,2020,26,22,<5
34007600200,GAD,18-64,2021,28,26,<5
34007600200,GAD,18-64,2022,18,16,<5
34007600200,GAD,18-64,2023,18,18,<5
34007600200,GAD,18-64,2024,15,13,<5
34007600400,GAD,18-64,2017,50,44,12
34007600400,GAD,18-64,2018,40,31,12
34007600400,GAD,18-64,2019,51,47,5
34007600400,GAD,18-64,2020,49,48,<5
34007600400,GAD,18-64,2021,23,20,5
34007600400,GAD,18-64,2022,30,29,<5
34007600400,GAD,18-64,2023,25,21,<5
34007600400,GAD,18-64,2024,22,19,<5
34007600700,GAD,18-64,2017,36,25,13
34007600700,GAD,18-64,2018,21,17,5
34007600700,GAD,18-64,2019,23,22,<5
34007600700,GAD,18-64,2020,16,15,<5
34007600700,GAD,18-64,2021,15,13,<5
34007600700,GAD,18-64,2022,12,10,<5
34007600700,GAD,18-64,2023,13,12,<5
34007600700,GAD,18-64,2024,15,14,<5
34007600800,GAD,18-64,2017,89,72,23
34007600800,GAD,18-64,2018,84,63,26
34007600800,GAD,18-64,2019,81,68,18
34007600800,GAD,18-64,2020,60,57,7
34007600800,GAD,18-64,2021,41,41,<5
34007600800,GAD,18-64,2022,44,38,7
34007600800,GAD,18-64,2023,28,26,<5
34007600800,GAD,18-64,2024,39,38,<5
34007600900,GAD,18-64,2017,48,42,7
34007600900,GAD,18-64,2018,39,30,10
34007600900,GAD,18-64,2019,35,30,6
34007600900,GAD,18-64,2020,28,23,6
34007600900,GAD,18-64,2021,26,24,<5
34007600900,GAD,18-64,2022,18,16,<5
34007600900,GAD,18-64,2023,29,28,<5
34007600900,GAD,18-64,2024,18,16,<5
34007601000,GAD,18-64,2017,40,34,10
34007601000,GAD,18-64,2018,46,41,7
34007601000,GAD,18-64,2019,50,44,6
34007601000,GAD,18-64,2020,42,35,9
34007601000,GAD,18-64,2021,33,30,<5
34007601000,GAD,18-64,2022,32,29,<5
34007601000,GAD,18-64,2023,20,18,<5
34007601000,GAD,18-64,2024,30,30,0
34007601101,GAD,18-64,2017,41,30,11
34007601101,GAD,18-64,2018,31,26,7
34007601101,GAD,18-64,2019,28,26,<5
34007601101,GAD,18-64,2020,27,23,<5
34007601101,GAD,18-64,2021,16,15,<5
34007601101,GAD,18-64,2022,15,15,<5
34007601101,GAD,18-64,2023,9,8,<5
34007601101,GAD,18-64,2024,14,11,<5
34007601102,GAD,18-64,2017,51,45,9
34007601102,GAD,18-64,2018,51,43,13
34007601102,GAD,18-64,2019,55,44,17
34007601102,GAD,18-64,2020,49,41,12
34007601102,GAD,18-64,2021,27,24,<5
34007601102,GAD,18-64,2022,34,32,<5
34007601102,GAD,18-64,2023,32,28,<5
34007601102,GAD,18-64,2024,40,32,8
34007601200,GAD,18-64,2017,67,58,12
34007601200,GAD,18-64,2018,63,56,11
34007601200,GAD,18-64,2019,67,57,10
34007601200,GAD,18-64,2020,55,48,11
34007601200,GAD,18-64,2021,31,28,<5
34007601200,GAD,18-64,2022,29,28,<5
34007601200,GAD,18-64,2023,33,30,<5
34007601200,GAD,18-64,2024,34,31,<5
34007601300,GAD,18-64,2017,74,54,24
34007601300,GAD,18-64,2018,67,58,13
34007601300,GAD,18-64,2019,69,54,18
34007601300,GAD,18-64,2020,66,56,12
34007601300,GAD,18-64,2021,46,41,6
34007601300,GAD,18-64,2022,39,33,6
34007601300,GAD,18-64,2023,43,41,<5
34007601300,GAD,18-64,2024,38,36,<5
34007601400,GAD,18-64,2017,62,47,23
34007601400,GAD,18-64,2018,64,54,11
34007601400,GAD,18-64,2019,56,47,14
34007601400,GAD,18-64,2020,65,57,10
34007601400,GAD,18-64,2021,43,38,5
34007601400,GAD,18-64,2022,41,40,<5
34007601400,GAD,18-64,2023,37,35,<5
34007601400,GAD,18-64,2024,36,31,6
34007601500,GAD,18-64,2017,101,79,33
34007601500,GAD,18-64,2018,96,73,28
34007601500,GAD,18-64,2019,95,81,21
34007601500,GAD,18-64,2020,85,77,11
34007601500,GAD,18-64,2021,45,42,<5
34007601500,GAD,18-64,2022,45,42,<5
34007601500,GAD,18-64,2023,59,56,<5
34007601500,GAD,18-64,2024,58,49,10
34007601600,GAD,18-64,2017,35,31,6
34007601600,GAD,18-64,2018,35,28,10
34007601600,GAD,18-64,2019,39,29,12
34007601600,GAD,18-64,2020,30,27,5
34007601600,GAD,18-64,2021,19,19,0
34007601600,GAD,18-64,2022,20,19,<5
34007601600,GAD,18-64,2023,24,21,<5
34007601600,GAD,18-64,2024,21,21,0
34007601700,GAD,18-64,2017,65,53,15
34007601700,GAD,18-64,2018,51,42,12
34007601700,GAD,18-64,2019,53,42,17
34007601700,GAD,18-64,2020,42,36,9
34007601700,GAD,18-64,2021,28,27,<5
34007601700,GAD,18-64,2022,33,30,<5
34007601700,GAD,18-64,2023,41,39,<5
34007601700,GAD,18-64,2024,34,30,<5
34007601800,GAD,18-64,2017,19,12,7
34007601800,GAD,18-64,2018,16,12,<5
34007601800,GAD,18-64,2019,19,17,<5
34007601800,GAD,18-64,2020,11,10,<5
34007601800,GAD,18-64,2021,10,9,<5
34007601800,GAD,18-64,2022,10,10,0
34007601800,GAD,18-64,2023,13,13,0
34007601800,GAD,18-64,2024,10,8,<5
34007601900,GAD,18-64,2017,41,30,14
34007601900,GAD,18-64,2018,41,39,6
34007601900,GAD,18-64,2019,39,33,8
34007601900,GAD,18-64,2020,27,24,5
34007601900,GAD,18-64,2021,33,32,<5
34007601900,GAD,18-64,2022,23,23,<5
34007601900,GAD,18-64,2023,15,12,<5
34007601900,GAD,18-64,2024,15,15,<5
34007602000,GAD,18-64,2017,94,76,27
34007602000,GAD,18-64,2018,110,92,23
34007602000,GAD,18-64,2019,108,92,19
34007602000,GAD,18-64,2020,82,74,10
34007602000,GAD,18-64,2021,63,56,7
34007602000,GAD,18-64,2022,63,57,7
34007602000,GAD,18-64,2023,59,55,<5
34007602000,GAD,18-64,2024,48,45,<5
34007602503,GAD,18-64,2017,24,18,8
34007602503,GAD,18-64,2018,28,20,11
34007602503,GAD,18-64,2019,20,13,8
34007602503,GAD,18-64,2020,21,20,<5
34007602503,GAD,18-64,2021,11,9,<5
34007602503,GAD,18-64,2022,17,16,<5
34007602503,GAD,18-64,2023,12,9,<5
34007602503,GAD,18-64,2024,7,7,0
34007602601,GAD,18-64,2017,23,16,8
34007602601,GAD,18-64,2018,14,7,7
34007602601,GAD,18-64,2019,21,15,7
34007602601,GAD,18-64,2020,19,14,5
34007602601,GAD,18-64,2021,10,10,0
34007602601,GAD,18-64,2022,9,8,<5
34007602601,GAD,18-64,2023,6,6,0
34007602601,GAD,18-64,2024,9,8,<5
34007602602,GAD,18-64,2017,23,16,7
34007602602,GAD,18-64,2018,19,14,5
34007602602,GAD,18-64,2019,27,17,13
34007602602,GAD,18-64,2020,19,18,<5
34007602602,GAD,18-64,2021,10,10,0
34007602602,GAD,18-64,2022,9,8,<5
34007602602,GAD,18-64,2023,7,5,<5
34007602602,GAD,18-64,2024,15,13,<5
34007602901,GAD,18-64,2017,44,32,14
34007602901,GAD,18-64,2018,35,23,13
34007602901,GAD,18-64,2019,43,25,20
34007602901,GAD,18-64,2020,25,18,11
34007602901,GAD,18-64,2021,17,14,<5
34007602901,GAD,18-64,2022,14,12,<5
34007602901,GAD,18-64,2023,6,6,0
34007602901,GAD,18-64,2024,13,8,5
34007602902,GAD,18-64,2017,35,26,12
34007602902,GAD,18-64,2018,39,28,14
34007602902,GAD,18-64,2019,30,23,8
34007602902,GAD,18-64,2020,22,19,<5
34007602902,GAD,18-64,2021,16,11,7
34007602902,GAD,18-64,2022,15,12,<5
34007602902,GAD,18-64,2023,16,13,<5
34007602902,GAD,18-64,2024,10,7,<5
34007603001,GAD,18-64,2017,35,21,15
34007603001,GAD,18-64,2018,35,26,11
34007603001,GAD,18-64,2019,30,23,9
34007603001,GAD,18-64,2020,23,15,8
34007603001,GAD,18-64,2021,13,11,<5
34007603001,GAD,18-64,2022,10,8,<5
34007603001,GAD,18-64,2023,12,12,0
34007603001,GAD,18-64,2024,9,8,<5
34007603002,GAD,18-64,2017,43,32,14
34007603002,GAD,18-64,2018,32,23,11
34007603002,GAD,18-64,2019,39,32,10
34007603002,GAD,18-64,2020,33,30,<5
34007603002,GAD,18-64,2021,29,27,<5
34007603002,GAD,18-64,2022,30,30,0
34007603002,GAD,18-64,2023,23,23,0
34007603002,GAD,18-64,2024,30,26,<5
34007603100,GAD,18-64,2017,25,17,8
34007603100,GAD,18-64,2018,32,24,10
34007603100,GAD,18-64,2019,27,25,<5
34007603100,GAD,18-64,2020,22,17,5
34007603100,GAD,18-64,2021,16,13,<5
34007603100,GAD,18-64,2022,13,12,<5
34007603100,GAD,18-64,2023,14,13,<5
34007603100,GAD,18-64,2024,10,9,<5
34007603200,GAD,18-64,2017,52,31,25
34007603200,GAD,18-64,2018,66,48,23
34007603200,GAD,18-64,2019,42,23,24
34007603200,GAD,18-64,2020,26,16,10
34007603200,GAD,18-64,2021,18,12,7
34007603200,GAD,18-64,2022,23,18,8
34007603200,GAD,18-64,2023,19,16,5
34007603200,GAD,18-64,2024,19,15,<5
34007603301,GAD,18-64,2017,39,23,19
34007603301,GAD,18-64,2018,38,27,13
34007603301,GAD,18-64,2019,32,23,13
34007603301,GAD,18-64,2020,24,20,5
34007603301,GAD,18-64,2021,25,19,7
34007603301,GAD,18-64,2022,15,13,<5
34007603301,GAD,18-64,2023,23,21,<5
34007603301,GAD,18-64,2024,22,18,<5
34007603302,GAD,18-64,2017,23,18,5
34007603302,GAD,18-64,2018,28,19,12
34007603302,GAD,18-64,2019,32,27,7
34007603302,GAD,18-64,2020,12,10,<5
34007603302,GAD,18-64,2021,8,7,<5
34007603302,GAD,18-64,2022,13,10,<5
34007603302,GAD,18-64,2023,14,12,<5
34007603302,GAD,18-64,2024,6,<5,<5
34007603303,GAD,18-64,2017,15,9,9
34007603303,GAD,18-64,2018,16,7,10
34007603303,GAD,18-64,2019,17,10,7
34007603303,GAD,18-64,2020,<5,<5,<5
34007603303,GAD,18-64,2021,8,<5,<5
34007603303,GAD,18-64,2022,8,7,<5
34007603303,GAD,18-64,2023,<5,<5,0
34007603303,GAD,18-64,2024,14,9,5
34007603400,GAD,18-64,2017,43,34,13
34007603400,GAD,18-64,2018,40,30,13
34007603400,GAD,18-64,2019,27,19,14
34007603400,GAD,18-64,2020,23,20,5
34007603400,GAD,18-64,2021,19,15,<5
34007603400,GAD,18-64,2022,20,15,6
34007603400,GAD,18-64,2023,21,15,7
34007603400,GAD,18-64,2024,13,9,<5
34007603501,GAD,18-64,2017,14,10,5
34007603501,GAD,18-64,2018,8,6,<5
34007603501,GAD,18-64,2019,19,15,<5
34007603501,GAD,18-64,2020,6,5,<5
34007603501,GAD,18-64,2021,8,8,<5
34007603501,GAD,18-64,2022,11,8,<5
34007603501,GAD,18-64,2023,6,5,<5
34007603501,GAD,18-64,2024,9,7,<5
34007603503,GAD,18-64,2017,12,8,<5
34007603503,GAD,18-64,2018,<5,<5,<5
34007603503,GAD,18-64,2019,10,7,<5
34007603503,GAD,18-64,2020,<5,<5,0
34007603503,GAD,18-64,2021,7,5,<5
34007603503,GAD,18-64,2022,9,9,<5
34007603503,GAD,18-64,2023,<5,<5,0
34007603503,GAD,18-64,2024,5,5,0
34007603504,GAD,18-64,2017,10,6,<5
34007603504,GAD,18-64,2018,7,<5,<5
34007603504,GAD,18-64,2019,9,7,<5
34007603504,GAD,18-64,2020,9,7,<5
34007603504,GAD,18-64,2021,<5,<5,0
34007603504,GAD,18-64,2022,<5,<5,0
34007603504,GAD,18-64,2023,5,5,0
34007603504,GAD,18-64,2024,<5,<5,0
34007603505,GAD,18-64,2017,53,40,19
34007603505,GAD,18-64,2018,69,51,20
34007603505,GAD,18-64,2019,81,70,16
34007603505,GAD,18-64,2020,55,50,7
34007603505,GAD,18-64,2021,49,43,8
34007603505,GAD,18-64,2022,56,48,11
34007603505,GAD,18-64,2023,54,51,5
34007603505,GAD,18-64,2024,57,49,9
34007603506,GAD,18-64,2017,10,5,7
34007603506,GAD,18-64,2018,6,5,<5
34007603506,GAD,18-64,2019,16,11,6
34007603506,GAD,18-64,2020,13,11,<5
34007603506,GAD,18-64,2021,9,6,<5
34007603506,GAD,18-64,2022,<5,<5,0
34007603506,GAD,18-64,2023,5,5,0
34007603506,GAD,18-64,2024,9,9,0
34007603507,GAD,18-64,2017,12,10,<5
34007603507,GAD,18-64,2018,11,7,5
34007603507,GAD,18-64,2019,14,12,<5
34007603507,GAD,18-64,2020,13,10,<5
34007603507,GAD,18-64,2021,<5,<5,0
34007603507,GAD,18-64,2022,6,6,0
34007603507,GAD,18-64,2023,11,11,0
34007603507,GAD,18-64,2024,9,7,<5
34007603601,GAD,18-64,2017,31,15,21
34007603601,GAD,18-64,2018,23,11,15
34007603601,GAD,18-64,2019,22,12,10
34007603601,GAD,18-64,2020,11,8,<5
34007603601,GAD,18-64,2021,12,11,<5
34007603601,GAD,18-64,2022,7,7,<5
34007603601,GAD,18-64,2023,<5,<5,0
34007603601,GAD,18-64,2024,6,5,<5
34007603602,GAD,18-64,2017,<5,<5,<5
34007603602,GAD,18-64,2018,<5,<5,<5
34007603602,GAD,18-64,2019,8,5,<5
34007603602,GAD,18-64,2020,<5,<5,<5
34007603602,GAD,18-64,2021,6,<5,<5
34007603602,GAD,18-64,2022,<5,<5,0
34007603602,GAD,18-64,2023,<5,<5,<5
34007603602,GAD,18-64,2024,<5,<5,<5
34007603603,GAD,18-64,2017,<5,<5,<5
34007603603,GAD,18-64,2018,12,11,<5
34007603603,GAD,18-64,2019,9,7,<5
34007603603,GAD,18-64,2020,8,7,<5
34007603603,GAD,18-64,2021,<5,<5,0
34007603603,GAD,18-64,2022,<5,<5,0
34007603603,GAD,18-64,2023,<5,<5,0
34007603603,GAD,18-64,2024,<5,0,<5
34007603700,GAD,18-64,2017,24,18,6
34007603700,GAD,18-64,2018,30,19,13
34007603700,GAD,18-64,2019,30,27,<5
34007603700,GAD,18-64,2020,23,18,7
34007603700,GAD,18-64,2021,12,11,<5
34007603700,GAD,18-64,2022,19,18,<5
34007603700,GAD,18-64,2023,11,10,<5
34007603700,GAD,18-64,2024,11,11,<5
34007603800,GAD,18-64,2017,30,23,9
34007603800,GAD,18-64,2018,26,16,12
34007603800,GAD,18-64,2019,45,26,23
34007603800,GAD,18-64,2020,16,12,5
34007603800,GAD,18-64,2021,12,9,<5
34007603800,GAD,18-64,2022,10,8,<5
34007603800,GAD,18-64,2023,8,8,<5
34007603800,GAD,18-64,2024,9,8,<5
34007603901,GAD,18-64,2017,30,24,10
34007603901,GAD,18-64,2018,32,20,14
34007603901,GAD,18-64,2019,26,18,11
34007603901,GAD,18-64,2020,10,8,<5
34007603901,GAD,18-64,2021,10,6,<5
34007603901,GAD,18-64,2022,9,8,<5
34007603901,GAD,18-64,2023,11,10,<5
34007603901,GAD,18-64,2024,5,5,0
34007603902,GAD,18-64,2017,26,15,15
34007603902,GAD,18-64,2018,31,17,15
34007603902,GAD,18-64,2019,22,15,7
34007603902,GAD,18-64,2020,17,14,5
34007603902,GAD,18-64,2021,11,9,<5
34007603902,GAD,18-64,2022,7,6,<5
34007603902,GAD,18-64,2023,5,<5,<5
34007603902,GAD,18-64,2024,<5,<5,<5
34007604100,GAD,18-64,2017,24,18,8
34007604100,GAD,18-64,2018,36,29,10
34007604100,GAD,18-64,2019,40,29,13
34007604100,GAD,18-64,2020,28,24,5
34007604100,GAD,18-64,2021,17,16,<5
34007604100,GAD,18-64,2022,13,13,0
34007604100,GAD,18-64,2023,21,18,<5
34007604100,GAD,18-64,2024,23,21,<5
34007604200,GAD,18-64,2017,29,18,11
34007604200,GAD,18-64,2018,37,32,10
34007604200,GAD,18-64,2019,33,27,9
34007604200,GAD,18-64,2020,32,29,5
34007604200,GAD,18-64,2021,7,5,<5
34007604200,GAD,18-64,2022,14,13,<5
34007604200,GAD,18-64,2023,13,12,<5
34007604200,GAD,18-64,2024,17,12,6
34007604300,GAD,18-64,2017,31,26,9
34007604300,GAD,18-64,2018,30,23,12
34007604300,GAD,18-64,2019,37,32,7
34007604300,GAD,18-64,2020,19,18,<5
34007604300,GAD,18-64,2021,8,7,<5
34007604300,GAD,18-64,2022,6,<5,<5
34007604300,GAD,18-64,2023,6,6,0
34007604300,GAD,18-64,2024,7,7,0
34007604400,GAD,18-64,2017,19,8,11
34007604400,GAD,18-64,2018,15,13,<5
34007604400,GAD,18-64,2019,21,17,5
34007604400,GAD,18-64,2020,13,13,0
34007604400,GAD,18-64,2021,6,5,<5
34007604400,GAD,18-64,2022,8,7,<5
34007604400,GAD,18-64,2024,<5,<5,<5
34007604600,GAD,18-64,2017,30,21,11
34007604600,GAD,18-64,2018,30,18,14
34007604600,GAD,18-64,2019,30,22,10
34007604600,GAD,18-64,2020,14,10,5
34007604600,GAD,18-64,2021,9,7,<5
34007604600,GAD,18-64,2022,<5,<5,0
34007604600,GAD,18-64,2023,8,8,0
34007604600,GAD,18-64,2024,7,6,<5
34007604700,GAD,18-64,2017,15,9,8
34007604700,GAD,18-64,2018,15,11,5
34007604700,GAD,18-64,2019,8,7,<5
34007604700,GAD,18-64,2020,15,12,<5
34007604700,GAD,18-64,2021,5,5,0
34007604700,GAD,18-64,2022,<5,<5,<5
34007604700,GAD,18-64,2023,<5,<5,<5
34007604700,GAD,18-64,2024,<5,<5,<5
34007605100,GAD,18-64,2017,23,13,11
34007605100,GAD,18-64,2018,19,11,8
34007605100,GAD,18-64,2019,26,21,5
34007605100,GAD,18-64,2020,17,13,5
34007605100,GAD,18-64,2021,9,7,<5
34007605100,GAD,18-64,2022,12,10,<5
34007605100,GAD,18-64,2023,5,<5,<5
34007605100,GAD,18-64,2024,6,5,<5
34007605200,GAD,18-64,2017,20,11,11
34007605200,GAD,18-64,2018,21,11,12
34007605200,GAD,18-64,2019,12,9,<5
34007605200,GAD,18-64,2020,16,13,<5
34007605200,GAD,18-64,2021,10,8,<5
34007605200,GAD,18-64,2022,7,6,<5
34007605200,GAD,18-64,2023,6,6,0
34007605200,GAD,18-64,2024,6,<5,<5
34007605300,GAD,18-64,2017,17,13,<5
34007605300,GAD,18-64,2018,12,10,<5
34007605300,GAD,18-64,2019,13,8,5
34007605300,GAD,18-64,2020,10,9,<5
34007605300,GAD,18-64,2021,7,6,<5
34007605300,GAD,18-64,2022,5,5,0
34007605300,GAD,18-64,2023,10,8,<5
34007605300,GAD,18-64,2024,6,6,0
34007605400,GAD,18-64,2017,28,17,12
34007605400,GAD,18-64,2018,20,15,5
34007605400,GAD,18-64,2019,24,20,5
34007605400,GAD,18-64,2020,8,6,<5
34007605400,GAD,18-64,2021,9,7,<5
34007605400,GAD,18-64,2022,<5,<5,<5
34007605400,GAD,18-64,2023,10,8,<5
34007605400,GAD,18-64,2024,7,6,<5
34007605602,GAD,18-64,2017,12,6,8
34007605602,GAD,18-64,2018,18,11,8
34007605602,GAD,18-64,2019,20,16,6
34007605602,GAD,18-64,2020,13,10,<5
34007605602,GAD,18-64,2021,11,9,<5
34007605602,GAD,18-64,2022,13,10,<5
34007605602,GAD,18-64,2023,5,5,0
34007605602,GAD,18-64,2024,<5,<5,0
34007605700,GAD,18-64,2017,20,11,10
34007605700,GAD,18-64,2018,19,11,8
34007605700,GAD,18-64,2019,18,12,6
34007605700,GAD,18-64,2020,13,12,<5
34007605700,GAD,18-64,2021,5,5,0
34007605700,GAD,18-64,2022,<5,<5,0
34007605700,GAD,18-64,2023,<5,<5,<5
34007605700,GAD,18-64,2024,8,8,0
34007605800,GAD,18-64,2017,14,9,8
34007605800,GAD,18-64,2018,<5,<5,0
34007605800,GAD,18-64,2019,13,12,<5
34007605800,GAD,18-64,2020,7,6,<5
34007605800,GAD,18-64,2021,<5,<5,0
34007605800,GAD,18-64,2022,<5,<5,<5
34007605800,GAD,18-64,2023,<5,<5,0
34007605800,GAD,18-64,2024,<5,<5,0
34007605900,GAD,18-64,2017,11,5,6
34007605900,GAD,18-64,2018,8,7,<5
34007605900,GAD,18-64,2019,15,12,5
34007605900,GAD,18-64,2020,7,7,0
34007605900,GAD,18-64,2021,7,<5,<5
34007605900,GAD,18-64,2022,5,<5,<5
34007605900,GAD,18-64,2023,<5,<5,0
34007605900,GAD,18-64,2024,<5,<5,0
34007606000,GAD,18-64,2017,13,10,<5
34007606000,GAD,18-64,2018,10,5,5
34007606000,GAD,18-64,2019,10,8,<5
34007606000,GAD,18-64,2020,6,6,0
34007606000,GAD,18-64,2021,<5,<5,<5
34007606000,GAD,18-64,2022,6,<5,<5
34007606000,GAD,18-64,2023,<5,<5,0
34007606100,GAD,18-64,2017,<5,<5,<5
34007606100,GAD,18-64,2018,<5,<5,<5
34007606100,GAD,18-64,2019,7,5,<5
34007606100,GAD,18-64,2020,6,<5,<5
34007606100,GAD,18-64,2021,<5,<5,0
34007606100,GAD,18-64,2022,<5,<5,0
34007606100,GAD,18-64,2023,<5,<5,0
34007606200,GAD,18-64,2017,13,8,5
34007606200,GAD,18-64,2018,9,6,<5
34007606200,GAD,18-64,2019,10,6,5
34007606200,GAD,18-64,2020,<5,<5,<5
34007606200,GAD,18-64,2021,<5,<5,<5
34007606200,GAD,18-64,2022,<5,<5,0
34007606200,GAD,18-64,2023,<5,<5,<5
34007606200,GAD,18-64,2024,<5,<5,0
34007606300,GAD,18-64,2017,10,6,5
34007606300,GAD,18-64,2018,6,<5,<5
34007606300,GAD,18-64,2019,7,5,<5
34007606300,GAD,18-64,2020,<5,<5,0
34007606300,GAD,18-64,2021,<5,<5,0
34007606300,GAD,18-64,2022,<5,<5,0
34007606300,GAD,18-64,2023,<5,<5,0
34007606300,GAD,18-64,2024,<5,<5,<5
34007606400,GAD,18-64,2017,<5,<5,<5
34007606400,GAD,18-64,2018,5,<5,<5
34007606400,GAD,18-64,2019,5,<5,<5
34007606400,GAD,18-64,2021,<5,<5,0
34007606400,GAD,18-64,2022,<5,<5,0
34007606400,GAD,18-64,2023,<5,<5,0
34007606400,GAD,18-64,2024,<5,<5,0
34007606500,GAD,18-64,2017,24,16,8
34007606500,GAD,18-64,2018,17,11,8
34007606500,GAD,18-64,2019,34,19,18
34007606500,GAD,18-64,2020,13,13,<5
34007606500,GAD,18-64,2021,10,7,<5
34007606500,GAD,18-64,2022,22,20,<5
34007606500,GAD,18-64,2023,7,6,<5
34007606500,GAD,18-64,2024,13,12,<5
34007606600,GAD,18-64,2017,13,8,5
34007606600,GAD,18-64,2018,15,10,5
34007606600,GAD,18-64,2019,7,<5,5
34007606600,GAD,18-64,2020,8,6,<5
34007606600,GAD,18-64,2021,<5,<5,0
34007606600,GAD,18-64,2022,7,7,0
34007606600,GAD,18-64,2023,<5,<5,0
34007606600,GAD,18-64,2024,<5,0,<5
34007606700,GAD,18-64,2017,42,16,27
34007606700,GAD,18-64,2018,34,18,19
34007606700,GAD,18-64,2019,38,21,21
34007606700,GAD,18-64,2020,20,17,5
34007606700,GAD,18-64,2021,20,12,8
34007606700,GAD,18-64,2022,13,6,7
34007606700,GAD,18-64,2023,15,13,<5
34007606700,GAD,18-64,2024,12,10,<5
34007606800,GAD,18-64,2017,10,6,<5
34007606800,GAD,18-64,2018,17,13,5
34007606800,GAD,18-64,2019,23,18,5
34007606800,GAD,18-64,2020,9,8,<5
34007606800,GAD,18-64,2021,<5,<5,0
34007606800,GAD,18-64,2022,11,11,0
34007606800,GAD,18-64,2023,9,7,<5
34007606800,GAD,18-64,2024,11,7,5
34007607000,GAD,18-64,2017,38,23,17
34007607000,GAD,18-64,2018,37,21,16
34007607000,GAD,18-64,2019,42,32,11
34007607000,GAD,18-64,2020,34,24,11
34007607000,GAD,18-64,2021,21,20,<5
34007607000,GAD,18-64,2022,22,18,5
34007607000,GAD,18-64,2023,14,13,<5
34007607000,GAD,18-64,2024,15,12,<5
34007607100,GAD,18-64,2017,35,12,24
34007607100,GAD,18-64,2018,23,10,14
34007607100,GAD,18-64,2019,20,11,11
34007607100,GAD,18-64,2020,17,14,<5
34007607100,GAD,18-64,2021,10,8,<5
34007607100,GAD,18-64,2022,15,10,5
34007607100,GAD,18-64,2023,14,10,<5
34007607100,GAD,18-64,2024,10,8,<5
34007607200,GAD,18-64,2017,43,22,23
34007607200,GAD,18-64,2018,42,21,24
34007607200,GAD,18-64,2019,43,21,23
34007607200,GAD,18-64,2020,28,20,9
34007607200,GAD,18-64,2021,14,10,<5
34007607200,GAD,18-64,2022,15,10,5
34007607200,GAD,18-64,2023,12,9,<5
34007607200,GAD,18-64,2024,18,15,<5
34007607300,GAD,18-64,2017,39,23,23
34007607300,GAD,18-64,2018,31,17,18
34007607300,GAD,18-64,2019,31,21,13
34007607300,GAD,18-64,2020,13,11,<5
34007607300,GAD,18-64,2021,14,12,<5
34007607300,GAD,18-64,2022,15,12,<5
34007607300,GAD,18-64,2023,15,12,<5
34007607300,GAD,18-64,2024,16,14,<5
34007607401,GAD,18-64,2017,25,15,12
34007607401,GAD,18-64,2018,25,12,14
34007607401,GAD,18-64,2019,28,11,17
34007607401,GAD,18-64,2020,16,13,<5
34007607401,GAD,18-64,2021,14,11,<5
34007607401,GAD,18-64,2022,13,11,<5
34007607401,GAD,18-64,2023,10,6,<5
34007607401,GAD,18-64,2024,11,8,5
34007607402,GAD,18-64,2017,21,14,10
34007607402,GAD,18-64,2018,13,8,6
34007607402,GAD,18-64,2019,23,13,12
34007607402,GAD,18-64,2020,9,7,<5
34007607402,GAD,18-64,2021,<5,0,<5
34007607402,GAD,18-64,2022,10,8,<5
34007607402,GAD,18-64,2023,<5,<5,<5
34007607402,GAD,18-64,2024,11,10,<5
34007607502,GAD,18-64,2017,30,15,18
34007607502,GAD,18-64,2018,20,7,15
34007607502,GAD,18-64,2019,32,24,11
34007607502,GAD,18-64,2020,12,8,5
34007607502,GAD,18-64,2021,13,10,<5
34007607502,GAD,18-64,2022,6,5,<5
34007607502,GAD,18-64,2023,14,12,<5
34007607502,GAD,18-64,2024,7,7,0
34007607503,GAD,18-64,2017,19,7,14
34007607503,GAD,18-64,2018,19,11,9
34007607503,GAD,18-64,2019,27,16,12
34007607503,GAD,18-64,2020,14,12,<5
34007607503,GAD,18-64,2021,7,<5,<5
34007607503,GAD,18-64,2022,16,10,6
34007607503,GAD,18-64,2023,9,7,<5
34007607503,GAD,18-64,2024,16,14,<5
34007607504,GAD,18-64,2017,6,<5,<5
34007607504,GAD,18-64,2018,6,<5,<5
34007607504,GAD,18-64,2019,7,6,<5
34007607504,GAD,18-64,2020,<5,<5,0
34007607504,GAD,18-64,2021,<5,<5,<5
34007607504,GAD,18-64,2022,5,<5,<5
34007607504,GAD,18-64,2023,<5,<5,0
34007607504,GAD,18-64,2024,<5,<5,0
34007607505,GAD,18-64,2017,5,<5,<5
34007607505,GAD,18-64,2018,14,8,6
34007607505,GAD,18-64,2019,5,5,0
34007607505,GAD,18-64,2020,<5,<5,<5
34007607505,GAD,18-64,2021,10,9,<5
34007607505,GAD,18-64,2022,8,7,<5
34007607505,GAD,18-64,2023,<5,<5,0
34007607505,GAD,18-64,2024,10,8,<5
34007607506,GAD,18-64,2017,15,9,6
34007607506,GAD,18-64,2018,15,10,6
34007607506,GAD,18-64,2019,15,6,9
34007607506,GAD,18-64,2020,13,9,<5
34007607506,GAD,18-64,2021,7,<5,<5
34007607506,GAD,18-64,2022,12,10,<5
34007607506,GAD,18-64,2023,9,7,<5
34007607506,GAD,18-64,2024,9,7,<5
34007607507,GAD,18-64,2017,38,21,19
34007607507,GAD,18-64,2018,30,21,10
34007607507,GAD,18-64,2019,30,19,13
34007607507,GAD,18-64,2020,21,20,<5
34007607507,GAD,18-64,2021,19,16,5
34007607507,GAD,18-64,2022,23,20,<5
34007607507,GAD,18-64,2023,24,20,<5
34007607507,GAD,18-64,2024,19,15,<5
34007607600,GAD,18-64,2017,<5,<5,<5
34007607600,GAD,18-64,2018,11,5,7
34007607600,GAD,18-64,2019,11,6,6
34007607600,GAD,18-64,2020,8,6,<5
34007607600,GAD,18-64,2021,<5,<5,<5
34007607600,GAD,18-64,2022,5,<5,<5
34007607600,GAD,18-64,2023,6,<5,<5
34007607600,GAD,18-64,2024,6,6,0
34007607701,GAD,18-64,2017,45,29,16
34007607701,GAD,18-64,2018,48,33,17
34007607701,GAD,18-64,2019,60,42,23
34007607701,GAD,18-64,2020,23,22,<5
34007607701,GAD,18-64,2021,26,26,0
34007607701,GAD,18-64,2022,27,21,6
34007607701,GAD,18-64,2023,36,34,<5
34007607701,GAD,18-64,2024,24,21,<5
34007607702,GAD,18-64,2017,40,21,21
34007607702,GAD,18-64,2018,41,25,19
34007607702,GAD,18-64,2019,39,24,18
34007607702,GAD,18-64,2020,24,22,<5
34007607702,GAD,18-64,2021,20,17,<5
34007607702,GAD,18-64,2022,17,12,5
34007607702,GAD,18-64,2023,18,12,7
34007607702,GAD,18-64,2024,18,15,<5
34007607801,GAD,18-64,2017,49,27,24
34007607801,GAD,18-64,2018,46,27,23
34007607801,GAD,18-64,2019,58,36,27
34007607801,GAD,18-64,2020,31,22,11
34007607801,GAD,18-64,2021,23,19,<5
34007607801,GAD,18-64,2022,20,14,6
34007607801,GAD,18-64,2023,22,18,<5
34007607801,GAD,18-64,2024,18,14,5
34007607802,GAD,18-64,2017,19,10,9
34007607802,GAD,18-64,2018,20,12,10
34007607802,GAD,18-64,2019,22,13,11
34007607802,GAD,18-64,2020,14,13,<5
34007607802,GAD,18-64,2021,6,<5,<5
34007607802,GAD,18-64,2022,9,8,<5
34007607802,GAD,18-64,2023,10,8,<5
34007607802,GAD,18-64,2024,10,9,<5
34007607900,GAD,18-64,2017,16,8,11
34007607900,GAD,18-64,2018,14,6,9
34007607900,GAD,18-64,2019,10,6,6
34007607900,GAD,18-64,2020,7,<5,<5
34007607900,GAD,18-64,2021,<5,<5,0
34007607900,GAD,18-64,2022,5,5,0
34007607900,GAD,18-64,2023,5,<5,<5
34007607900,GAD,18-64,2024,<5,<5,0
34007608001,GAD,18-64,2017,17,11,8
34007608001,GAD,18-64,2018,23,10,13
34007608001,GAD,18-64,2019,30,16,14
34007608001,GAD,18-64,2020,12,10,<5
34007608001,GAD,18-64,2021,13,12,<5
34007608001,GAD,18-64,2022,9,8,<5
34007608001,GAD,18-64,2023,12,11,<5
34007608001,GAD,18-64,2024,7,6,<5
34007608202,GAD,18-64,2017,24,11,15
34007608202,GAD,18-64,2018,33,17,18
34007608202,GAD,18-64,2019,29,17,14
34007608202,GAD,18-64,2020,15,13,<5
34007608202,GAD,18-64,2021,19,15,<5
34007608202,GAD,18-64,2022,12,10,<5
34007608202,GAD,18-64,2023,15,13,<5
34007608202,GAD,18-64,2024,14,11,<5
34007608205,GAD,18-64,2017,13,6,7
34007608205,GAD,18-64,2018,17,11,6
34007608205,GAD,18-64,2019,13,<5,9
34007608205,GAD,18-64,2020,10,5,6
34007608205,GAD,18-64,2021,10,8,<5
34007608205,GAD,18-64,2022,<5,<5,0
34007608205,GAD,18-64,2023,5,<5,<5
34007608205,GAD,18-64,2024,<5,<5,0
34007608206,GAD,18-64,2017,21,8,14
34007608206,GAD,18-64,2018,17,8,9
34007608206,GAD,18-64,2019,19,8,12
34007608206,GAD,18-64,2020,12,10,<5
34007608206,GAD,18-64,2021,8,8,0
34007608206,GAD,18-64,2022,8,6,<5
34007608206,GAD,18-64,2023,9,8,<5
34007608206,GAD,18-64,2024,9,7,<5
34007608209,GAD,18-64,2017,34,15,19
34007608209,GAD,18-64,2018,26,11,15
34007608209,GAD,18-64,2019,29,19,12
34007608209,GAD,18-64,2020,15,11,<5
34007608209,GAD,18-64,2021,15,12,<5
34007608209,GAD,18-64,2022,13,12,<5
34007608209,GAD,18-64,2023,17,14,5
34007608209,GAD,18-64,2024,13,11,<5
34007608210,GAD,18-64,2017,39,24,20
34007608210,GAD,18-64,2018,39,20,21
34007608210,GAD,18-64,2019,35,17,18
34007608210,GAD,18-64,2020,11,11,0
34007608210,GAD,18-64,2021,12,8,<5
34007608210,GAD,18-64,2022,12,11,<5
34007608210,GAD,18-64,2023,14,9,5
34007608210,GAD,18-64,2024,19,15,5
34007608211,GAD,18-64,2017,40,13,29
34007608211,GAD,18-64,2018,30,17,14
34007608211,GAD,18-64,2019,46,30,21
34007608211,GAD,18-64,2020,21,19,<5
34007608211,GAD,18-64,2021,22,18,<5
34007608211,GAD,18-64,2022,18,14,5
34007608211,GAD,18-64,2023,11,8,<5
34007608211,GAD,18-64,2024,15,14,<5
34007608302,GAD,18-64,2017,57,26,35
34007608302,GAD,18-64,2018,46,23,24
34007608302,GAD,18-64,2019,45,26,22
34007608302,GAD,18-64,2020,21,15,6
34007608302,GAD,18-64,2021,18,17,<5
34007608302,GAD,18-64,2022,25,21,<5
34007608302,GAD,18-64,2023,15,11,<5
34007608302,GAD,18-64,2024,17,15,<5
34007608303,GAD,18-64,2017,22,14,8
34007608303,GAD,18-64,2018,22,7,16
34007608303,GAD,18-64,2019,25,11,16
34007608303,GAD,18-64,2020,9,5,<5
34007608303,GAD,18-64,2021,10,9,<5
34007608303,GAD,18-64,2022,13,10,<5
34007608303,GAD,18-64,2023,10,10,<5
34007608303,GAD,18-64,2024,6,5,<5
34007608304,GAD,18-64,2017,38,20,20
34007608304,GAD,18-64,2018,40,20,21
34007608304,GAD,18-64,2019,39,19,20
34007608304,GAD,18-64,2020,23,17,7
34007608304,GAD,18-64,2021,13,11,<5
34007608304,GAD,18-64,2022,12,9,<5
34007608304,GAD,18-64,2023,8,8,0
34007608304,GAD,18-64,2024,8,6,<5
34007608401,GAD,18-64,2017,28,15,17
34007608401,GAD,18-64,2018,28,13,15
34007608401,GAD,18-64,2019,28,13,15
34007608401,GAD,18-64,2020,23,20,<5
34007608401,GAD,18-64,2021,12,11,<5
34007608401,GAD,18-64,2022,8,7,<5
34007608401,GAD,18-64,2023,13,12,<5
34007608401,GAD,18-64,2024,11,8,<5
34007608402,GAD,18-64,2017,19,8,12
34007608402,GAD,18-64,2018,18,12,6
34007608402,GAD,18-64,2019,11,8,<5
34007608402,GAD,18-64,2020,8,8,<5
34007608402,GAD,18-64,2021,<5,<5,0
34007608402,GAD,18-64,2022,7,6,<5
34007608402,GAD,18-64,2023,10,9,<5
34007608402,GAD,18-64,2024,13,10,<5
34007608403,GAD,18-64,2017,42,25,18
34007608403,GAD,18-64,2018,51,26,28
34007608403,GAD,18-64,2019,44,25,19
34007608403,GAD,18-64,2020,22,15,8
34007608403,GAD,18-64,2021,24,22,<5
34007608403,GAD,18-64,2022,14,14,0
34007608403,GAD,18-64,2023,17,16,<5
34007608403,GAD,18-64,2024,9,8,<5
34007608404,GAD,18-64,2017,41,21,23
34007608404,GAD,18-64,2018,50,27,25
34007608404,GAD,18-64,2019,33,14,19
34007608404,GAD,18-64,2020,14,13,<5
34007608404,GAD,18-64,2021,20,16,<5
34007608404,GAD,18-64,2022,11,9,<5
34007608404,GAD,18-64,2023,16,16,0
34007608404,GAD,18-64,2024,20,14,7
34007608503,GAD,18-64,2017,32,21,14
34007608503,GAD,18-64,2018,32,21,14
34007608503,GAD,18-64,2019,27,18,12
34007608503,GAD,18-64,2020,21,19,<5
34007608503,GAD,18-64,2021,13,9,<5
34007608503,GAD,18-64,2022,11,9,<5
34007608503,GAD,18-64,2023,7,6,<5
34007608503,GAD,18-64,2024,9,6,<5
34007608504,GAD,18-64,2017,65,39,30
34007608504,GAD,18-64,2018,34,15,19
34007608504,GAD,18-64,2019,44,28,19
34007608504,GAD,18-64,2020,31,24,8
34007608504,GAD,18-64,2021,15,10,5
34007608504,GAD,18-64,2022,22,20,<5
34007608504,GAD,18-64,2023,12,10,<5
34007608504,GAD,18-64,2024,21,15,6
34007608600,GAD,18-64,2017,39,22,18
34007608600,GAD,18-64,2018,48,18,32
34007608600,GAD,18-64,2019,44,29,21
34007608600,GAD,18-64,2020,29,21,8
34007608600,GAD,18-64,2021,23,18,7
34007608600,GAD,18-64,2022,19,17,<5
34007608600,GAD,18-64,2023,27,23,<5
34007608600,GAD,18-64,2024,25,24,<5
34007608700,GAD,18-64,2017,23,11,13
34007608700,GAD,18-64,2018,25,14,13
34007608700,GAD,18-64,2019,35,20,15
34007608700,GAD,18-64,2020,23,16,7
34007608700,GAD,18-64,2021,25,24,<5
34007608700,GAD,18-64,2022,22,22,0
34007608700,GAD,18-64,2023,18,18,<5
34007608700,GAD,18-64,2024,21,20,<5
34007608800,GAD,18-64,2017,23,12,12
34007608800,GAD,18-64,2018,25,15,10
34007608800,GAD,18-64,2019,29,18,13
34007608800,GAD,18-64,2020,14,12,<5
34007608800,GAD,18-64,2021,25,23,5
34007608800,GAD,18-64,2022,25,22,<5
34007608800,GAD,18-64,2023,20,17,<5
34007608800,GAD,18-64,2024,11,9,<5
34007608901,GAD,18-64,2017,28,17,13
34007608901,GAD,18-64,2018,21,8,14
34007608901,GAD,18-64,2019,35,21,14
34007608901,GAD,18-64,2020,20,15,5
34007608901,GAD,18-64,2021,26,20,7
34007608901,GAD,18-64,2022,21,19,<5
34007608901,GAD,18-64,2023,19,17,<5
34007608901,GAD,18-64,2024,19,16,<5
34007608903,GAD,18-64,2017,11,6,6
34007608903,GAD,18-64,2018,10,5,6
34007608903,GAD,18-64,2019,18,10,10
34007608903,GAD,18-64,2020,9,7,<5
34007608903,GAD,18-64,2021,6,5,<5
34007608903,GAD,18-64,2022,14,11,<5
34007608903,GAD,18-64,2023,12,12,0
34007608903,GAD,18-64,2024,6,6,0
34007608904,GAD,18-64,2017,<5,<5,<5
34007608904,GAD,18-64,2018,<5,<5,<5
34007608904,GAD,18-64,2019,10,7,<5
34007608904,GAD,18-64,2020,<5,<5,0
34007608904,GAD,18-64,2021,<5,<5,<5
34007608904,GAD,18-64,2022,<5,<5,0
34007608904,GAD,18-64,2023,<5,<5,<5
34007608904,GAD,18-64,2024,<5,<5,0
34007609000,GAD,18-64,2017,7,6,<5
34007609000,GAD,18-64,2018,8,<5,<5
34007609000,GAD,18-64,2019,11,5,6
34007609000,GAD,18-64,2020,8,7,<5
34007609000,GAD,18-64,2021,7,6,<5
34007609000,GAD,18-64,2022,6,5,<5
34007609000,GAD,18-64,2023,<5,<5,0
34007609000,GAD,18-64,2024,<5,<5,0
34007609103,GAD,18-64,2017,25,12,15
34007609103,GAD,18-64,2018,12,7,6
34007609103,GAD,18-64,2019,27,20,9
34007609103,GAD,18-64,2020,20,17,5
34007609103,GAD,18-64,2021,15,12,<5
34007609103,GAD,18-64,2022,16,12,<5
34007609103,GAD,18-64,2023,13,13,0
34007609103,GAD,18-64,2024,22,21,<5
34007609201,GAD,18-64,2017,21,7,14
34007609201,GAD,18-64,2018,23,10,16
34007609201,GAD,18-64,2019,25,13,12
34007609201,GAD,18-64,2020,17,14,<5
34007609201,GAD,18-64,2021,14,12,<5
34007609201,GAD,18-64,2022,15,14,<5
34007609201,GAD,18-64,2023,15,12,<5
34007609201,GAD,18-64,2024,8,7,<5
34007609202,GAD,18-64,2017,26,14,12
34007609202,GAD,18-64,2018,34,18,17
34007609202,GAD,18-64,2019,42,26,19
34007609202,GAD,18-64,2020,26,19,7
34007609202,GAD,18-64,2021,19,18,<5
34007609202,GAD,18-64,2022,30,29,<5
34007609202,GAD,18-64,2023,23,19,<5
34007609202,GAD,18-64,2024,19,18,<5
34007609203,GAD,18-64,2017,35,15,21
34007609203,GAD,18-64,2018,43,18,26
34007609203,GAD,18-64,2019,43,28,18
34007609203,GAD,18-64,2020,28,20,8
34007609203,GAD,18-64,2021,20,18,<5
34007609203,GAD,18-64,2022,26,22,5
34007609203,GAD,18-64,2023,24,23,<5
34007609203,GAD,18-64,2024,18,14,<5
34007609204,GAD,18-64,2017,27,13,17
34007609204,GAD,18-64,2018,27,12,18
34007609204,GAD,18-64,2019,37,21,17
34007609204,GAD,18-64,2020,15,13,<5
34007609204,GAD,18-64,2021,18,15,<5
34007609204,GAD,18-64,2022,24,22,<5
34007609204,GAD,18-64,2023,14,14,0
34007609204,GAD,18-64,2024,16,14,<5
34007609205,GAD,18-64,2017,19,12,7
34007609205,GAD,18-64,2018,13,10,<5
34007609205,GAD,18-64,2019,18,13,7
34007609205,GAD,18-64,2020,21,17,<5
34007609205,GAD,18-64,2021,10,10,0
34007609205,GAD,18-64,2022,13,12,<5
34007609205,GAD,18-64,2023,11,8,<5
34007609205,GAD,18-64,2024,5,5,0
34007610300,GAD,18-64,2017,15,13,<5
34007610300,GAD,18-64,2018,23,16,7
34007610300,GAD,18-64,2019,15,12,5
34007610300,GAD,18-64,2020,12,12,0
34007610300,GAD,18-64,2021,10,10,0
34007610300,GAD,18-64,2022,9,7,<5
34007610300,GAD,18-64,2023,9,8,<5
34007610300,GAD,18-64,2024,11,11,0
34007610400,GAD,18-64,2017,124,97,39
34007610400,GAD,18-64,2018,122,97,29
34007610400,GAD,18-64,2019,110,88,33
34007610400,GAD,18-64,2020,79,69,18
34007610400,GAD,18-64,2021,47,40,8
34007610400,GAD,18-64,2022,48,47,<5
34007610400,GAD,18-64,2023,59,50,11
34007610400,GAD,18-64,2024,62,57,7
34007610500,GAD,18-64,2017,61,42,24
34007610500,GAD,18-64,2018,64,48,19
34007610500,GAD,18-64,2019,57,43,18
34007610500,GAD,18-64,2020,44,40,9
34007610500,GAD,18-64,2021,30,29,<5
34007610500,GAD,18-64,2022,22,20,<5
34007610500,GAD,18-64,2023,28,27,<5
34007610500,GAD,18-64,2024,26,24,<5
34007610600,GAD,18-64,2017,35,27,13
34007610600,GAD,18-64,2018,22,13,11
34007610600,GAD,18-64,2019,17,6,11
34007610600,GAD,18-64,2020,15,10,6
34007610600,GAD,18-64,2021,10,7,<5
34007610600,GAD,18-64,2022,12,10,<5
34007610600,GAD,18-64,2023,<5,<5,0
34007610600,GAD,18-64,2024,<5,<5,<5
34007610800,GAD,18-64,2017,55,35,26
34007610800,GAD,18-64,2018,52,34,22
34007610800,GAD,18-64,2019,50,35,20
34007610800,GAD,18-64,2020,33,27,8
34007610800,GAD,18-64,2021,22,13,10
34007610800,GAD,18-64,2022,26,23,5
34007610800,GAD,18-64,2023,20,17,<5
34007610800,GAD,18-64,2024,17,14,5
34007610900,GAD,18-64,2017,34,21,17
34007610900,GAD,18-64,2018,28,12,17
34007610900,GAD,18-64,2019,23,17,7
34007610900,GAD,18-64,2020,16,11,7
34007610900,GAD,18-64,2021,8,5,<5
34007610900,GAD,18-64,2022,12,12,0
34007610900,GAD,18-64,2023,6,<5,<5
34007610900,GAD,18-64,2024,8,7,<5
34007611000,GAD,18-64,2017,67,46,28
34007611000,GAD,18-64,2018,57,35,25
34007611000,GAD,18-64,2019,79,58,26
34007611000,GAD,18-64,2020,60,52,9
34007611000,GAD,18-64,2021,43,35,8
34007611000,GAD,18-64,2022,37,32,6
34007611000,GAD,18-64,2023,40,35,5
34007611000,GAD,18-64,2024,43,36,7
34007611100,GAD,18-64,2017,14,8,7
34007611100,GAD,18-64,2018,22,17,5
34007611100,GAD,18-64,2019,26,21,7
34007611100,GAD,18-64,2020,23,16,9
34007611100,GAD,18-64,2021,12,11,<5
34007611100,GAD,18-64,2022,11,11,0
34007611100,GAD,18-64,2023,8,6,<5
34007611100,GAD,18-64,2024,7,5,<5
34007611200,GAD,18-64,2017,29,14,16
34007611200,GAD,18-64,2018,36,16,21
34007611200,GAD,18-64,2019,46,27,22
34007611200,GAD,18-64,2020,12,10,<5
34007611200,GAD,18-64,2021,11,9,<5
34007611200,GAD,18-64,2022,15,12,<5
34007611200,GAD,18-64,2023,13,11,<5
34007611200,GAD,18-64,2024,13,11,<5
34007611300,GAD,18-64,2017,35,15,24
34007611300,GAD,18-64,2018,28,18,12
34007611300,GAD,18-64,2019,26,18,9
34007611300,GAD,18-64,2020,12,8,<5
34007611300,GAD,18-64,2021,15,10,5
34007611300,GAD,18-64,2022,23,20,<5
34007611300,GAD,18-64,2023,13,13,0
34007611300,GAD,18-64,2024,11,8,<5
34007611400,GAD,18-64,2017,36,19,20
34007611400,GAD,18-64,2018,33,13,23
34007611400,GAD,18-64,2019,45,31,17
34007611400,GAD,18-64,2020,16,11,6
34007611400,GAD,18-64,2021,14,13,<5
34007611400,GAD,18-64,2022,11,9,<5
34007611400,GAD,18-64,2023,15,15,0
34007611400,GAD,18-64,2024,19,18,<5
34007611500,GAD,18-64,2017,5,<5,<5
34007611500,GAD,18-64,2018,<5,<5,<5
34007611500,GAD,18-64,2019,6,<5,<5
34007611500,GAD,18-64,2020,<5,<5,<5
34007611500,GAD,18-64,2021,<5,<5,<5
34007611500,GAD,18-64,2022,<5,<5,<5
34007611500,GAD,18-64,2023,<5,<5,0
34007611500,GAD,18-64,2024,<5,<5,0
34007611600,GAD,18-64,2017,64,51,19
34007611600,GAD,18-64,2018,77,56,24
34007611600,GAD,18-64,2019,66,52,21
34007611600,GAD,18-64,2020,45,39,11
34007611600,GAD,18-64,2021,22,19,<5
34007611600,GAD,18-64,2022,23,22,<5
34007611600,GAD,18-64,2023,17,16,<5
34007611600,GAD,18-64,2024,24,19,5
34007611700,GAD,18-64,2017,20,16,<5
34007611700,GAD,18-64,2018,21,15,8
34007611700,GAD,18-64,2019,31,26,6
34007611700,GAD,18-64,2020,15,12,<5
34007611700,GAD,18-64,2021,5,5,0
34007611700,GAD,18-64,2022,10,9,<5
34007611700,GAD,18-64,2023,6,<5,<5
34007611700,GAD,18-64,2024,7,<5,<5
34007600200,GAD,65+,2017,5,<5,<5
34007600200,GAD,65+,2018,<5,<5,0
34007600200,GAD,65+,2019,8,6,<5
34007600200,GAD,65+,2020,<5,<5,<5
34007600200,GAD,65+,2021,<5,<5,0
34007600200,GAD,65+,2024,<5,<5,<5
34007600400,GAD,65+,2017,<5,<5,<5
34007600400,GAD,65+,2018,<5,<5,0
34007600400,GAD,65+,2019,<5,<5,<5
34007600400,GAD,65+,2020,<5,<5,0
34007600400,GAD,65+,2021,<5,0,<5
34007600400,GAD,65+,2022,<5,<5,<5
34007600400,GAD,65+,2023,<5,0,<5
34007600400,GAD,65+,2024,<5,<5,<5
34007600700,GAD,65+,2017,<5,<5,<5
34007600700,GAD,65+,2018,<5,0,<5
34007600700,GAD,65+,2019,<5,<5,<5
34007600700,GAD,65+,2020,<5,<5,<5
34007600700,GAD,65+,2021,<5,<5,0
34007600800,GAD,65+,2017,20,14,7
34007600800,GAD,65+,2018,9,<5,7
34007600800,GAD,65+,2019,19,8,14
34007600800,GAD,65+,2020,7,<5,<5
34007600800,GAD,65+,2021,6,<5,<5
34007600800,GAD,65+,2022,<5,<5,0
34007600800,GAD,65+,2023,<5,<5,<5
34007600800,GAD,65+,2024,<5,<5,0
34007600900,GAD,65+,2017,<5,<5,<5
34007600900,GAD,65+,2018,6,5,<5
34007600900,GAD,65+,2019,<5,<5,<5
34007600900,GAD,65+,2020,<5,<5,0
34007600900,GAD,65+,2023,<5,<5,0
34007600900,GAD,65+,2024,<5,<5,<5
34007601000,GAD,65+,2017,5,<5,<5
34007601000,GAD,65+,2018,12,7,6
34007601000,GAD,65+,2019,5,<5,<5
34007601000,GAD,65+,2020,6,<5,<5
34007601000,GAD,65+,2021,<5,<5,0
34007601000,GAD,65+,2022,5,<5,<5
34007601000,GAD,65+,2023,<5,<5,<5
34007601000,GAD,65+,2024,<5,<5,0
34007601101,GAD,65+,2017,<5,<5,<5
34007601101,GAD,65+,2018,<5,<5,<5
34007601101,GAD,65+,2019,<5,<5,<5
34007601101,GAD,65+,2020,<5,<5,<5
34007601101,GAD,65+,2022,<5,<5,0
34007601101,GAD,65+,2023,<5,<5,0
34007601102,GAD,65+,2017,7,<5,5
34007601102,GAD,65+,2018,12,9,<5
34007601102,GAD,65+,2019,15,9,8
34007601102,GAD,65+,2020,11,5,6
34007601102,GAD,65+,2021,<5,<5,0
34007601102,GAD,65+,2022,<5,<5,<5
34007601102,GAD,65+,2023,<5,<5,0
34007601102,GAD,65+,2024,<5,<5,<5
34007601200,GAD,65+,2017,9,<5,6
34007601200,GAD,65+,2018,9,5,<5
34007601200,GAD,65+,2019,13,6,8
34007601200,GAD,65+,2020,9,7,5
34007601200,GAD,65+,2021,<5,<5,0
34007601200,GAD,65+,2022,<5,<5,<5
34007601200,GAD,65+,2023,<5,<5,<5
34007601200,GAD,65+,2024,<5,<5,<5
34007601300,GAD,65+,2017,10,6,7
34007601300,GAD,65+,2018,10,5,5
34007601300,GAD,65+,2019,12,6,6
34007601300,GAD,65+,2020,11,5,6
34007601300,GAD,65+,2021,<5,<5,0
34007601300,GAD,65+,2022,<5,<5,0
34007601300,GAD,65+,2023,<5,<5,0
34007601300,GAD,65+,2024,<5,<5,0
34007601400,GAD,65+,2017,6,<5,<5
34007601400,GAD,65+,2018,12,5,7
34007601400,GAD,65+,2019,14,9,8
34007601400,GAD,65+,2020,10,7,5
34007601400,GAD,65+,2021,<5,<5,0
34007601400,GAD,65+,2022,<5,0,<5
34007601400,GAD,65+,2023,<5,<5,0
34007601400,GAD,65+,2024,<5,<5,0
34007601500,GAD,65+,2017,12,9,<5
34007601500,GAD,65+,2018,15,10,6
34007601500,GAD,65+,2019,12,6,7
34007601500,GAD,65+,2020,10,6,<5
34007601500,GAD,65+,2021,8,5,<5
34007601500,GAD,65+,2022,<5,<5,<5
34007601500,GAD,65+,2023,<5,<5,<5
34007601500,GAD,65+,2024,6,5,<5
34007601600,GAD,65+,2017,<5,<5,0
34007601600,GAD,65+,2018,<5,<5,<5
34007601600,GAD,65+,2019,<5,<5,<5
34007601600,GAD,65+,2020,<5,<5,<5
34007601600,GAD,65+,2021,<5,<5,<5
34007601600,GAD,65+,2022,<5,<5,0
34007601600,GAD,65+,2023,<5,<5,<5
34007601600,GAD,65+,2024,<5,0,<5
34007601700,GAD,65+,2017,15,8,8
34007601700,GAD,65+,2018,14,10,6
34007601700,GAD,65+,2019,8,7,<5
34007601700,GAD,65+,2020,5,<5,<5
34007601700,GAD,65+,2021,<5,<5,0
34007601700,GAD,65+,2022,<5,<5,0
34007601700,GAD,65+,2023,<5,<5,0
34007601700,GAD,65+,2024,<5,<5,0
34007601800,GAD,65+,2017,<5,<5,<5
34007601800,GAD,65+,2018,<5,0,<5
34007601800,GAD,65+,2019,<5,0,<5
34007601800,GAD,65+,2020,<5,<5,0
34007601800,GAD,65+,2021,<5,<5,<5
34007601800,GAD,65+,2022,<5,<5,0
34007601800,GAD,65+,2023,<5,<5,0
34007601900,GAD,65+,2017,<5,<5,0
34007601900,GAD,65+,2018,5,<5,<5
34007601900,GAD,65+,2019,<5,<5,<5
34007601900,GAD,65+,2020,<5,<5,<5
34007601900,GAD,65+,2021,5,<5,<5
34007601900,GAD,65+,2022,<5,<5,0
34007601900,GAD,65+,2023,<5,<5,0
34007601900,GAD,65+,2024,<5,<5,0
34007602000,GAD,65+,2017,7,7,0
34007602000,GAD,65+,2018,7,<5,5
34007602000,GAD,65+,2019,<5,<5,<5
34007602000,GAD,65+,2020,6,<5,<5
34007602000,GAD,65+,2021,<5,<5,<5
34007602000,GAD,65+,2022,5,<5,<5
34007602000,GAD,65+,2023,<5,<5,<5
34007602000,GAD,65+,2024,<5,<5,<5
34007602503,GAD,65+,2017,<5,0,<5
34007602503,GAD,65+,2018,<5,<5,<5
34007602503,GAD,65+,2019,<5,<5,<5
34007602503,GAD,65+,2020,<5,<5,<5
34007602503,GAD,65+,2021,<5,0,<5
34007602503,GAD,65+,2022,<5,0,<5
34007602503,GAD,65+,2024,<5,<5,0
34007602601,GAD,65+,2017,9,6,<5
34007602601,GAD,65+,2018,7,6,<5
34007602601,GAD,65+,2019,6,<5,<5
34007602601,GAD,65+,2020,5,<5,<5
34007602601,GAD,65+,2021,5,<5,<5
34007602601,GAD,65+,2022,<5,<5,0
34007602601,GAD,65+,2023,<5,<5,<5
34007602601,GAD,65+,2024,<5,<5,<5
34007602602,GAD,65+,2017,5,<5,<5
34007602602,GAD,65+,2018,<5,<5,<5
34007602602,GAD,65+,2019,<5,<5,0
34007602602,GAD,65+,2020,5,<5,<5
34007602602,GAD,65+,2021,<5,<5,0
34007602602,GAD,65+,2022,<5,<5,0
34007602602,GAD,65+,2023,<5,0,<5
34007602901,GAD,65+,2017,18,6,14
34007602901,GAD,65+,2018,23,12,15
34007602901,GAD,65+,2019,20,6,15
34007602901,GAD,65+,2020,11,<5,7
34007602901,GAD,65+,2021,<5,0,<5
34007602901,GAD,65+,2022,<5,<5,<5
34007602901,GAD,65+,2023,<5,<5,<5
34007602901,GAD,65+,2024,8,7,<5
34007602902,GAD,65+,2017,6,0,6
34007602902,GAD,65+,2018,6,0,6
34007602902,GAD,65+,2019,6,<5,<5
34007602902,GAD,65+,2020,<5,0,<5
34007602902,GAD,65+,2021,<5,0,<5
34007602902,GAD,65+,2022,<5,<5,0
34007602902,GAD,65+,2024,<5,<5,0
34007603001,GAD,65+,2017,<5,0,<5
34007603001,GAD,65+,2018,8,<5,6
34007603001,GAD,65+,2019,15,6,10
34007603001,GAD,65+,2020,12,8,5
34007603001,GAD,65+,2021,<5,<5,<5
34007603001,GAD,65+,2022,<5,<5,0
34007603001,GAD,65+,2023,<5,<5,0
34007603001,GAD,65+,2024,<5,<5,0
34007603002,GAD,65+,2017,12,7,6
34007603002,GAD,65+,2018,10,6,5
34007603002,GAD,65+,2019,10,5,6
34007603002,GAD,65+,2020,6,<5,<5
34007603002,GAD,65+,2021,<5,<5,<5
34007603002,GAD,65+,2022,<5,0,<5
34007603002,GAD,65+,2023,<5,<5,<5
34007603002,GAD,65+,2024,<5,0,<5
34007603100,GAD,65+,2017,12,5,7
34007603100,GAD,65+,2018,8,0,8
34007603100,GAD,65+,2019,8,<5,6
34007603100,GAD,65+,2020,<5,<5,<5
34007603100,GAD,65+,2021,<5,0,<5
34007603100,GAD,65+,2022,<5,<5,<5
34007603100,GAD,65+,2023,<5,<5,0
34007603100,GAD,65+,2024,<5,0,<5
34007603200,GAD,65+,2017,42,8,36
34007603200,GAD,65+,2018,45,11,36
34007603200,GAD,65+,2019,39,12,31
34007603200,GAD,65+,2020,27,14,17
34007603200,GAD,65+,2021,8,<5,5
34007603200,GAD,65+,2022,15,7,9
34007603200,GAD,65+,2023,6,<5,6
34007603200,GAD,65+,2024,6,<5,<5
34007603301,GAD,65+,2017,25,<5,22
34007603301,GAD,65+,2018,28,8,21
34007603301,GAD,65+,2019,28,7,22
34007603301,GAD,65+,2020,5,<5,<5
34007603301,GAD,65+,2021,7,<5,<5
34007603301,GAD,65+,2022,<5,<5,<5
34007603301,GAD,65+,2023,<5,<5,<5
34007603301,GAD,65+,2024,<5,<5,<5
34007603302,GAD,65+,2017,15,<5,14
34007603302,GAD,65+,2018,20,6,16
34007603302,GAD,65+,2019,22,5,18
34007603302,GAD,65+,2020,14,<5,12
34007603302,GAD,65+,2021,6,<5,5
34007603302,GAD,65+,2022,5,<5,<5
34007603302,GAD,65+,2023,<5,<5,<5
34007603302,GAD,65+,2024,9,<5,7
34007603303,GAD,65+,2017,24,<5,22
34007603303,GAD,65+,2018,19,5,15
34007603303,GAD,65+,2019,15,<5,13
34007603303,GAD,65+,2020,8,<5,6
34007603303,GAD,65+,2021,<5,<5,<5
34007603303,GAD,65+,2022,7,<5,6
34007603303,GAD,65+,2023,7,<5,<5
34007603303,GAD,65+,2024,<5,<5,<5
34007603400,GAD,65+,2017,19,5,14
34007603400,GAD,65+,2018,28,7,21
34007603400,GAD,65+,2019,36,10,29
34007603400,GAD,65+,2020,10,5,8
34007603400,GAD,65+,2021,10,<5,7
34007603400,GAD,65+,2022,6,<5,<5
34007603400,GAD,65+,2023,6,<5,5
34007603400,GAD,65+,2024,7,5,<5
34007603501,GAD,65+,2017,<5,<5,<5
34007603501,GAD,65+,2018,5,<5,<5
34007603501,GAD,65+,2019,7,5,<5
34007603501,GAD,65+,2020,<5,<5,<5
34007603501,GAD,65+,2021,<5,<5,<5
34007603501,GAD,65+,2022,<5,<5,<5
34007603501,GAD,65+,2023,<5,<5,<5
34007603501,GAD,65+,2024,<5,<5,<5
34007603503,GAD,65+,2017,<5,0,<5
34007603503,GAD,65+,2018,<5,0,<5
34007603503,GAD,65+,2019,<5,<5,<5
34007603503,GAD,65+,2020,<5,<5,<5
34007603503,GAD,65+,2021,<5,0,<5
34007603503,GAD,65+,2022,<5,0,<5
34007603504,GAD,65+,2017,<5,0,<5
34007603504,GAD,65+,2018,<5,0,<5
34007603504,GAD,65+,2019,<5,<5,<5
34007603504,GAD,65+,2020,<5,0,<5
34007603504,GAD,65+,2021,<5,0,<5
34007603504,GAD,65+,2022,<5,<5,<5
34007603504,GAD,65+,2023,<5,<5,0
34007603504,GAD,65+,2024,<5,0,<5
34007603505,GAD,65+,2017,6,<5,<5
34007603505,GAD,65+,2018,<5,0,<5
34007603505,GAD,65+,2019,<5,<5,<5
34007603505,GAD,65+,2020,<5,<5,<5
34007603505,GAD,65+,2024,<5,0,<5
34007603506,GAD,65+,2017,<5,<5,<5
34007603506,GAD,65+,2018,7,<5,5
34007603506,GAD,65+,2019,5,0,5
34007603506,GAD,65+,2020,<5,<5,0
34007603506,GAD,65+,2021,<5,<5,0
34007603506,GAD,65+,2022,<5,<5,<5
34007603506,GAD,65+,2023,<5,<5,0
34007603506,GAD,65+,2024,<5,<5,0
34007603507,GAD,65+,2017,11,5,7
34007603507,GAD,65+,2018,12,<5,9
34007603507,GAD,65+,2019,<5,<5,<5
34007603507,GAD,65+,2020,10,5,5
34007603507,GAD,65+,2021,7,<5,6
34007603507,GAD,65+,2022,<5,<5,<5
34007603507,GAD,65+,2023,<5,0,<5
34007603507,GAD,65+,2024,<5,<5,<5
34007603601,GAD,65+,2017,27,6,22
34007603601,GAD,65+,2018,32,5,29
34007603601,GAD,65+,2019,23,5,19
34007603601,GAD,65+,2020,8,<5,<5
34007603601,GAD,65+,2021,<5,0,<5
34007603601,GAD,65+,2022,7,<5,6
34007603601,GAD,65+,2023,5,<5,<5
34007603601,GAD,65+,2024,<5,<5,<5
34007603602,GAD,65+,2017,<5,<5,<5
34007603602,GAD,65+,2019,<5,0,<5
34007603602,GAD,65+,2021,<5,<5,0
34007603602,GAD,65+,2024,<5,<5,0
34007603603,GAD,65+,2017,<5,<5,<5
34007603603,GAD,65+,2018,5,<5,<5
34007603603,GAD,65+,2019,<5,<5,<5
34007603603,GAD,65+,2021,<5,0,<5
34007603700,GAD,65+,2017,12,<5,10
34007603700,GAD,65+,2018,13,<5,13
34007603700,GAD,65+,2019,19,<5,18
34007603700,GAD,65+,2020,10,<5,7
34007603700,GAD,65+,2021,<5,0,<5
34007603700,GAD,65+,2022,7,<5,<5
34007603700,GAD,65+,2023,<5,<5,<5
34007603700,GAD,65+,2024,<5,<5,<5
34007603800,GAD,65+,2017,16,<5,13
34007603800,GAD,65+,2018,11,<5,7
34007603800,GAD,65+,2019,8,5,5
34007603800,GAD,65+,2020,5,<5,<5
34007603800,GAD,65+,2021,<5,<5,0
34007603800,GAD,65+,2022,<5,<5,0
34007603800,GAD,65+,2023,<5,<5,0
34007603901,GAD,65+,2017,16,<5,12
34007603901,GAD,65+,2018,18,7,11
34007603901,GAD,65+,2019,21,5,16
34007603901,GAD,65+,2020,14,8,9
34007603901,GAD,65+,2021,<5,<5,<5
34007603901,GAD,65+,2022,<5,0,<5
34007603901,GAD,65+,2023,<5,<5,<5
34007603901,GAD,65+,2024,5,<5,<5
34007603902,GAD,65+,2017,11,<5,9
34007603902,GAD,65+,2018,13,5,10
34007603902,GAD,65+,2019,12,5,10
34007603902,GAD,65+,2020,10,<5,7
34007603902,GAD,65+,2021,<5,<5,0
34007603902,GAD,65+,2023,<5,0,<5
34007603902,GAD,65+,2024,<5,0,<5
34007604100,GAD,65+,2017,6,<5,<5
34007604100,GAD,65+,2018,7,<5,<5
34007604100,GAD,65+,2019,8,5,<5
34007604100,GAD,65+,2020,7,<5,5
34007604100,GAD,65+,2021,<5,0,<5
34007604100,GAD,65+,2024,<5,<5,<5
34007604200,GAD,65+,2017,22,7,16
34007604200,GAD,65+,2018,18,10,11
34007604200,GAD,65+,2019,21,10,13
34007604200,GAD,65+,2020,17,8,9
34007604200,GAD,65+,2021,<5,<5,<5
34007604200,GAD,65+,2022,<5,<5,<5
34007604200,GAD,65+,2023,<5,<5,0
34007604200,GAD,65+,2024,<5,<5,0
34007604300,GAD,65+,2017,12,<5,10
34007604300,GAD,65+,2018,10,<5,8
34007604300,GAD,65+,2019,11,<5,9
34007604300,GAD,65+,2020,5,<5,<5
34007604300,GAD,65+,2021,<5,<5,0
34007604300,GAD,65+,2022,<5,<5,<5
34007604300,GAD,65+,2023,<5,<5,<5
34007604300,GAD,65+,2024,<5,<5,<5
34007604400,GAD,65+,2017,8,<5,7
34007604400,GAD,65+,2018,10,7,6
34007604400,GAD,65+,2019,15,8,8
34007604400,GAD,65+,2020,6,<5,5
34007604400,GAD,65+,2021,<5,<5,<5
34007604400,GAD,65+,2024,<5,0,<5
34007604600,GAD,65+,2017,7,<5,6
34007604600,GAD,65+,2018,10,<5,10
34007604600,GAD,65+,2019,7,<5,<5
34007604600,GAD,65+,2020,<5,<5,0
34007604600,GAD,65+,2022,<5,<5,<5
34007604600,GAD,65+,2024,<5,0,<5
34007604700,GAD,65+,2017,5,<5,<5
34007604700,GAD,65+,2018,<5,<5,<5
34007604700,GAD,65+,2019,8,<5,6
34007604700,GAD,65+,2020,<5,<5,<5
34007604700,GAD,65+,2021,<5,<5,<5
34007604700,GAD,65+,2023,<5,<5,0
34007604700,GAD,65+,2024,<5,<5,<5
34007605100,GAD,65+,2017,<5,<5,<5
34007605100,GAD,65+,2018,<5,0,<5
34007605100,GAD,65+,2019,14,<5,12
34007605100,GAD,65+,2020,5,<5,5
34007605100,GAD,65+,2021,<5,0,<5
34007605100,GAD,65+,2023,<5,<5,<5
34007605100,GAD,65+,2024,<5,0,<5
34007605200,GAD,65+,2017,<5,<5,<5
34007605200,GAD,65+,2018,<5,<5,<5
34007605200,GAD,65+,2019,<5,<5,<5
34007605200,GAD,65+,2020,5,<5,<5
34007605200,GAD,65+,2021,<5,0,<5
34007605200,GAD,65+,2022,<5,<5,<5
34007605200,GAD,65+,2023,<5,<5,<5
34007605200,GAD,65+,2024,<5,<5,0
34007605300,GAD,65+,2018,<5,<5,<5
34007605300,GAD,65+,2019,7,<5,6
34007605300,GAD,65+,2020,<5,<5,<5
34007605300,GAD,65+,2021,<5,<5,0
34007605400,GAD,65+,2017,11,<5,8
34007605400,GAD,65+,2018,12,<5,10
34007605400,GAD,65+,2019,9,5,5
34007605400,GAD,65+,2020,8,<5,6
34007605400,GAD,65+,2021,<5,0,<5
34007605400,GAD,65+,2022,5,<5,<5
34007605400,GAD,65+,2023,<5,<5,<5
34007605602,GAD,65+,2017,<5,<5,<5
34007605602,GAD,65+,2018,7,<5,5
34007605602,GAD,65+,2019,<5,<5,<5
34007605602,GAD,65+,2020,<5,<5,<5
34007605602,GAD,65+,2021,<5,<5,<5
34007605602,GAD,65+,2022,<5,<5,<5
34007605700,GAD,65+,2017,<5,<5,<5
34007605700,GAD,65+,2018,10,6,5
34007605700,GAD,65+,2019,8,<5,6
34007605700,GAD,65+,2020,<5,<5,<5
34007605700,GAD,65+,2022,<5,<5,0
34007605700,GAD,65+,2023,<5,0,<5
34007605800,GAD,65+,2017,6,<5,<5
34007605800,GAD,65+,2018,6,<5,<5
34007605800,GAD,65+,2019,5,<5,5
34007605800,GAD,65+,2020,6,<5,<5
34007605800,GAD,65+,2022,<5,<5,0
34007605800,GAD,65+,2023,<5,<5,<5
34007605800,GAD,65+,2024,<5,0,<5
34007605900,GAD,65+,2017,5,<5,<5
34007605900,GAD,65+,2018,<5,0,<5
34007605900,GAD,65+,2019,5,<5,<5
34007605900,GAD,65+,2020,<5,<5,<5
34007605900,GAD,65+,2021,<5,<5,0
34007605900,GAD,65+,2023,<5,0,<5
34007606000,GAD,65+,2017,7,<5,6
34007606000,GAD,65+,2018,12,<5,9
34007606000,GAD,65+,2019,5,<5,5
34007606000,GAD,65+,2020,<5,<5,<5
34007606000,GAD,65+,2021,<5,<5,0
34007606000,GAD,65+,2023,<5,<5,<5
34007606000,GAD,65+,2024,<5,<5,<5
34007606100,GAD,65+,2017,<5,0,<5
34007606100,GAD,65+,2018,<5,<5,0
34007606100,GAD,65+,2019,<5,<5,<5
34007606100,GAD,65+,2020,<5,0,<5
34007606100,GAD,65+,2021,<5,0,<5
34007606200,GAD,65+,2017,<5,0,<5
34007606200,GAD,65+,2018,10,<5,9
34007606200,GAD,65+,2019,5,<5,<5
34007606300,GAD,65+,2017,<5,0,<5
34007606300,GAD,65+,2018,6,<5,<5
34007606300,GAD,65+,2019,<5,<5,<5
34007606300,GAD,65+,2020,<5,0,<5
34007606300,GAD,65+,2024,<5,0,<5
34007606400,GAD,65+,2017,6,<5,5
34007606400,GAD,65+,2018,<5,<5,<5
34007606400,GAD,65+,2019,<5,<5,<5
34007606400,GAD,65+,2020,<5,<5,<5
34007606400,GAD,65+,2022,<5,<5,<5
34007606400,GAD,65+,2023,<5,<5,0
34007606400,GAD,65+,2024,<5,<5,<5
34007606500,GAD,65+,2017,10,<5,8
34007606500,GAD,65+,2018,7,0,7
34007606500,GAD,65+,2019,10,<5,8
34007606500,GAD,65+,2020,<5,0,<5
34007606500,GAD,65+,2021,<5,<5,<5
34007606500,GAD,65+,2024,<5,<5,0
34007606600,GAD,65+,2017,<5,<5,<5
34007606600,GAD,65+,2018,8,<5,<5
34007606600,GAD,65+,2019,<5,<5,<5
34007606600,GAD,65+,2020,<5,0,<5
34007606600,GAD,65+,2022,<5,<5,0
34007606600,GAD,65+,2024,<5,<5,0
34007606700,GAD,65+,2017,10,<5,7
34007606700,GAD,65+,2018,26,7,19
34007606700,GAD,65+,2019,12,<5,9
34007606700,GAD,65+,2020,9,<5,8
34007606700,GAD,65+,2021,<5,<5,<5
34007606700,GAD,65+,2022,<5,<5,<5
34007606700,GAD,65+,2023,<5,<5,0
34007606700,GAD,65+,2024,<5,<5,<5
34007606800,GAD,65+,2017,5,<5,<5
34007606800,GAD,65+,2018,9,<5,8
34007606800,GAD,65+,2019,8,<5,6
34007606800,GAD,65+,2020,<5,0,<5
34007606800,GAD,65+,2021,<5,0,<5
34007606800,GAD,65+,2022,<5,<5,0
34007606800,GAD,65+,2023,<5,0,<5
34007606800,GAD,65+,2024,<5,0,<5
34007607000,GAD,65+,2017,<5,0,<5
34007607000,GAD,65+,2018,13,<5,12
34007607000,GAD,65+,2019,12,<5,10
34007607000,GAD,65+,2020,8,<5,5
34007607000,GAD,65+,2021,<5,<5,<5
34007607000,GAD,65+,2022,<5,<5,0
34007607000,GAD,65+,2023,<5,<5,<5
34007607000,GAD,65+,2024,<5,<5,<5
34007607100,GAD,65+,2017,11,<5,8
34007607100,GAD,65+,2018,9,<5,7
34007607100,GAD,65+,2019,<5,<5,<5
34007607100,GAD,65+,2020,<5,<5,0
34007607100,GAD,65+,2021,<5,<5,<5
34007607100,GAD,65+,2022,<5,0,<5
34007607100,GAD,65+,2023,<5,0,<5
34007607100,GAD,65+,2024,<5,<5,<5
34007607200,GAD,65+,2017,14,<5,12
34007607200,GAD,65+,2018,9,0,9
34007607200,GAD,65+,2019,<5,0,<5
34007607200,GAD,65+,2020,<5,0,<5
34007607200,GAD,65+,2021,5,<5,<5
34007607200,GAD,65+,2022,<5,0,<5
34007607200,GAD,65+,2023,<5,0,<5
34007607200,GAD,65+,2024,<5,<5,<5
34007607300,GAD,65+,2017,6,<5,6
34007607300,GAD,65+,2018,<5,<5,<5
34007607300,GAD,65+,2019,6,0,6
34007607300,GAD,65+,2020,<5,<5,0
34007607300,GAD,65+,2021,<5,0,<5
34007607300,GAD,65+,2022,<5,0,<5
34007607300,GAD,65+,2023,<5,<5,<5
34007607300,GAD,65+,2024,<5,<5,0
34007607401,GAD,65+,2017,9,<5,8
34007607401,GAD,65+,2018,5,<5,5
34007607401,GAD,65+,2019,<5,<5,<5
34007607401,GAD,65+,2020,<5,<5,<5
34007607401,GAD,65+,2021,<5,0,<5
34007607401,GAD,65+,2023,<5,0,<5
34007607401,GAD,65+,2024,<5,<5,0
34007607402,GAD,65+,2017,<5,0,<5
34007607402,GAD,65+,2018,5,<5,<5
34007607402,GAD,65+,2019,<5,<5,<5
34007607402,GAD,65+,2020,<5,<5,<5
34007607402,GAD,65+,2022,<5,0,<5
34007607402,GAD,65+,2023,<5,<5,<5
34007607402,GAD,65+,2024,<5,<5,0
34007607502,GAD,65+,2017,46,8,41
34007607502,GAD,65+,2018,29,6,25
34007607502,GAD,65+,2019,33,7,30
34007607502,GAD,65+,2020,19,<5,15
34007607502,GAD,65+,2021,11,<5,8
34007607502,GAD,65+,2022,6,<5,<5
34007607502,GAD,65+,2023,6,<5,<5
34007607502,GAD,65+,2024,8,<5,6
34007607503,GAD,65+,2017,33,5,30
34007607503,GAD,65+,2018,28,<5,26
34007607503,GAD,65+,2019,23,7,17
34007607503,GAD,65+,2020,14,7,9
34007607503,GAD,65+,2021,9,<5,5
34007607503,GAD,65+,2022,9,<5,7
34007607503,GAD,65+,2023,6,<5,<5
34007607503,GAD,65+,2024,7,6,<5
34007607504,GAD,65+,2018,<5,0,<5
34007607504,GAD,65+,2019,5,<5,<5
34007607504,GAD,65+,2021,<5,<5,<5
34007607504,GAD,65+,2022,<5,0,<5
34007607504,GAD,65+,2023,<5,<5,<5
34007607504,GAD,65+,2024,<5,0,<5
34007607505,GAD,65+,2017,<5,<5,<5
34007607505,GAD,65+,2018,7,0,7
34007607505,GAD,65+,2019,5,0,5
34007607505,GAD,65+,2020,<5,0,<5
34007607506,GAD,65+,2018,<5,<5,<5
34007607506,GAD,65+,2019,<5,0,<5
34007607506,GAD,65+,2021,<5,<5,0
34007607506,GAD,65+,2022,<5,0,<5
34007607506,GAD,65+,2023,<5,<5,0
34007607507,GAD,65+,2017,23,6,17
34007607507,GAD,65+,2018,22,8,18
34007607507,GAD,65+,2019,14,<5,10
34007607507,GAD,65+,2020,13,5,9
34007607507,GAD,65+,2021,7,6,<5
34007607507,GAD,65+,2022,<5,<5,<5
34007607507,GAD,65+,2023,<5,<5,<5
34007607507,GAD,65+,2024,7,<5,<5
34007607600,GAD,65+,2017,<5,0,<5
34007607600,GAD,65+,2019,<5,0,<5
34007607600,GAD,65+,2021,<5,<5,<5
34007607701,GAD,65+,2017,<5,0,<5
34007607701,GAD,65+,2018,<5,0,<5
34007607701,GAD,65+,2019,5,0,5
34007607701,GAD,65+,2020,6,<5,<5
34007607701,GAD,65+,2022,<5,<5,<5
34007607701,GAD,65+,2023,<5,0,<5
34007607701,GAD,65+,2024,<5,<5,<5
34007607702,GAD,65+,2017,11,<5,10
34007607702,GAD,65+,2018,12,0,12
34007607702,GAD,65+,2019,6,<5,5
34007607702,GAD,65+,2020,5,<5,<5
34007607702,GAD,65+,2021,<5,<5,<5
34007607702,GAD,65+,2022,<5,0,<5
34007607702,GAD,65+,2023,<5,0,<5
34007607702,GAD,65+,2024,<5,<5,0
34007607801,GAD,65+,2017,8,0,8
34007607801,GAD,65+,2018,11,<5,10
34007607801,GAD,65+,2019,8,<5,7
34007607801,GAD,65+,2020,<5,<5,<5
34007607801,GAD,65+,2021,<5,<5,<5
34007607801,GAD,65+,2022,<5,<5,<5
34007607801,GAD,65+,2023,<5,<5,<5
34007607801,GAD,65+,2024,5,<5,<5
34007607802,GAD,65+,2017,7,0,7
34007607802,GAD,65+,2018,5,0,5
34007607802,GAD,65+,2019,<5,0,<5
34007607802,GAD,65+,2021,<5,0,<5
34007607900,GAD,65+,2017,<5,0,<5
34007607900,GAD,65+,2018,<5,0,<5
34007607900,GAD,65+,2019,<5,0,<5
34007607900,GAD,65+,2021,<5,0,<5
34007607900,GAD,65+,2023,<5,0,<5
34007608001,GAD,65+,2017,5,0,5
34007608001,GAD,65+,2018,5,0,5
34007608001,GAD,65+,2019,<5,0,<5
34007608001,GAD,65+,2020,<5,<5,<5
34007608001,GAD,65+,2021,<5,0,<5
34007608001,GAD,65+,2024,<5,0,<5
34007608202,GAD,65+,2017,6,<5,5
34007608202,GAD,65+,2018,8,0,8
34007608202,GAD,65+,2019,9,<5,8
34007608202,GAD,65+,2020,<5,<5,0
34007608202,GAD,65+,2021,<5,0,<5
34007608202,GAD,65+,2023,<5,0,<5
34007608202,GAD,65+,2024,<5,<5,0
34007608205,GAD,65+,2017,5,0,5
34007608205,GAD,65+,2018,<5,0,<5
34007608205,GAD,65+,2019,<5,0,<5
34007608205,GAD,65+,2021,<5,<5,<5
34007608205,GAD,65+,2022,<5,<5,0
34007608205,GAD,65+,2023,<5,<5,0
34007608205,GAD,65+,2024,<5,<5,<5
34007608206,GAD,65+,2017,11,5,8
34007608206,GAD,65+,2018,7,<5,6
34007608206,GAD,65+,2019,8,<5,7
34007608206,GAD,65+,2020,<5,<5,0
34007608206,GAD,65+,2021,<5,<5,0
34007608206,GAD,65+,2022,<5,0,<5
34007608206,GAD,65+,2023,<5,0,<5
34007608209,GAD,65+,2017,<5,<5,<5
34007608209,GAD,65+,2018,6,<5,6
34007608209,GAD,65+,2019,<5,<5,<5
34007608209,GAD,65+,2020,<5,0,<5
34007608209,GAD,65+,2022,<5,<5,<5
34007608210,GAD,65+,2017,<5,0,<5
34007608210,GAD,65+,2018,6,0,6
34007608210,GAD,65+,2019,<5,0,<5
34007608210,GAD,65+,2020,<5,0,<5
34007608210,GAD,65+,2022,<5,0,<5
34007608211,GAD,65+,2017,12,<5,9
34007608211,GAD,65+,2018,<5,<5,<5
34007608211,GAD,65+,2019,8,0,8
34007608211,GAD,65+,2020,<5,0,<5
34007608211,GAD,65+,2021,<5,0,<5
34007608211,GAD,65+,2022,<5,<5,<5
34007608211,GAD,65+,2023,<5,0,<5
34007608302,GAD,65+,2017,17,<5,15
34007608302,GAD,65+,2018,20,<5,18
34007608302,GAD,65+,2019,15,<5,13
34007608302,GAD,65+,2020,<5,<5,<5
34007608302,GAD,65+,2021,5,<5,<5
34007608302,GAD,65+,2022,6,<5,<5
34007608302,GAD,65+,2023,5,<5,<5
34007608302,GAD,65+,2024,<5,0,<5
34007608303,GAD,65+,2017,<5,0,<5
34007608303,GAD,65+,2018,5,0,5
34007608303,GAD,65+,2019,<5,0,<5
34007608303,GAD,65+,2020,<5,0,<5
34007608303,GAD,65+,2024,<5,<5,<5
34007608304,GAD,65+,2017,19,<5,16
34007608304,GAD,65+,2018,13,0,13
34007608304,GAD,65+,2019,10,<5,8
34007608304,GAD,65+,2020,<5,0,<5
34007608304,GAD,65+,2021,5,0,5
34007608304,GAD,65+,2023,<5,0,<5
34007608304,GAD,65+,2024,<5,<5,<5
34007608401,GAD,65+,2017,<5,<5,<5
34007608401,GAD,65+,2018,<5,<5,<5
34007608401,GAD,65+,2019,<5,<5,<5
34007608401,GAD,65+,2020,<5,0,<5
34007608401,GAD,65+,2022,<5,0,<5
34007608401,GAD,65+,2023,<5,<5,0
34007608402,GAD,65+,2017,8,<5,7
34007608402,GAD,65+,2018,9,<5,8
34007608402,GAD,65+,2019,9,<5,7
34007608402,GAD,65+,2020,5,<5,<5
34007608402,GAD,65+,2021,<5,<5,<5
34007608402,GAD,65+,2022,<5,0,<5
34007608402,GAD,65+,2023,<5,<5,0
34007608402,GAD,65+,2024,<5,<5,<5
34007608403,GAD,65+,2017,5,<5,<5
34007608403,GAD,65+,2018,7,<5,6
34007608403,GAD,65+,2019,6,0,6
34007608403,GAD,65+,2020,<5,0,<5
34007608403,GAD,65+,2021,<5,<5,<5
34007608403,GAD,65+,2022,<5,0,<5
34007608403,GAD,65+,2023,<5,<5,0
34007608404,GAD,65+,2017,9,0,9
34007608404,GAD,65+,2018,5,<5,<5
34007608404,GAD,65+,2019,6,<5,5
34007608404,GAD,65+,2020,<5,<5,<5
34007608404,GAD,65+,2021,<5,0,<5
34007608404,GAD,65+,2022,<5,<5,0
34007608404,GAD,65+,2023,<5,<5,<5
34007608404,GAD,65+,2024,<5,<5,<5
34007608503,GAD,65+,2017,<5,0,<5
34007608503,GAD,65+,2018,6,<5,<5
34007608503,GAD,65+,2019,8,<5,7
34007608503,GAD,65+,2020,<5,0,<5
34007608503,GAD,65+,2021,<5,0,<5
34007608503,GAD,65+,2022,<5,<5,0
34007608503,GAD,65+,2023,<5,<5,<5
34007608503,GAD,65+,2024,<5,<5,0
34007608504,GAD,65+,2017,7,0,7
34007608504,GAD,65+,2018,<5,<5,<5
34007608504,GAD,65+,2019,6,<5,<5
34007608504,GAD,65+,2020,<5,<5,<5
34007608504,GAD,65+,2023,<5,<5,<5
34007608600,GAD,65+,2017,14,<5,11
34007608600,GAD,65+,2018,15,<5,14
34007608600,GAD,65+,2019,12,<5,10
34007608600,GAD,65+,2020,<5,0,<5
34007608600,GAD,65+,2021,<5,<5,<5
34007608600,GAD,65+,2022,<5,<5,0
34007608600,GAD,65+,2023,<5,<5,<5
34007608600,GAD,65+,2024,<5,<5,<5
34007608700,GAD,65+,2017,8,<5,6
34007608700,GAD,65+,2018,13,5,8
34007608700,GAD,65+,2019,18,6,13
34007608700,GAD,65+,2020,6,<5,<5
34007608700,GAD,65+,2021,5,<5,<5
34007608700,GAD,65+,2022,<5,<5,<5
34007608700,GAD,65+,2023,<5,<5,<5
34007608700,GAD,65+,2024,<5,<5,0
34007608800,GAD,65+,2017,<5,0,<5
34007608800,GAD,65+,2018,<5,<5,<5
34007608800,GAD,65+,2019,<5,<5,<5
34007608800,GAD,65+,2020,<5,<5,<5
34007608800,GAD,65+,2021,<5,<5,<5
34007608800,GAD,65+,2022,<5,0,<5
34007608800,GAD,65+,2023,<5,<5,0
34007608800,GAD,65+,2024,<5,<5,<5
34007608901,GAD,65+,2017,<5,0,<5
34007608901,GAD,65+,2018,<5,0,<5
34007608901,GAD,65+,2019,8,<5,7
34007608901,GAD,65+,2020,6,<5,<5
34007608901,GAD,65+,2021,<5,<5,0
34007608901,GAD,65+,2022,5,<5,<5
34007608901,GAD,65+,2024,<5,<5,<5
34007608903,GAD,65+,2018,<5,<5,<5
34007608903,GAD,65+,2019,<5,0,<5
34007608903,GAD,65+,2020,<5,<5,0
34007608903,GAD,65+,2021,<5,0,<5
34007608903,GAD,65+,2022,<5,0,<5
34007608903,GAD,65+,2023,<5,<5,<5
34007608903,GAD,65+,2024,5,<5,<5
34007608904,GAD,65+,2017,<5,0,<5
34007608904,GAD,65+,2018,<5,0,<5
34007608904,GAD,65+,2019,<5,<5,<5
34007608904,GAD,65+,2021,<5,<5,0
34007608904,GAD,65+,2022,<5,0,<5
34007608904,GAD,65+,2024,<5,0,<5
34007609000,GAD,65+,2017,<5,0,<5
34007609000,GAD,65+,2018,<5,0,<5
34007609000,GAD,65+,2020,<5,0,<5
34007609000,GAD,65+,2021,<5,0,<5
34007609000,GAD,65+,2024,<5,<5,<5
34007609103,GAD,65+,2017,9,<5,8
34007609103,GAD,65+,2018,8,<5,6
34007609103,GAD,65+,2019,10,<5,9
34007609103,GAD,65+,2020,12,<5,9
34007609103,GAD,65+,2021,<5,0,<5
34007609103,GAD,65+,2022,<5,<5,0
34007609103,GAD,65+,2023,<5,<5,<5
34007609103,GAD,65+,2024,<5,<5,<5
34007609201,GAD,65+,2017,5,0,5
34007609201,GAD,65+,2018,<5,0,<5
34007609201,GAD,65+,2019,<5,0,<5
34007609201,GAD,65+,2021,<5,<5,<5
34007609201,GAD,65+,2023,<5,<5,0
34007609202,GAD,65+,2017,<5,0,<5
34007609202,GAD,65+,2018,9,<5,8
34007609202,GAD,65+,2019,6,<5,6
34007609202,GAD,65+,2020,<5,<5,0
34007609202,GAD,65+,2021,<5,0,<5
34007609202,GAD,65+,2022,<5,<5,<5
34007609202,GAD,65+,2023,<5,<5,<5
34007609202,GAD,65+,2024,<5,<5,<5
34007609203,GAD,65+,2017,7,<5,6
34007609203,GAD,65+,2018,14,<5,13
34007609203,GAD,65+,2019,10,<5,7
34007609203,GAD,65+,2020,<5,0,<5
34007609203,GAD,65+,2021,<5,<5,<5
34007609203,GAD,65+,2022,<5,<5,<5
34007609203,GAD,65+,2023,<5,<5,<5
34007609203,GAD,65+,2024,<5,0,<5
34007609204,GAD,65+,2017,6,<5,<5
34007609204,GAD,65+,2018,7,<5,6
34007609204,GAD,65+,2019,6,<5,5
34007609204,GAD,65+,2020,<5,<5,0
34007609204,GAD,65+,2021,<5,<5,<5
34007609204,GAD,65+,2022,<5,<5,0
34007609205,GAD,65+,2017,<5,<5,<5
34007609205,GAD,65+,2018,7,<5,6
34007609205,GAD,65+,2019,<5,0,<5
34007609205,GAD,65+,2020,<5,0,<5
34007609205,GAD,65+,2021,<5,<5,<5
34007609205,GAD,65+,2022,<5,<5,0
34007609205,GAD,65+,2023,<5,0,<5
34007609205,GAD,65+,2024,<5,0,<5
34007610300,GAD,65+,2017,<5,0,<5
34007610300,GAD,65+,2018,<5,<5,0
34007610300,GAD,65+,2019,<5,0,<5
34007610300,GAD,65+,2020,<5,0,<5
34007610300,GAD,65+,2023,<5,<5,0
34007610400,GAD,65+,2017,5,<5,<5
34007610400,GAD,65+,2018,<5,0,<5
34007610400,GAD,65+,2019,6,<5,<5
34007610400,GAD,65+,2020,<5,<5,<5
34007610400,GAD,65+,2021,<5,<5,<5
34007610400,GAD,65+,2022,<5,<5,<5
34007610400,GAD,65+,2023,<5,<5,<5
34007610400,GAD,65+,2024,<5,<5,0
34007610500,GAD,65+,2017,18,8,11
34007610500,GAD,65+,2018,12,8,7
34007610500,GAD,65+,2019,15,12,6
34007610500,GAD,65+,2020,7,<5,5
34007610500,GAD,65+,2021,5,5,0
34007610500,GAD,65+,2022,<5,<5,<5
34007610500,GAD,65+,2023,<5,<5,<5
34007610600,GAD,65+,2017,14,<5,12
34007610600,GAD,65+,2018,22,6,17
34007610600,GAD,65+,2019,19,8,14
34007610600,GAD,65+,2020,15,8,10
34007610600,GAD,65+,2021,<5,<5,0
34007610600,GAD,65+,2022,6,<5,<5
34007610600,GAD,65+,2023,<5,0,<5
34007610600,GAD,65+,2024,<5,<5,0
34007610800,GAD,65+,2017,12,6,7
34007610800,GAD,65+,2018,17,7,11
34007610800,GAD,65+,2019,19,8,13
34007610800,GAD,65+,2020,13,<5,9
34007610800,GAD,65+,2021,9,7,<5
34007610800,GAD,65+,2022,5,<5,<5
34007610800,GAD,65+,2023,<5,<5,<5
34007610800,GAD,65+,2024,<5,<5,0
34007610900,GAD,65+,2017,13,<5,10
34007610900,GAD,65+,2018,16,9,9
34007610900,GAD,65+,2019,12,6,10
34007610900,GAD,65+,2020,10,6,5
34007610900,GAD,65+,2021,<5,<5,<5
34007610900,GAD,65+,2023,5,<5,<5
34007610900,GAD,65+,2024,5,<5,<5
34007611000,GAD,65+,2017,10,<5,7
34007611000,GAD,65+,2018,7,<5,6
34007611000,GAD,65+,2019,11,<5,9
34007611000,GAD,65+,2020,11,<5,8
34007611000,GAD,65+,2021,<5,<5,<5
34007611000,GAD,65+,2022,5,<5,<5
34007611000,GAD,65+,2023,5,0,5
34007611000,GAD,65+,2024,<5,<5,<5
34007611100,GAD,65+,2017,6,0,6
34007611100,GAD,65+,2018,12,6,6
34007611100,GAD,65+,2019,9,<5,6
34007611100,GAD,65+,2020,9,<5,7
34007611100,GAD,65+,2021,<5,0,<5
34007611100,GAD,65+,2023,<5,0,<5
34007611200,GAD,65+,2017,14,<5,13
34007611200,GAD,65+,2018,12,<5,11
34007611200,GAD,65+,2019,19,5,15
34007611200,GAD,65+,2020,<5,<5,0
34007611200,GAD,65+,2021,<5,<5,<5
34007611200,GAD,65+,2022,<5,<5,<5
34007611200,GAD,65+,2023,<5,0,<5
34007611200,GAD,65+,2024,7,<5,6
34007611300,GAD,65+,2017,16,7,14
34007611300,GAD,65+,2018,12,<5,12
34007611300,GAD,65+,2019,8,<5,6
34007611300,GAD,65+,2020,5,<5,<5
34007611300,GAD,65+,2021,<5,0,<5
34007611300,GAD,65+,2022,<5,<5,<5
34007611300,GAD,65+,2024,<5,<5,0
34007611400,GAD,65+,2017,6,0,6
34007611400,GAD,65+,2018,<5,<5,<5
34007611400,GAD,65+,2019,6,<5,<5
34007611400,GAD,65+,2020,<5,<5,<5
34007611400,GAD,65+,2021,<5,<5,0
34007611400,GAD,65+,2022,<5,<5,0
34007611400,GAD,65+,2023,<5,0,<5
34007611500,GAD,65+,2017,<5,0,<5
34007611500,GAD,65+,2018,<5,0,<5
34007611500,GAD,65+,2019,<5,0,<5
34007611500,GAD,65+,2021,<5,<5,0
34007611500,GAD,65+,2022,<5,0,<5
34007611500,GAD,65+,2024,<5,<5,0
34007611600,GAD,65+,2017,16,7,10
34007611600,GAD,65+,2018,14,10,8
34007611600,GAD,65+,2019,15,5,11
34007611600,GAD,65+,2020,13,9,5
34007611600,GAD,65+,2021,<5,<5,0
34007611600,GAD,65+,2022,<5,<5,<5
34007611600,GAD,65+,2023,<5,<5,<5
34007611600,GAD,65+,2024,<5,<5,<5
34007611700,GAD,65+,2017,7,0,7
34007611700,GAD,65+,2018,8,<5,6
34007611700,GAD,65+,2019,7,<5,<5
34007611700,GAD,65+,2020,<5,0,<5
34007611700,GAD,65+,2021,<5,0,<5
34007611700,GAD,65+,2022,<5,<5,<5
34007611700,GAD,65+,2023,<5,0,<5
34007600200,GHC,18-64,2017,190,166,52
34007600200,GHC,18-64,2018,195,162,55
34007600200,GHC,18-64,2019,195,179,39
34007600200,GHC,18-64,2020,160,135,38
34007600200,GHC,18-64,2021,127,107,31
34007600200,GHC,18-64,2022,164,138,40
34007600200,GHC,18-64,2023,147,122,44
34007600200,GHC,18-64,2024,160,138,31
34007600400,GHC,18-64,2017,285,255,61
34007600400,GHC,18-64,2018,314,275,73
34007600400,GHC,18-64,2019,299,270,58
34007600400,GHC,18-64,2020,233,204,48
34007600400,GHC,18-64,2021,221,198,55
34007600400,GHC,18-64,2022,250,208,61
34007600400,GHC,18-64,2023,245,218,43
34007600400,GHC,18-64,2024,201,175,45
34007600700,GHC,18-64,2017,150,119,50
34007600700,GHC,18-64,2018,131,114,30
34007600700,GHC,18-64,2019,151,134,35
34007600700,GHC,18-64,2020,109,88,29
34007600700,GHC,18-64,2021,115,92,35
34007600700,GHC,18-64,2022,112,91,28
34007600700,GHC,18-64,2023,126,103,34
34007600700,GHC,18-64,2024,120,100,26
34007600800,GHC,18-64,2017,524,439,158
34007600800,GHC,18-64,2018,489,423,136
34007600800,GHC,18-64,2019,486,427,119
34007600800,GHC,18-64,2020,392,336,88
34007600800,GHC,18-64,2021,315,262,80
34007600800,GHC,18-64,2022,333,276,91
34007600800,GHC,18-64,2023,331,288,62
34007600800,GHC,18-64,2024,316,275,65
34007600900,GHC,18-64,2017,309,278,60
34007600900,GHC,18-64,2018,325,296,56
34007600900,GHC,18-64,2019,333,301,52
34007600900,GHC,18-64,2020,254,230,50
34007600900,GHC,18-64,2021,256,233,41
34007600900,GHC,18-64,2022,230,186,55
34007600900,GHC,18-64,2023,248,213,43
34007600900,GHC,18-64,2024,226,186,50
34007601000,GHC,18-64,2017,355,307,81
34007601000,GHC,18-64,2018,363,316,72
34007601000,GHC,18-64,2019,396,358,67
34007601000,GHC,18-64,2020,335,289,66
34007601000,GHC,18-64,2021,271,230,61
34007601000,GHC,18-64,2022,321,266,73
34007601000,GHC,18-64,2023,310,261,66
34007601000,GHC,18-64,2024,309,267,55
34007601101,GHC,18-64,2017,211,184,56
34007601101,GHC,18-64,2018,226,198,47
34007601101,GHC,18-64,2019,239,211,43
34007601101,GHC,18-64,2020,185,155,42
34007601101,GHC,18-64,2021,171,138,40
34007601101,GHC,18-64,2022,184,162,33
34007601101,GHC,18-64,2023,194,161,41
34007601101,GHC,18-64,2024,195,168,42
34007601102,GHC,18-64,2017,357,323,73
34007601102,GHC,18-64,2018,364,325,78
34007601102,GHC,18-64,2019,396,356,72
34007601102,GHC,18-64,2020,304,258,78
34007601102,GHC,18-64,2021,254,216,61
34007601102,GHC,18-64,2022,290,245,77
34007601102,GHC,18-64,2023,274,236,57
34007601102,GHC,18-64,2024,285,250,48
34007601200,GHC,18-64,2017,484,423,106
34007601200,GHC,18-64,2018,476,422,98
34007601200,GHC,18-64,2019,472,432,75
34007601200,GHC,18-64,2020,385,324,85
34007601200,GHC,18-64,2021,338,285,66
34007601200,GHC,18-64,2022,348,294,69
34007601200,GHC,18-64,2023,333,287,68
34007601200,GHC,18-64,2024,339,282,70
34007601300,GHC,18-64,2017,448,393,103
34007601300,GHC,18-64,2018,473,426,94
34007601300,GHC,18-64,2019,485,449,88
34007601300,GHC,18-64,2020,411,361,94
34007601300,GHC,18-64,2021,357,286,86
34007601300,GHC,18-64,2022,359,314,72
34007601300,GHC,18-64,2023,372,327,74
34007601300,GHC,18-64,2024,343,285,76
34007601400,GHC,18-64,2017,432,366,108
34007601400,GHC,18-64,2018,473,413,98
34007601400,GHC,18-64,2019,505,454,105
34007601400,GHC,18-64,2020,405,356,80
34007601400,GHC,18-64,2021,292,244,72
34007601400,GHC,18-64,2022,299,255,63
34007601400,GHC,18-64,2023,342,302,64
34007601400,GHC,18-64,2024,335,294,62
34007601500,GHC,18-64,2017,617,535,154
34007601500,GHC,18-64,2018,633,575,133
34007601500,GHC,18-64,2019,691,621,142
34007601500,GHC,18-64,2020,556,502,109
34007601500,GHC,18-64,2021,421,360,98
34007601500,GHC,18-64,2022,443,379,99
34007601500,GHC,18-64,2023,465,408,93
34007601500,GHC,18-64,2024,458,401,95
34007601600,GHC,18-64,2017,229,204,47
34007601600,GHC,18-64,2018,231,208,44
34007601600,GHC,18-64,2019,246,226,38
34007601600,GHC,18-64,2020,206,183,41
34007601600,GHC,18-64,2021,182,162,31
34007601600,GHC,18-64,2022,193,175,34
34007601600,GHC,18-64,2023,188,171,26
34007601600,GHC,18-64,2024,183,165,28
34007601700,GHC,18-64,2017,357,311,84
34007601700,GHC,18-64,2018,323,285,84
34007601700,GHC,18-64,2019,340,297,83
34007601700,GHC,18-64,2020,275,246,62
34007601700,GHC,18-64,2021,251,202,68
34007601700,GHC,18-64,2022,259,229,58
34007601700,GHC,18-64,2023,270,227,63
34007601700,GHC,18-64,2024,252,220,49
34007601800,GHC,18-64,2017,119,105,22
34007601800,GHC,18-64,2018,118,105,22
34007601800,GHC,18-64,2019,123,111,22
34007601800,GHC,18-64,2020,69,61,11
34007601800,GHC,18-64,2021,85,65,23
34007601800,GHC,18-64,2022,99,87,21
34007601800,GHC,18-64,2023,88,78,17
34007601800,GHC,18-64,2024,92,77,25
34007601900,GHC,18-64,2017,264,231,73
34007601900,GHC,18-64,2018,264,239,52
34007601900,GHC,18-64,2019,290,270,48
34007601900,GHC,18-64,2020,218,196,41
34007601900,GHC,18-64,2021,203,177,39
34007601900,GHC,18-64,2022,178,151,42
34007601900,GHC,18-64,2023,206,185,39
34007601900,GHC,18-64,2024,201,173,41
34007602000,GHC,18-64,2017,631,549,153
34007602000,GHC,18-64,2018,677,610,134
34007602000,GHC,18-64,2019,690,628,126
34007602000,GHC,18-64,2020,564,487,120
34007602000,GHC,18-64,2021,454,393,104
34007602000,GHC,18-64,2022,460,386,112
34007602000,GHC,18-64,2023,521,464,98
34007602000,GHC,18-64,2024,503,448,91
34007602503,GHC,18-64,2017,135,115,37
34007602503,GHC,18-64,2018,165,142,43
34007602503,GHC,18-64,2019,157,136,32
34007602503,GHC,18-64,2020,161,139,31
34007602503,GHC,18-64,2021,130,102,34
34007602503,GHC,18-64,2022,126,96,34
34007602503,GHC,18-64,2023,129,110,26
34007602503,GHC,18-64,2024,128,106,28
34007602601,GHC,18-64,2017,105,81,37
34007602601,GHC,18-64,2018,114,91,35
34007602601,GHC,18-64,2019,104,85,30
34007602601,GHC,18-64,2020,71,59,20
34007602601,GHC,18-64,2021,74,63,14
34007602601,GHC,18-64,2022,76,60,18
34007602601,GHC,18-64,2023,77,69,12
34007602601,GHC,18-64,2024,72,65,7
34007602602,GHC,18-64,2017,132,102,37
34007602602,GHC,18-64,2018,162,137,37
34007602602,GHC,18-64,2019,132,110,34
34007602602,GHC,18-64,2020,102,84,20
34007602602,GHC,18-64,2021,97,82,20
34007602602,GHC,18-64,2022,93,80,18
34007602602,GHC,18-64,2023,92,72,22
34007602602,GHC,18-64,2024,92,77,22
34007602901,GHC,18-64,2017,203,173,53
34007602901,GHC,18-64,2018,167,125,48
34007602901,GHC,18-64,2019,157,120,46
34007602901,GHC,18-64,2020,113,79,41
34007602901,GHC,18-64,2021,126,90,49
34007602901,GHC,18-64,2022,117,88,38
34007602901,GHC,18-64,2023,113,90,32
34007602901,GHC,18-64,2024,109,89,29
34007602902,GHC,18-64,2017,164,144,35
34007602902,GHC,18-64,2018,172,143,45
34007602902,GHC,18-64,2019,163,132,46
34007602902,GHC,18-64,2020,115,94,28
34007602902,GHC,18-64,2021,121,88,40
34007602902,GHC,18-64,2022,100,82,25
34007602902,GHC,18-64,2023,97,73,31
34007602902,GHC,18-64,2024,98,82,22
34007603001,GHC,18-64,2017,152,122,42
34007603001,GHC,18-64,2018,142,114,48
34007603001,GHC,18-64,2019,117,99,31
34007603001,GHC,18-64,2020,100,81,31
34007603001,GHC,18-64,2021,101,77,35
34007603001,GHC,18-64,2022,90,79,17
34007603001,GHC,18-64,2023,110,90,28
34007603001,GHC,18-64,2024,89,72,20
34007603002,GHC,18-64,2017,276,229,77
34007603002,GHC,18-64,2018,270,236,55
34007603002,GHC,18-64,2019,270,235,57
34007603002,GHC,18-64,2020,210,176,44
34007603002,GHC,18-64,2021,207,172,44
34007603002,GHC,18-64,2022,211,179,40
34007603002,GHC,18-64,2023,243,210,39
34007603002,GHC,18-64,2024,218,186,43
34007603100,GHC,18-64,2017,130,108,32
34007603100,GHC,18-64,2018,124,101,31
34007603100,GHC,18-64,2019,122,99,36
34007603100,GHC,18-64,2020,84,69,21
34007603100,GHC,18-64,2021,86,56,34
34007603100,GHC,18-64,2022,89,69,27
34007603100,GHC,18-64,2023,90,68,23
34007603100,GHC,18-64,2024,87,64,28
34007603200,GHC,18-64,2017,242,183,75
34007603200,GHC,18-64,2018,226,192,57
34007603200,GHC,18-64,2019,216,166,69
34007603200,GHC,18-64,2020,120,86,42
34007603200,GHC,18-64,2021,150,109,55
34007603200,GHC,18-64,2022,151,107,54
34007603200,GHC,18-64,2023,146,119,36
34007603200,GHC,18-64,2024,147,102,54
34007603301,GHC,18-64,2017,184,142,62
34007603301,GHC,18-64,2018,176,145,49
34007603301,GHC,18-64,2019,168,130,51
34007603301,GHC,18-64,2020,117,92,33
34007603301,GHC,18-64,2021,108,79,34
34007603301,GHC,18-64,2022,135,102,38
34007603301,GHC,18-64,2023,142,121,29
34007603301,GHC,18-64,2024,134,103,41
34007603302,GHC,18-64,2017,123,93,35
34007603302,GHC,18-64,2018,107,86,30
34007603302,GHC,18-64,2019,112,91,32
34007603302,GHC,18-64,2020,69,51,21
34007603302,GHC,18-64,2021,75,57,26
34007603302,GHC,18-64,2022,71,52,20
34007603302,GHC,18-64,2023,76,63,20
34007603302,GHC,18-64,2024,74,61,16
34007603303,GHC,18-64,2017,77,59,23
34007603303,GHC,18-64,2018,86,66,28
34007603303,GHC,18-64,2019,80,63,29
34007603303,GHC,18-64,2020,44,30,16
34007603303,GHC,18-64,2021,50,31,21
34007603303,GHC,18-64,2022,50,34,19
34007603303,GHC,18-64,2023,45,37,12
34007603303,GHC,18-64,2024,47,36,14
34007603400,GHC,18-64,2017,147,115,41
34007603400,GHC,18-64,2018,161,130,45
34007603400,GHC,18-64,2019,152,120,41
34007603400,GHC,18-64,2020,103,79,30
34007603400,GHC,18-64,2021,112,85,32
34007603400,GHC,18-64,2022,117,85,39
34007603400,GHC,18-64,2023,122,88,41
34007603400,GHC,18-64,2024,93,69,26
34007603501,GHC,18-64,2017,45,33,16
34007603501,GHC,18-64,2018,33,22,14
34007603501,GHC,18-64,2019,69,53,18
34007603501,GHC,18-64,2020,60,45,19
34007603501,GHC,18-64,2021,59,45,18
34007603501,GHC,18-64,2022,66,50,17
34007603501,GHC,18-64,2023,59,44,18
34007603501,GHC,18-64,2024,74,54,22
34007603503,GHC,18-64,2017,30,15,16
34007603503,GHC,18-64,2018,16,10,6
34007603503,GHC,18-64,2019,45,31,15
34007603503,GHC,18-64,2020,35,25,11
34007603503,GHC,18-64,2021,25,18,8
34007603503,GHC,18-64,2022,41,30,12
34007603503,GHC,18-64,2023,51,46,5
34007603503,GHC,18-64,2024,41,33,9
34007603504,GHC,18-64,2017,15,10,7
34007603504,GHC,18-64,2018,24,13,11
34007603504,GHC,18-64,2019,31,22,10
34007603504,GHC,18-64,2020,20,12,9
34007603504,GHC,18-64,2021,21,12,9
34007603504,GHC,18-64,2022,30,21,10
34007603504,GHC,18-64,2023,39,28,14
34007603504,GHC,18-64,2024,27,22,8
34007603505,GHC,18-64,2017,197,169,43
34007603505,GHC,18-64,2018,222,195,43
34007603505,GHC,18-64,2019,237,215,46
34007603505,GHC,18-64,2020,213,184,49
34007603505,GHC,18-64,2021,211,178,52
34007603505,GHC,18-64,2022,224,191,54
34007603505,GHC,18-64,2023,251,213,60
34007603505,GHC,18-64,2024,259,216,72
34007603506,GHC,18-64,2017,34,18,18
34007603506,GHC,18-64,2018,33,21,17
34007603506,GHC,18-64,2019,69,50,26
34007603506,GHC,18-64,2020,65,48,22
34007603506,GHC,18-64,2021,64,47,20
34007603506,GHC,18-64,2022,79,66,16
34007603506,GHC,18-64,2023,72,56,20
34007603506,GHC,18-64,2024,88,70,19
34007603507,GHC,18-64,2017,32,21,13
34007603507,GHC,18-64,2018,41,30,16
34007603507,GHC,18-64,2019,65,49,21
34007603507,GHC,18-64,2020,72,52,22
34007603507,GHC,18-64,2021,85,63,25
34007603507,GHC,18-64,2022,70,57,15
34007603507,GHC,18-64,2023,78,53,29
34007603507,GHC,18-64,2024,70,51,20
34007603601,GHC,18-64,2017,91,66,47
34007603601,GHC,18-64,2018,93,64,47
34007603601,GHC,18-64,2019,109,73,50
34007603601,GHC,18-64,2020,66,37,37
34007603601,GHC,18-64,2021,68,35,36
34007603601,GHC,18-64,2022,47,37,15
34007603601,GHC,18-64,2023,51,35,17
34007603601,GHC,18-64,2024,42,28,16
34007603602,GHC,18-64,2017,16,10,7
34007603602,GHC,18-64,2018,16,13,<5
34007603602,GHC,18-64,2019,18,14,<5
34007603602,GHC,18-64,2020,15,11,5
34007603602,GHC,18-64,2021,18,13,5
34007603602,GHC,18-64,2022,21,17,<5
34007603602,GHC,18-64,2023,21,14,10
34007603602,GHC,18-64,2024,25,16,11
34007603603,GHC,18-64,2017,17,11,7
34007603603,GHC,18-64,2018,36,25,14
34007603603,GHC,18-64,2019,33,24,10
34007603603,GHC,18-64,2020,26,17,11
34007603603,GHC,18-64,2021,26,18,9
34007603603,GHC,18-64,2022,35,30,7
34007603603,GHC,18-64,2023,38,27,11
34007603603,GHC,18-64,2024,24,19,5
34007603700,GHC,18-64,2017,102,84,20
34007603700,GHC,18-64,2018,109,86,29
34007603700,GHC,18-64,2019,119,98,32
34007603700,GHC,18-64,2020,70,56,15
34007603700,GHC,18-64,2021,56,46,13
34007603700,GHC,18-64,2022,69,55,19
34007603700,GHC,18-64,2023,71,56,20
34007603700,GHC,18-64,2024,87,66,25
34007603800,GHC,18-64,2017,86,62,31
34007603800,GHC,18-64,2018,73,58,21
34007603800,GHC,18-64,2019,88,66,26
34007603800,GHC,18-64,2020,53,40,18
34007603800,GHC,18-64,2021,46,33,16
34007603800,GHC,18-64,2022,61,48,19
34007603800,GHC,18-64,2023,43,34,10
34007603800,GHC,18-64,2024,60,48,15
34007603901,GHC,18-64,2017,68,52,20
34007603901,GHC,18-64,2018,104,77,35
34007603901,GHC,18-64,2019,88,66,32
34007603901,GHC,18-64,2020,68,48,22
34007603901,GHC,18-64,2021,66,43,23
34007603901,GHC,18-64,2022,48,35,15
34007603901,GHC,18-64,2023,56,46,12
34007603901,GHC,18-64,2024,59,40,24
34007603902,GHC,18-64,2017,85,64,31
34007603902,GHC,18-64,2018,85,65,24
34007603902,GHC,18-64,2019,92,66,31
34007603902,GHC,18-64,2020,72,53,25
34007603902,GHC,18-64,2021,27,17,11
34007603902,GHC,18-64,2022,62,49,16
34007603902,GHC,18-64,2023,51,39,15
34007603902,GHC,18-64,2024,52,37,19
34007604100,GHC,18-64,2017,208,177,56
34007604100,GHC,18-64,2018,224,198,51
34007604100,GHC,18-64,2019,244,217,48
34007604100,GHC,18-64,2020,196,177,42
34007604100,GHC,18-64,2021,169,145,40
34007604100,GHC,18-64,2022,177,148,38
34007604100,GHC,18-64,2023,177,152,38
34007604100,GHC,18-64,2024,178,159,34
34007604200,GHC,18-64,2017,94,72,31
34007604200,GHC,18-64,2018,93,78,25
34007604200,GHC,18-64,2019,91,76,27
34007604200,GHC,18-64,2020,83,72,15
34007604200,GHC,18-64,2021,62,47,17
34007604200,GHC,18-64,2022,65,50,19
34007604200,GHC,18-64,2023,75,64,14
34007604200,GHC,18-64,2024,70,58,14
34007604300,GHC,18-64,2017,90,72,28
34007604300,GHC,18-64,2018,85,68,23
34007604300,GHC,18-64,2019,84,75,15
34007604300,GHC,18-64,2020,61,45,16
34007604300,GHC,18-64,2021,48,35,15
34007604300,GHC,18-64,2022,51,43,12
34007604300,GHC,18-64,2023,56,50,8
34007604300,GHC,18-64,2024,60,48,16
34007604400,GHC,18-64,2017,72,55,18
34007604400,GHC,18-64,2018,59,42,20
34007604400,GHC,18-64,2019,59,45,17
34007604400,GHC,18-64,2020,51,43,9
34007604400,GHC,18-64,2021,35,29,7
34007604400,GHC,18-64,2022,38,29,11
34007604400,GHC,18-64,2023,44,38,11
34007604400,GHC,18-64,2024,48,38,14
34007604600,GHC,18-64,2017,77,63,29
34007604600,GHC,18-64,2018,85,74,27
34007604600,GHC,18-64,2019,92,71,37
34007604600,GHC,18-64,2020,72,55,21
34007604600,GHC,18-64,2021,55,42,20
34007604600,GHC,18-64,2022,59,46,18
34007604600,GHC,18-64,2023,45,36,11
34007604600,GHC,18-64,2024,50,39,13
34007604700,GHC,18-64,2017,46,34,14
34007604700,GHC,18-64,2018,42,35,11
34007604700,GHC,18-64,2019,49,40,12
34007604700,GHC,18-64,2020,42,32,13
34007604700,GHC,18-64,2021,26,18,9
34007604700,GHC,18-64,2022,28,25,<5
34007604700,GHC,18-64,2023,27,22,6
34007604700,GHC,18-64,2024,28,22,8
34007605100,GHC,18-64,2017,79,54,33
34007605100,GHC,18-64,2018,88,68,29
34007605100,GHC,18-64,2019,97,75,31
34007605100,GHC,18-64,2020,73,57,19
34007605100,GHC,18-64,2021,61,44,22
34007605100,GHC,18-64,2022,60,44,21
34007605100,GHC,18-64,2023,69,53,22
34007605100,GHC,18-64,2024,80,62,26
34007605200,GHC,18-64,2017,72,61,20
34007605200,GHC,18-64,2018,94,68,38
34007605200,GHC,18-64,2019,79,65,20
34007605200,GHC,18-64,2020,74,52,25
34007605200,GHC,18-64,2021,64,49,19
34007605200,GHC,18-64,2022,71,56,21
34007605200,GHC,18-64,2023,76,60,22
34007605200,GHC,18-64,2024,73,56,24
34007605300,GHC,18-64,2017,53,39,19
34007605300,GHC,18-64,2018,57,43,18
34007605300,GHC,18-64,2019,60,50,13
34007605300,GHC,18-64,2020,49,43,9
34007605300,GHC,18-64,2021,57,40,20
34007605300,GHC,18-64,2022,44,32,17
34007605300,GHC,18-64,2023,52,45,7
34007605300,GHC,18-64,2024,34,26,10
34007605400,GHC,18-64,2017,69,50,25
34007605400,GHC,18-64,2018,70,46,31
34007605400,GHC,18-64,2019,89,60,33
34007605400,GHC,18-64,2020,52,38,15
34007605400,GHC,18-64,2021,46,31,18
34007605400,GHC,18-64,2022,57,47,13
34007605400,GHC,18-64,2023,45,31,18
34007605400,GHC,18-64,2024,55,45,14
34007605602,GHC,18-64,2017,69,57,22
34007605602,GHC,18-64,2018,59,44,21
34007605602,GHC,18-64,2019,73,57,22
34007605602,GHC,18-64,2020,41,27,16
34007605602,GHC,18-64,2021,39,31,9
34007605602,GHC,18-64,2022,46,36,13
34007605602,GHC,18-64,2023,52,45,9
34007605602,GHC,18-64,2024,39,32,7
34007605700,GHC,18-64,2017,81,52,42
34007605700,GHC,18-64,2018,74,53,32
34007605700,GHC,18-64,2019,79,49,34
34007605700,GHC,18-64,2020,52,37,16
34007605700,GHC,18-64,2021,59,45,16
34007605700,GHC,18-64,2022,55,38,21
34007605700,GHC,18-64,2023,57,43,16
34007605700,GHC,18-64,2024,60,46,14
34007605800,GHC,18-64,2017,31,18,15
34007605800,GHC,18-64,2018,36,25,12
34007605800,GHC,18-64,2019,46,38,8
34007605800,GHC,18-64,2020,33,26,8
34007605800,GHC,18-64,2021,26,18,8
34007605800,GHC,18-64,2022,28,22,6
34007605800,GHC,18-64,2023,26,20,6
34007605800,GHC,18-64,2024,30,24,6
34007605900,GHC,18-64,2017,29,21,11
34007605900,GHC,18-64,2018,21,17,6
34007605900,GHC,18-64,2019,34,21,15
34007605900,GHC,18-64,2020,34,23,11
34007605900,GHC,18-64,2021,28,19,9
34007605900,GHC,18-64,2022,30,25,7
34007605900,GHC,18-64,2023,27,22,6
34007605900,GHC,18-64,2024,28,17,11
34007606000,GHC,18-64,2017,24,15,9
34007606000,GHC,18-64,2018,18,14,6
34007606000,GHC,18-64,2019,36,28,13
34007606000,GHC,18-64,2020,9,7,<5
34007606000,GHC,18-64,2021,17,12,5
34007606000,GHC,18-64,2022,17,11,7
34007606000,GHC,18-64,2023,14,11,<5
34007606000,GHC,18-64,2024,16,12,<5
34007606100,GHC,18-64,2017,12,5,7
34007606100,GHC,18-64,2018,12,7,6
34007606100,GHC,18-64,2019,9,5,<5
34007606100,GHC,18-64,2020,12,8,6
34007606100,GHC,18-64,2021,9,7,<5
34007606100,GHC,18-64,2022,17,16,<5
34007606100,GHC,18-64,2023,13,12,<5
34007606100,GHC,18-64,2024,11,8,<5
34007606200,GHC,18-64,2017,33,25,9
34007606200,GHC,18-64,2018,27,19,8
34007606200,GHC,18-64,2019,34,26,9
34007606200,GHC,18-64,2020,20,16,5
34007606200,GHC,18-64,2021,24,19,5
34007606200,GHC,18-64,2022,17,12,5
34007606200,GHC,18-64,2023,23,14,10
34007606200,GHC,18-64,2024,15,14,<5
34007606300,GHC,18-64,2017,28,21,9
34007606300,GHC,18-64,2018,23,18,6
34007606300,GHC,18-64,2019,25,18,9
34007606300,GHC,18-64,2020,18,16,<5
34007606300,GHC,18-64,2021,20,15,5
34007606300,GHC,18-64,2022,17,12,6
34007606300,GHC,18-64,2023,15,12,<5
34007606300,GHC,18-64,2024,16,12,<5
34007606400,GHC,18-64,2017,14,10,5
34007606400,GHC,18-64,2018,12,9,<5
34007606400,GHC,18-64,2019,30,22,11
34007606400,GHC,18-64,2020,18,16,<5
34007606400,GHC,18-64,2021,18,17,<5
34007606400,GHC,18-64,2022,14,12,<5
34007606400,GHC,18-64,2023,22,19,<5
34007606400,GHC,18-64,2024,14,11,<5
34007606500,GHC,18-64,2017,163,122,65
34007606500,GHC,18-64,2018,182,147,57
34007606500,GHC,18-64,2019,171,141,56
34007606500,GHC,18-64,2020,133,103,40
34007606500,GHC,18-64,2021,138,107,46
34007606500,GHC,18-64,2022,141,106,48
34007606500,GHC,18-64,2023,132,110,30
34007606500,GHC,18-64,2024,135,103,45
34007606600,GHC,18-64,2017,45,31,17
34007606600,GHC,18-64,2018,49,32,19
34007606600,GHC,18-64,2019,40,27,17
34007606600,GHC,18-64,2020,51,40,16
34007606600,GHC,18-64,2021,43,30,17
34007606600,GHC,18-64,2022,35,30,7
34007606600,GHC,18-64,2023,38,31,8
34007606600,GHC,18-64,2024,22,18,10
34007606700,GHC,18-64,2017,140,99,60
34007606700,GHC,18-64,2018,147,111,51
34007606700,GHC,18-64,2019,147,104,58
34007606700,GHC,18-64,2020,104,75,37
34007606700,GHC,18-64,2021,104,73,36
34007606700,GHC,18-64,2022,99,71,33
34007606700,GHC,18-64,2023,88,65,30
34007606700,GHC,18-64,2024,91,69,26
34007606800,GHC,18-64,2017,75,47,31
34007606800,GHC,18-64,2018,96,69,32
34007606800,GHC,18-64,2019,95,69,31
34007606800,GHC,18-64,2020,74,54,25
34007606800,GHC,18-64,2021,66,44,25
34007606800,GHC,18-64,2022,80,60,25
34007606800,GHC,18-64,2023,79,61,20
34007606800,GHC,18-64,2024,93,74,26
34007607000,GHC,18-64,2017,141,100,57
34007607000,GHC,18-64,2018,134,96,55
34007607000,GHC,18-64,2019,149,116,48
34007607000,GHC,18-64,2020,107,62,49
34007607000,GHC,18-64,2021,123,88,43
34007607000,GHC,18-64,2022,119,87,40
34007607000,GHC,18-64,2023,118,91,31
34007607000,GHC,18-64,2024,115,89,30
34007607100,GHC,18-64,2017,115,75,50
34007607100,GHC,18-64,2018,94,62,46
34007607100,GHC,18-64,2019,92,61,46
34007607100,GHC,18-64,2020,61,48,20
34007607100,GHC,18-64,2021,65,42,25
34007607100,GHC,18-64,2022,77,56,26
34007607100,GHC,18-64,2023,66,52,22
34007607100,GHC,18-64,2024,79,54,26
34007607200,GHC,18-64,2017,144,105,55
34007607200,GHC,18-64,2018,151,110,61
34007607200,GHC,18-64,2019,161,125,59
34007607200,GHC,18-64,2020,103,73,38
34007607200,GHC,18-64,2021,90,58,39
34007607200,GHC,18-64,2022,113,80,41
34007607200,GHC,18-64,2023,95,76,29
34007607200,GHC,18-64,2024,122,93,37
34007607300,GHC,18-64,2017,128,95,53
34007607300,GHC,18-64,2018,141,109,53
34007607300,GHC,18-64,2019,143,111,49
34007607300,GHC,18-64,2020,102,72,34
34007607300,GHC,18-64,2021,104,76,32
34007607300,GHC,18-64,2022,91,73,22
34007607300,GHC,18-64,2023,103,76,36
34007607300,GHC,18-64,2024,109,86,29
34007607401,GHC,18-64,2017,130,103,50
34007607401,GHC,18-64,2018,128,104,40
34007607401,GHC,18-64,2019,131,107,42
34007607401,GHC,18-64,2020,110,77,44
34007607401,GHC,18-64,2021,96,66,37
34007607401,GHC,18-64,2022,83,64,27
34007607401,GHC,18-64,2023,80,60,24
34007607401,GHC,18-64,2024,87,68,29
34007607402,GHC,18-64,2017,95,64,49
34007607402,GHC,18-64,2018,106,86,30
34007607402,GHC,18-64,2019,100,75,40
34007607402,GHC,18-64,2020,68,52,21
34007607402,GHC,18-64,2021,74,49,27
34007607402,GHC,18-64,2022,66,48,27
34007607402,GHC,18-64,2023,64,40,27
34007607402,GHC,18-64,2024,69,51,22
34007607502,GHC,18-64,2017,78,58,38
34007607502,GHC,18-64,2018,86,55,41
34007607502,GHC,18-64,2019,113,74,52
34007607502,GHC,18-64,2020,85,46,39
34007607502,GHC,18-64,2021,106,73,36
34007607502,GHC,18-64,2022,99,68,33
34007607502,GHC,18-64,2023,84,63,23
34007607502,GHC,18-64,2024,80,61,22
34007607503,GHC,18-64,2017,74,42,40
34007607503,GHC,18-64,2018,80,58,40
34007607503,GHC,18-64,2019,127,90,46
34007607503,GHC,18-64,2020,100,75,32
34007607503,GHC,18-64,2021,112,76,44
34007607503,GHC,18-64,2022,120,91,40
34007607503,GHC,18-64,2023,108,74,40
34007607503,GHC,18-64,2024,104,76,35
34007607504,GHC,18-64,2017,9,5,<5
34007607504,GHC,18-64,2018,10,5,6
34007607504,GHC,18-64,2019,49,37,12
34007607504,GHC,18-64,2020,40,27,15
34007607504,GHC,18-64,2021,43,31,14
34007607504,GHC,18-64,2022,47,35,14
34007607504,GHC,18-64,2023,43,34,9
34007607504,GHC,18-64,2024,38,26,13
34007607505,GHC,18-64,2017,37,19,21
34007607505,GHC,18-64,2018,30,19,12
34007607505,GHC,18-64,2019,62,44,22
34007607505,GHC,18-64,2020,50,30,24
34007607505,GHC,18-64,2021,68,51,20
34007607505,GHC,18-64,2022,90,65,29
34007607505,GHC,18-64,2023,76,57,20
34007607505,GHC,18-64,2024,79,64,17
34007607506,GHC,18-64,2017,59,46,17
34007607506,GHC,18-64,2018,59,48,15
34007607506,GHC,18-64,2019,71,61,20
34007607506,GHC,18-64,2020,69,45,24
34007607506,GHC,18-64,2021,52,33,20
34007607506,GHC,18-64,2022,56,45,15
34007607506,GHC,18-64,2023,78,57,23
34007607506,GHC,18-64,2024,73,57,19
34007607507,GHC,18-64,2017,102,81,37
34007607507,GHC,18-64,2018,97,72,33
34007607507,GHC,18-64,2019,123,93,39
34007607507,GHC,18-64,2020,104,81,31
34007607507,GHC,18-64,2021,112,80,42
34007607507,GHC,18-64,2022,124,101,29
34007607507,GHC,18-64,2023,105,81,33
34007607507,GHC,18-64,2024,104,80,30
34007607600,GHC,18-64,2017,28,18,12
34007607600,GHC,18-64,2018,36,20,19
34007607600,GHC,18-64,2019,36,22,15
34007607600,GHC,18-64,2020,39,19,20
34007607600,GHC,18-64,2021,45,25,21
34007607600,GHC,18-64,2022,54,34,25
34007607600,GHC,18-64,2023,46,34,15
34007607600,GHC,18-64,2024,50,41,11
34007607701,GHC,18-64,2017,307,234,104
34007607701,GHC,18-64,2018,278,221,82
34007607701,GHC,18-64,2019,303,253,80
34007607701,GHC,18-64,2020,237,183,74
34007607701,GHC,18-64,2021,251,200,65
34007607701,GHC,18-64,2022,250,207,68
34007607701,GHC,18-64,2023,283,236,72
34007607701,GHC,18-64,2024,267,225,60
34007607702,GHC,18-64,2017,233,180,80
34007607702,GHC,18-64,2018,232,191,71
34007607702,GHC,18-64,2019,250,204,77
34007607702,GHC,18-64,2020,199,159,55
34007607702,GHC,18-64,2021,191,141,68
34007607702,GHC,18-64,2022,168,125,54
34007607702,GHC,18-64,2023,202,149,64
34007607702,GHC,18-64,2024,172,141,42
34007607801,GHC,18-64,2017,301,251,104
34007607801,GHC,18-64,2018,298,249,94
34007607801,GHC,18-64,2019,332,273,101
34007607801,GHC,18-64,2020,203,147,77
34007607801,GHC,18-64,2021,204,155,73
34007607801,GHC,18-64,2022,197,165,58
34007607801,GHC,18-64,2023,201,157,53
34007607801,GHC,18-64,2024,193,151,57
34007607802,GHC,18-64,2017,107,84,31
34007607802,GHC,18-64,2018,99,75,36
34007607802,GHC,18-64,2019,96,79,31
34007607802,GHC,18-64,2020,74,57,22
34007607802,GHC,18-64,2021,82,62,25
34007607802,GHC,18-64,2022,67,48,24
34007607802,GHC,18-64,2023,100,75,28
34007607802,GHC,18-64,2024,76,57,20
34007607900,GHC,18-64,2017,54,42,17
34007607900,GHC,18-64,2018,57,46,16
34007607900,GHC,18-64,2019,36,29,14
34007607900,GHC,18-64,2020,26,16,11
34007607900,GHC,18-64,2021,40,29,12
34007607900,GHC,18-64,2022,32,27,7
34007607900,GHC,18-64,2023,45,31,15
34007607900,GHC,18-64,2024,36,29,7
34007608001,GHC,18-64,2017,114,90,36
34007608001,GHC,18-64,2018,115,90,38
34007608001,GHC,18-64,2019,122,96,37
34007608001,GHC,18-64,2020,71,55,20
34007608001,GHC,18-64,2021,99,69,35
34007608001,GHC,18-64,2022,81,67,23
34007608001,GHC,18-64,2023,87,74,22
34007608001,GHC,18-64,2024,87,69,24
34007608202,GHC,18-64,2017,161,126,63
34007608202,GHC,18-64,2018,160,130,46
34007608202,GHC,18-64,2019,155,123,50
34007608202,GHC,18-64,2020,115,79,42
34007608202,GHC,18-64,2021,97,76,29
34007608202,GHC,18-64,2022,104,81,31
34007608202,GHC,18-64,2023,110,85,40
34007608202,GHC,18-64,2024,102,82,28
34007608205,GHC,18-64,2017,54,33,23
34007608205,GHC,18-64,2018,73,53,25
34007608205,GHC,18-64,2019,72,49,23
34007608205,GHC,18-64,2020,46,30,16
34007608205,GHC,18-64,2021,71,52,23
34007608205,GHC,18-64,2022,66,49,21
34007608205,GHC,18-64,2023,53,42,12
34007608205,GHC,18-64,2024,59,47,13
34007608206,GHC,18-64,2017,83,55,38
34007608206,GHC,18-64,2018,75,57,25
34007608206,GHC,18-64,2019,73,56,23
34007608206,GHC,18-64,2020,48,36,13
34007608206,GHC,18-64,2021,59,48,13
34007608206,GHC,18-64,2022,52,38,17
34007608206,GHC,18-64,2023,64,49,16
34007608206,GHC,18-64,2024,58,46,15
34007608209,GHC,18-64,2017,149,113,48
34007608209,GHC,18-64,2018,147,126,41
34007608209,GHC,18-64,2019,124,99,39
34007608209,GHC,18-64,2020,75,55,21
34007608209,GHC,18-64,2021,87,70,24
34007608209,GHC,18-64,2022,97,79,28
34007608209,GHC,18-64,2023,96,71,33
34007608209,GHC,18-64,2024,115,89,34
34007608210,GHC,18-64,2017,162,128,51
34007608210,GHC,18-64,2018,169,138,52
34007608210,GHC,18-64,2019,156,135,39
34007608210,GHC,18-64,2020,87,69,24
34007608210,GHC,18-64,2021,109,89,31
34007608210,GHC,18-64,2022,97,78,30
34007608210,GHC,18-64,2023,112,93,29
34007608210,GHC,18-64,2024,99,80,25
34007608211,GHC,18-64,2017,208,160,71
34007608211,GHC,18-64,2018,234,197,63
34007608211,GHC,18-64,2019,243,194,72
34007608211,GHC,18-64,2020,134,99,43
34007608211,GHC,18-64,2021,140,102,49
34007608211,GHC,18-64,2022,140,106,42
34007608211,GHC,18-64,2023,142,117,32
34007608211,GHC,18-64,2024,152,119,39
34007608302,GHC,18-64,2017,171,123,67
34007608302,GHC,18-64,2018,178,136,58
34007608302,GHC,18-64,2019,189,139,65
34007608302,GHC,18-64,2020,121,86,40
34007608302,GHC,18-64,2021,108,76,37
34007608302,GHC,18-64,2022,106,83,32
34007608302,GHC,18-64,2023,124,95,36
34007608302,GHC,18-64,2024,133,105,36
34007608303,GHC,18-64,2017,119,85,49
34007608303,GHC,18-64,2018,131,105,45
34007608303,GHC,18-64,2019,124,102,38
34007608303,GHC,18-64,2020,73,54,23
34007608303,GHC,18-64,2021,90,70,30
34007608303,GHC,18-64,2022,75,60,21
34007608303,GHC,18-64,2023,75,57,21
34007608303,GHC,18-64,2024,65,51,20
34007608304,GHC,18-64,2017,132,93,58
34007608304,GHC,18-64,2018,141,102,54
34007608304,GHC,18-64,2019,161,119,52
34007608304,GHC,18-64,2020,105,74,38
34007608304,GHC,18-64,2021,94,72,29
34007608304,GHC,18-64,2022,93,76,19
34007608304,GHC,18-64,2023,106,82,29
34007608304,GHC,18-64,2024,107,79,30
34007608401,GHC,18-64,2017,105,65,49
34007608401,GHC,18-64,2018,97,66,42
34007608401,GHC,18-64,2019,114,89,31
34007608401,GHC,18-64,2020,68,55,16
34007608401,GHC,18-64,2021,65,42,29
34007608401,GHC,18-64,2022,74,55,24
34007608401,GHC,18-64,2023,77,59,24
34007608401,GHC,18-64,2024,76,57,23
34007608402,GHC,18-64,2017,101,78,30
34007608402,GHC,18-64,2018,83,64,23
34007608402,GHC,18-64,2019,85,67,23
34007608402,GHC,18-64,2020,70,51,27
34007608402,GHC,18-64,2021,62,41,23
34007608402,GHC,18-64,2022,74,64,11
34007608402,GHC,18-64,2023,75,58,18
34007608402,GHC,18-64,2024,54,37,19
34007608403,GHC,18-64,2017,194,157,56
34007608403,GHC,18-64,2018,199,155,60
34007608403,GHC,18-64,2019,220,165,67
34007608403,GHC,18-64,2020,121,88,36
34007608403,GHC,18-64,2021,145,117,34
34007608403,GHC,18-64,2022,116,93,29
34007608403,GHC,18-64,2023,171,133,46
34007608403,GHC,18-64,2024,155,112,52
34007608404,GHC,18-64,2017,217,153,83
34007608404,GHC,18-64,2018,221,165,74
34007608404,GHC,18-64,2019,196,147,71
34007608404,GHC,18-64,2020,126,94,38
34007608404,GHC,18-64,2021,142,106,41
34007608404,GHC,18-64,2022,150,117,40
34007608404,GHC,18-64,2023,159,134,37
34007608404,GHC,18-64,2024,153,116,46
34007608503,GHC,18-64,2017,140,115,45
34007608503,GHC,18-64,2018,154,122,57
34007608503,GHC,18-64,2019,158,138,44
34007608503,GHC,18-64,2020,104,80,36
34007608503,GHC,18-64,2021,99,77,28
34007608503,GHC,18-64,2022,88,71,24
34007608503,GHC,18-64,2023,108,84,33
34007608503,GHC,18-64,2024,107,88,23
34007608504,GHC,18-64,2017,210,163,93
34007608504,GHC,18-64,2018,211,179,64
34007608504,GHC,18-64,2019,217,175,70
34007608504,GHC,18-64,2020,141,111,42
34007608504,GHC,18-64,2021,143,113,38
34007608504,GHC,18-64,2022,147,114,49
34007608504,GHC,18-64,2023,121,94,36
34007608504,GHC,18-64,2024,162,127,50
34007608600,GHC,18-64,2017,219,175,66
34007608600,GHC,18-64,2018,236,183,75
34007608600,GHC,18-64,2019,263,215,71
34007608600,GHC,18-64,2020,163,123,52
34007608600,GHC,18-64,2021,181,142,53
34007608600,GHC,18-64,2022,173,134,53
34007608600,GHC,18-64,2023,203,154,63
34007608600,GHC,18-64,2024,191,149,56
34007608700,GHC,18-64,2017,110,68,53
34007608700,GHC,18-64,2018,125,82,55
34007608700,GHC,18-64,2019,180,125,72
34007608700,GHC,18-64,2020,139,95,49
34007608700,GHC,18-64,2021,154,104,60
34007608700,GHC,18-64,2022,149,111,45
34007608700,GHC,18-64,2023,159,122,43
34007608700,GHC,18-64,2024,159,119,44
34007608800,GHC,18-64,2017,98,66,39
34007608800,GHC,18-64,2018,103,73,40
34007608800,GHC,18-64,2019,134,101,45
34007608800,GHC,18-64,2020,131,88,55
34007608800,GHC,18-64,2021,145,97,51
34007608800,GHC,18-64,2022,164,127,48
34007608800,GHC,18-64,2023,159,116,54
34007608800,GHC,18-64,2024,167,112,68
34007608901,GHC,18-64,2017,90,54,45
34007608901,GHC,18-64,2018,78,43,39
34007608901,GHC,18-64,2019,143,102,58
34007608901,GHC,18-64,2020,131,83,50
34007608901,GHC,18-64,2021,142,94,53
34007608901,GHC,18-64,2022,139,105,40
34007608901,GHC,18-64,2023,138,104,41
34007608901,GHC,18-64,2024,136,96,50
34007608903,GHC,18-64,2017,27,18,9
34007608903,GHC,18-64,2018,43,27,18
34007608903,GHC,18-64,2019,61,41,28
34007608903,GHC,18-64,2020,56,31,28
34007608903,GHC,18-64,2021,55,37,20
34007608903,GHC,18-64,2022,66,47,22
34007608903,GHC,18-64,2023,61,46,19
34007608903,GHC,18-64,2024,57,45,15
34007608904,GHC,18-64,2017,8,<5,<5
34007608904,GHC,18-64,2018,14,7,8
34007608904,GHC,18-64,2019,31,19,15
34007608904,GHC,18-64,2020,24,14,10
34007608904,GHC,18-64,2021,22,14,9
34007608904,GHC,18-64,2022,37,28,9
34007608904,GHC,18-64,2023,22,19,6
34007608904,GHC,18-64,2024,26,17,10
34007609000,GHC,18-64,2017,37,26,17
34007609000,GHC,18-64,2018,39,24,19
34007609000,GHC,18-64,2019,60,39,29
34007609000,GHC,18-64,2020,47,30,19
34007609000,GHC,18-64,2021,51,26,27
34007609000,GHC,18-64,2022,57,40,20
34007609000,GHC,18-64,2023,50,31,21
34007609000,GHC,18-64,2024,47,33,15
34007609103,GHC,18-64,2017,89,59,43
34007609103,GHC,18-64,2018,83,54,41
34007609103,GHC,18-64,2019,147,105,54
34007609103,GHC,18-64,2020,124,97,36
34007609103,GHC,18-64,2021,139,103,44
34007609103,GHC,18-64,2022,165,133,39
34007609103,GHC,18-64,2023,138,97,49
34007609103,GHC,18-64,2024,155,118,43
34007609201,GHC,18-64,2017,164,127,51
34007609201,GHC,18-64,2018,156,115,54
34007609201,GHC,18-64,2019,158,118,59
34007609201,GHC,18-64,2020,115,83,40
34007609201,GHC,18-64,2021,123,91,40
34007609201,GHC,18-64,2022,118,85,39
34007609201,GHC,18-64,2023,100,70,33
34007609201,GHC,18-64,2024,120,100,22
34007609202,GHC,18-64,2017,222,175,71
34007609202,GHC,18-64,2018,245,195,73
34007609202,GHC,18-64,2019,258,202,85
34007609202,GHC,18-64,2020,180,146,46
34007609202,GHC,18-64,2021,186,143,55
34007609202,GHC,18-64,2022,211,166,59
34007609202,GHC,18-64,2023,191,159,47
34007609202,GHC,18-64,2024,217,175,55
34007609203,GHC,18-64,2017,236,171,84
34007609203,GHC,18-64,2018,262,193,100
34007609203,GHC,18-64,2019,260,194,91
34007609203,GHC,18-64,2020,208,148,72
34007609203,GHC,18-64,2021,237,177,78
34007609203,GHC,18-64,2022,229,180,64
34007609203,GHC,18-64,2023,244,201,56
34007609203,GHC,18-64,2024,246,197,65
34007609204,GHC,18-64,2017,170,130,68
34007609204,GHC,18-64,2018,204,155,74
34007609204,GHC,18-64,2019,235,184,75
34007609204,GHC,18-64,2020,167,115,67
34007609204,GHC,18-64,2021,178,134,60
34007609204,GHC,18-64,2022,158,125,42
34007609204,GHC,18-64,2023,142,116,36
34007609204,GHC,18-64,2024,150,120,44
34007609205,GHC,18-64,2017,98,63,42
34007609205,GHC,18-64,2018,108,78,39
34007609205,GHC,18-64,2019,125,93,40
34007609205,GHC,18-64,2020,112,86,39
34007609205,GHC,18-64,2021,124,98,34
34007609205,GHC,18-64,2022,131,107,30
34007609205,GHC,18-64,2023,126,92,41
34007609205,GHC,18-64,2024,136,106,41
34007610300,GHC,18-64,2017,67,60,15
34007610300,GHC,18-64,2018,70,56,17
34007610300,GHC,18-64,2019,73,59,20
34007610300,GHC,18-64,2020,66,58,14
34007610300,GHC,18-64,2021,60,46,18
34007610300,GHC,18-64,2022,59,50,15
34007610300,GHC,18-64,2023,59,46,19
34007610300,GHC,18-64,2024,66,52,21
34007610400,GHC,18-64,2017,502,438,128
34007610400,GHC,18-64,2018,485,426,106
34007610400,GHC,18-64,2019,469,416,102
34007610400,GHC,18-64,2020,366,317,82
34007610400,GHC,18-64,2021,388,327,85
34007610400,GHC,18-64,2022,358,302,87
34007610400,GHC,18-64,2023,377,326,81
34007610400,GHC,18-64,2024,362,319,74
34007610500,GHC,18-64,2017,338,265,108
34007610500,GHC,18-64,2018,394,355,74
34007610500,GHC,18-64,2019,388,334,84
34007610500,GHC,18-64,2020,288,242,65
34007610500,GHC,18-64,2021,242,183,71
34007610500,GHC,18-64,2022,249,196,68
34007610500,GHC,18-64,2023,253,205,63
34007610500,GHC,18-64,2024,234,198,43
34007610600,GHC,18-64,2017,99,73,50
34007610600,GHC,18-64,2018,91,71,41
34007610600,GHC,18-64,2019,109,81,49
34007610600,GHC,18-64,2020,80,55,33
34007610600,GHC,18-64,2021,76,53,31
34007610600,GHC,18-64,2022,64,44,27
34007610600,GHC,18-64,2023,57,40,23
34007610600,GHC,18-64,2024,58,37,27
34007610800,GHC,18-64,2017,238,190,93
34007610800,GHC,18-64,2018,238,189,86
34007610800,GHC,18-64,2019,228,185,74
34007610800,GHC,18-64,2020,157,123,49
34007610800,GHC,18-64,2021,139,97,60
34007610800,GHC,18-64,2022,145,108,46
34007610800,GHC,18-64,2023,155,114,55
34007610800,GHC,18-64,2024,154,110,54
34007610900,GHC,18-64,2017,120,87,48
34007610900,GHC,18-64,2018,106,72,48
34007610900,GHC,18-64,2019,114,77,50
34007610900,GHC,18-64,2020,96,66,42
34007610900,GHC,18-64,2021,84,58,35
34007610900,GHC,18-64,2022,71,55,25
34007610900,GHC,18-64,2023,62,49,19
34007610900,GHC,18-64,2024,56,41,15
34007611000,GHC,18-64,2017,241,180,81
34007611000,GHC,18-64,2018,265,191,102
34007611000,GHC,18-64,2019,288,229,84
34007611000,GHC,18-64,2020,237,186,63
34007611000,GHC,18-64,2021,215,153,73
34007611000,GHC,18-64,2022,217,173,57
34007611000,GHC,18-64,2023,224,174,66
34007611000,GHC,18-64,2024,205,154,62
34007611100,GHC,18-64,2017,86,56,43
34007611100,GHC,18-64,2018,101,84,26
34007611100,GHC,18-64,2019,88,69,30
34007611100,GHC,18-64,2020,73,49,32
34007611100,GHC,18-64,2021,63,39,28
34007611100,GHC,18-64,2022,67,56,17
34007611100,GHC,18-64,2023,80,66,21
34007611100,GHC,18-64,2024,72,58,18
34007611200,GHC,18-64,2017,144,106,48
34007611200,GHC,18-64,2018,137,95,51
34007611200,GHC,18-64,2019,145,104,57
34007611200,GHC,18-64,2020,66,44,26
34007611200,GHC,18-64,2021,86,67,25
34007611200,GHC,18-64,2022,100,76,36
34007611200,GHC,18-64,2023,101,82,27
34007611200,GHC,18-64,2024,80,59,26
34007611300,GHC,18-64,2017,170,127,60
34007611300,GHC,18-64,2018,166,134,56
34007611300,GHC,18-64,2019,136,110,40
34007611300,GHC,18-64,2020,84,65,25
34007611300,GHC,18-64,2021,104,82,35
34007611300,GHC,18-64,2022,114,85,35
34007611300,GHC,18-64,2023,108,86,26
34007611300,GHC,18-64,2024,102,85,21
34007611400,GHC,18-64,2017,134,90,54
34007611400,GHC,18-64,2018,143,108,54
34007611400,GHC,18-64,2019,149,113,50
34007611400,GHC,18-64,2020,111,83,39
34007611400,GHC,18-64,2021,112,82,37
34007611400,GHC,18-64,2022,117,98,26
34007611400,GHC,18-64,2023,122,96,34
34007611400,GHC,18-64,2024,120,89,44
34007611500,GHC,18-64,2017,23,14,10
34007611500,GHC,18-64,2018,14,7,8
34007611500,GHC,18-64,2019,44,34,11
34007611500,GHC,18-64,2020,36,29,9
34007611500,GHC,18-64,2021,32,23,12
34007611500,GHC,18-64,2022,44,35,11
34007611500,GHC,18-64,2023,45,33,13
34007611500,GHC,18-64,2024,37,27,10
34007611600,GHC,18-64,2017,240,192,74
34007611600,GHC,18-64,2018,257,226,59
34007611600,GHC,18-64,2019,266,223,67
34007611600,GHC,18-64,2020,211,182,54
34007611600,GHC,18-64,2021,154,119,46
34007611600,GHC,18-64,2022,133,104,35
34007611600,GHC,18-64,2023,162,135,39
34007611600,GHC,18-64,2024,155,138,23
34007611700,GHC,18-64,2017,88,65,28
34007611700,GHC,18-64,2018,85,69,24
34007611700,GHC,18-64,2019,94,76,26
34007611700,GHC,18-64,2020,72,57,20
34007611700,GHC,18-64,2021,60,48,15
34007611700,GHC,18-64,2022,56,40,17
34007611700,GHC,18-64,2023,66,49,19
34007611700,GHC,18-64,2024,60,48,16
34007600200,GHC,65+,2017,42,34,13
34007600200,GHC,65+,2018,41,34,15
34007600200,GHC,65+,2019,45,35,22
34007600200,GHC,65+,2020,33,22,15
34007600200,GHC,65+,2021,25,13,16
34007600200,GHC,65+,2022,25,16,16
34007600200,GHC,65+,2023,36,25,16
34007600200,GHC,65+,2024,30,20,14
34007600400,GHC,65+,2017,55,40,25
34007600400,GHC,65+,2018,47,35,16
34007600400,GHC,65+,2019,56,46,23
34007600400,GHC,65+,2020,40,30,16
34007600400,GHC,65+,2021,35,16,22
34007600400,GHC,65+,2022,33,22,18
34007600400,GHC,65+,2023,33,21,18
34007600400,GHC,65+,2024,39,28,16
34007600700,GHC,65+,2017,35,25,15
34007600700,GHC,65+,2018,26,16,12
34007600700,GHC,65+,2019,23,17,11
34007600700,GHC,65+,2020,21,15,11
34007600700,GHC,65+,2021,19,9,12
34007600700,GHC,65+,2022,20,10,12
34007600700,GHC,65+,2023,19,8,14
34007600700,GHC,65+,2024,17,10,8
34007600800,GHC,65+,2017,169,116,81
34007600800,GHC,65+,2018,155,98,88
34007600800,GHC,65+,2019,142,97,71
34007600800,GHC,65+,2020,134,77,74
34007600800,GHC,65+,2021,91,43,59
34007600800,GHC,65+,2022,88,53,53
34007600800,GHC,65+,2023,94,46,59
34007600800,GHC,65+,2024,100,53,62
34007600900,GHC,65+,2017,51,40,23
34007600900,GHC,65+,2018,57,47,18
34007600900,GHC,65+,2019,53,44,22
34007600900,GHC,65+,2020,47,31,22
34007600900,GHC,65+,2021,29,18,14
34007600900,GHC,65+,2022,41,21,24
34007600900,GHC,65+,2023,48,30,20
34007600900,GHC,65+,2024,49,31,19
34007601000,GHC,65+,2017,111,87,42
34007601000,GHC,65+,2018,109,86,41
34007601000,GHC,65+,2019,79,58,32
34007601000,GHC,65+,2020,83,53,42
34007601000,GHC,65+,2021,45,16,34
34007601000,GHC,65+,2022,56,30,29
34007601000,GHC,65+,2023,68,39,34
34007601000,GHC,65+,2024,63,40,24
34007601101,GHC,65+,2017,53,37,26
34007601101,GHC,65+,2018,49,37,21
34007601101,GHC,65+,2019,51,40,21
34007601101,GHC,65+,2020,42,26,20
34007601101,GHC,65+,2021,27,15,15
34007601101,GHC,65+,2022,28,18,12
34007601101,GHC,65+,2023,40,28,19
34007601101,GHC,65+,2024,44,30,17
34007601102,GHC,65+,2017,129,90,66
34007601102,GHC,65+,2018,126,89,51
34007601102,GHC,65+,2019,111,75,53
34007601102,GHC,65+,2020,90,57,44
34007601102,GHC,65+,2021,60,34,33
34007601102,GHC,65+,2022,60,35,34
34007601102,GHC,65+,2023,77,42,41
34007601102,GHC,65+,2024,65,38,34
34007601200,GHC,65+,2017,127,96,54
34007601200,GHC,65+,2018,123,89,59
34007601200,GHC,65+,2019,127,94,61
34007601200,GHC,65+,2020,107,68,58
34007601200,GHC,65+,2021,96,48,66
34007601200,GHC,65+,2022,86,45,56
34007601200,GHC,65+,2023,85,47,47
34007601200,GHC,65+,2024,92,60,40
34007601300,GHC,65+,2017,113,76,63
34007601300,GHC,65+,2018,101,79,45
34007601300,GHC,65+,2019,126,93,56
34007601300,GHC,65+,2020,91,58,51
34007601300,GHC,65+,2021,62,29,41
34007601300,GHC,65+,2022,59,39,29
34007601300,GHC,65+,2023,77,43,45
34007601300,GHC,65+,2024,81,54,37
34007601400,GHC,65+,2017,132,96,69
34007601400,GHC,65+,2018,133,90,70
34007601400,GHC,65+,2019,151,117,65
34007601400,GHC,65+,2020,107,72,57
34007601400,GHC,65+,2021,74,40,43
34007601400,GHC,65+,2022,74,42,40
34007601400,GHC,65+,2023,84,45,45
34007601400,GHC,65+,2024,87,55,40
34007601500,GHC,65+,2017,163,121,76
34007601500,GHC,65+,2018,152,114,63
34007601500,GHC,65+,2019,140,110,60
34007601500,GHC,65+,2020,118,75,67
34007601500,GHC,65+,2021,98,57,53
34007601500,GHC,65+,2022,113,67,59
34007601500,GHC,65+,2023,110,68,52
34007601500,GHC,65+,2024,109,73,56
34007601600,GHC,65+,2017,48,37,15
34007601600,GHC,65+,2018,46,34,25
34007601600,GHC,65+,2019,45,27,25
34007601600,GHC,65+,2020,45,26,25
34007601600,GHC,65+,2021,31,12,23
34007601600,GHC,65+,2022,29,13,19
34007601600,GHC,65+,2023,34,19,19
34007601600,GHC,65+,2024,28,15,17
34007601700,GHC,65+,2017,81,61,41
34007601700,GHC,65+,2018,79,62,42
34007601700,GHC,65+,2019,67,55,27
34007601700,GHC,65+,2020,61,40,38
34007601700,GHC,65+,2021,51,27,32
34007601700,GHC,65+,2022,58,37,33
34007601700,GHC,65+,2023,49,28,28
34007601700,GHC,65+,2024,46,29,25
34007601800,GHC,65+,2017,27,19,13
34007601800,GHC,65+,2018,30,21,16
34007601800,GHC,65+,2019,26,19,11
34007601800,GHC,65+,2020,27,22,9
34007601800,GHC,65+,2021,17,10,9
34007601800,GHC,65+,2022,21,13,12
34007601800,GHC,65+,2023,19,9,13
34007601800,GHC,65+,2024,23,8,15
34007601900,GHC,65+,2017,62,42,33
34007601900,GHC,65+,2018,56,38,29
34007601900,GHC,65+,2019,59,41,31
34007601900,GHC,65+,2020,48,32,25
34007601900,GHC,65+,2021,36,20,23
34007601900,GHC,65+,2022,30,13,18
34007601900,GHC,65+,2023,38,19,22
34007601900,GHC,65+,2024,37,22,20
34007602000,GHC,65+,2017,85,55,44
34007602000,GHC,65+,2018,79,56,33
34007602000,GHC,65+,2019,73,48,41
34007602000,GHC,65+,2020,73,48,35
34007602000,GHC,65+,2021,62,30,37
34007602000,GHC,65+,2022,70,36,39
34007602000,GHC,65+,2023,59,40,26
34007602000,GHC,65+,2024,68,40,36
34007602503,GHC,65+,2017,66,45,33
34007602503,GHC,65+,2018,68,45,35
34007602503,GHC,65+,2019,68,50,29
34007602503,GHC,65+,2020,52,29,31
34007602503,GHC,65+,2021,36,15,24
34007602503,GHC,65+,2022,39,16,28
34007602503,GHC,65+,2023,50,23,32
34007602503,GHC,65+,2024,38,20,24
34007602601,GHC,65+,2017,77,41,48
34007602601,GHC,65+,2018,77,50,42
34007602601,GHC,65+,2019,73,46,38
34007602601,GHC,65+,2020,59,35,31
34007602601,GHC,65+,2021,49,16,37
34007602601,GHC,65+,2022,54,22,37
34007602601,GHC,65+,2023,49,22,30
34007602601,GHC,65+,2024,44,19,30
34007602602,GHC,65+,2017,38,16,29
34007602602,GHC,65+,2018,41,21,25
34007602602,GHC,65+,2019,37,22,20
34007602602,GHC,65+,2020,20,11,12
34007602602,GHC,65+,2021,14,6,10
34007602602,GHC,65+,2022,26,8,18
34007602602,GHC,65+,2023,26,14,14
34007602602,GHC,65+,2024,20,8,13
34007602901,GHC,65+,2017,146,95,87
34007602901,GHC,65+,2018,153,94,90
34007602901,GHC,65+,2019,135,78,83
34007602901,GHC,65+,2020,82,30,56
34007602901,GHC,65+,2021,71,24,51
34007602901,GHC,65+,2022,67,22,49
34007602901,GHC,65+,2023,50,17,33
34007602901,GHC,65+,2024,56,24,38
34007602902,GHC,65+,2017,76,49,40
34007602902,GHC,65+,2018,55,32,33
34007602902,GHC,65+,2019,54,32,31
34007602902,GHC,65+,2020,28,16,15
34007602902,GHC,65+,2021,37,16,22
34007602902,GHC,65+,2022,33,14,20
34007602902,GHC,65+,2023,33,14,21
34007602902,GHC,65+,2024,41,22,26
34007603001,GHC,65+,2017,84,54,45
34007603001,GHC,65+,2018,76,38,49
34007603001,GHC,65+,2019,85,48,52
34007603001,GHC,65+,2020,61,30,38
34007603001,GHC,65+,2021,45,19,29
34007603001,GHC,65+,2022,53,24,34
34007603001,GHC,65+,2023,42,23,22
34007603001,GHC,65+,2024,39,14,28
34007603002,GHC,65+,2017,91,55,52
34007603002,GHC,65+,2018,77,56,41
34007603002,GHC,65+,2019,86,57,53
34007603002,GHC,65+,2020,64,39,35
34007603002,GHC,65+,2021,46,21,30
34007603002,GHC,65+,2022,60,25,40
34007603002,GHC,65+,2023,53,26,33
34007603002,GHC,65+,2024,52,22,32
34007603100,GHC,65+,2017,77,50,40
34007603100,GHC,65+,2018,76,45,47
34007603100,GHC,65+,2019,65,39,40
34007603100,GHC,65+,2020,45,16,33
34007603100,GHC,65+,2021,30,14,21
34007603100,GHC,65+,2022,32,18,19
34007603100,GHC,65+,2023,31,17,17
34007603100,GHC,65+,2024,37,12,30
34007603200,GHC,65+,2017,292,157,192
34007603200,GHC,65+,2018,296,149,204
34007603200,GHC,65+,2019,259,137,172
34007603200,GHC,65+,2020,145,54,112
34007603200,GHC,65+,2021,121,30,98
34007603200,GHC,65+,2022,138,32,115
34007603200,GHC,65+,2023,114,27,92
34007603200,GHC,65+,2024,108,29,82
34007603301,GHC,65+,2017,221,120,149
34007603301,GHC,65+,2018,197,94,130
34007603301,GHC,65+,2019,189,97,131
34007603301,GHC,65+,2020,93,29,75
34007603301,GHC,65+,2021,69,15,59
34007603301,GHC,65+,2022,63,18,49
34007603301,GHC,65+,2023,38,17,22
34007603301,GHC,65+,2024,50,19,37
34007603302,GHC,65+,2017,119,62,78
34007603302,GHC,65+,2018,141,68,95
34007603302,GHC,65+,2019,137,57,103
34007603302,GHC,65+,2020,76,18,63
34007603302,GHC,65+,2021,69,12,60
34007603302,GHC,65+,2022,62,16,50
34007603302,GHC,65+,2023,80,27,58
34007603302,GHC,65+,2024,79,23,60
34007603303,GHC,65+,2017,162,88,112
34007603303,GHC,65+,2018,138,78,88
34007603303,GHC,65+,2019,132,68,86
34007603303,GHC,65+,2020,81,17,71
34007603303,GHC,65+,2021,69,16,57
34007603303,GHC,65+,2022,72,19,63
34007603303,GHC,65+,2023,74,18,62
34007603303,GHC,65+,2024,52,18,37
34007603400,GHC,65+,2017,160,83,102
34007603400,GHC,65+,2018,180,84,115
34007603400,GHC,65+,2019,202,103,143
34007603400,GHC,65+,2020,136,39,109
34007603400,GHC,65+,2021,143,32,123
34007603400,GHC,65+,2022,116,30,96
34007603400,GHC,65+,2023,105,32,79
34007603400,GHC,65+,2024,112,34,87
34007603501,GHC,65+,2017,31,14,22
34007603501,GHC,65+,2018,31,16,16
34007603501,GHC,65+,2019,59,24,39
34007603501,GHC,65+,2020,46,11,35
34007603501,GHC,65+,2021,57,21,43
34007603501,GHC,65+,2022,65,27,46
34007603501,GHC,65+,2023,53,18,43
34007603501,GHC,65+,2024,60,22,41
34007603503,GHC,65+,2017,33,18,20
34007603503,GHC,65+,2018,27,10,20
34007603503,GHC,65+,2019,47,14,36
34007603503,GHC,65+,2020,39,11,30
34007603503,GHC,65+,2021,38,10,29
34007603503,GHC,65+,2022,36,11,26
34007603503,GHC,65+,2023,35,9,28
34007603503,GHC,65+,2024,60,20,41
34007603504,GHC,65+,2017,19,9,12
34007603504,GHC,65+,2018,16,8,9
34007603504,GHC,65+,2019,35,15,26
34007603504,GHC,65+,2020,21,5,16
34007603504,GHC,65+,2021,21,<5,17
34007603504,GHC,65+,2022,28,8,21
34007603504,GHC,65+,2023,36,15,24
34007603504,GHC,65+,2024,21,9,15
34007603505,GHC,65+,2017,41,19,26
34007603505,GHC,65+,2018,28,12,23
34007603505,GHC,65+,2019,49,17,41
34007603505,GHC,65+,2020,27,6,25
34007603505,GHC,65+,2021,29,6,24
34007603505,GHC,65+,2022,47,16,32
34007603505,GHC,65+,2023,42,19,27
34007603505,GHC,65+,2024,44,20,28
34007603506,GHC,65+,2017,34,16,19
34007603506,GHC,65+,2018,29,6,24
34007603506,GHC,65+,2019,73,26,55
34007603506,GHC,65+,2020,61,20,42
34007603506,GHC,65+,2021,71,22,54
34007603506,GHC,65+,2022,78,25,57
34007603506,GHC,65+,2023,78,34,48
34007603506,GHC,65+,2024,74,24,59
34007603507,GHC,65+,2017,55,24,37
34007603507,GHC,65+,2018,60,28,38
34007603507,GHC,65+,2019,97,36,70
34007603507,GHC,65+,2020,90,18,78
34007603507,GHC,65+,2021,101,22,85
34007603507,GHC,65+,2022,85,24,64
34007603507,GHC,65+,2023,113,38,80
34007603507,GHC,65+,2024,111,31,84
34007603601,GHC,65+,2017,147,69,110
34007603601,GHC,65+,2018,146,77,101
34007603601,GHC,65+,2019,134,54,94
34007603601,GHC,65+,2020,76,15,65
34007603601,GHC,65+,2021,64,17,49
34007603601,GHC,65+,2022,64,15,52
34007603601,GHC,65+,2023,64,14,55
34007603601,GHC,65+,2024,63,20,47
34007603602,GHC,65+,2017,26,10,19
34007603602,GHC,65+,2018,24,18,11
34007603602,GHC,65+,2019,38,16,27
34007603602,GHC,65+,2020,26,11,19
34007603602,GHC,65+,2021,22,13,12
34007603602,GHC,65+,2022,16,7,10
34007603602,GHC,65+,2023,19,7,12
34007603602,GHC,65+,2024,21,<5,19
34007603603,GHC,65+,2017,29,16,14
34007603603,GHC,65+,2018,30,16,21
34007603603,GHC,65+,2019,36,15,25
34007603603,GHC,65+,2020,25,<5,22
34007603603,GHC,65+,2021,37,10,30
34007603603,GHC,65+,2022,22,6,19
34007603603,GHC,65+,2023,24,10,14
34007603603,GHC,65+,2024,29,8,23
34007603700,GHC,65+,2017,68,37,37
34007603700,GHC,65+,2018,79,43,55
34007603700,GHC,65+,2019,101,49,72
34007603700,GHC,65+,2020,64,22,48
34007603700,GHC,65+,2021,52,15,40
34007603700,GHC,65+,2022,59,14,48
34007603700,GHC,65+,2023,47,13,38
34007603700,GHC,65+,2024,50,13,44
34007603800,GHC,65+,2017,82,47,49
34007603800,GHC,65+,2018,78,49,42
34007603800,GHC,65+,2019,77,38,46
34007603800,GHC,65+,2020,67,37,36
34007603800,GHC,65+,2021,42,13,33
34007603800,GHC,65+,2022,42,8,35
34007603800,GHC,65+,2023,48,25,29
34007603800,GHC,65+,2024,50,21,34
34007603901,GHC,65+,2017,106,65,59
34007603901,GHC,65+,2018,117,72,73
34007603901,GHC,65+,2019,133,66,89
34007603901,GHC,65+,2020,95,51,61
34007603901,GHC,65+,2021,56,13,47
34007603901,GHC,65+,2022,64,28,41
34007603901,GHC,65+,2023,55,23,39
34007603901,GHC,65+,2024,58,31,33
34007603902,GHC,65+,2017,86,46,53
34007603902,GHC,65+,2018,82,33,61
34007603902,GHC,65+,2019,86,50,54
34007603902,GHC,65+,2020,67,33,45
34007603902,GHC,65+,2021,34,10,29
34007603902,GHC,65+,2022,46,20,32
34007603902,GHC,65+,2023,36,16,21
34007603902,GHC,65+,2024,36,12,24
34007604100,GHC,65+,2017,47,34,25
34007604100,GHC,65+,2018,58,39,28
34007604100,GHC,65+,2019,61,42,33
34007604100,GHC,65+,2020,34,20,20
34007604100,GHC,65+,2021,30,11,19
34007604100,GHC,65+,2022,36,17,24
34007604100,GHC,65+,2023,26,13,14
34007604100,GHC,65+,2024,29,17,19
34007604200,GHC,65+,2017,117,72,68
34007604200,GHC,65+,2018,123,86,63
34007604200,GHC,65+,2019,117,62,80
34007604200,GHC,65+,2020,90,48,55
34007604200,GHC,65+,2021,54,20,39
34007604200,GHC,65+,2022,45,13,33
34007604200,GHC,65+,2023,54,15,44
34007604200,GHC,65+,2024,46,15,35
34007604300,GHC,65+,2017,70,40,40
34007604300,GHC,65+,2018,59,31,38
34007604300,GHC,65+,2019,82,48,49
34007604300,GHC,65+,2020,71,39,39
34007604300,GHC,65+,2021,39,12,32
34007604300,GHC,65+,2022,59,28,38
34007604300,GHC,65+,2023,45,22,26
34007604300,GHC,65+,2024,52,25,30
34007604400,GHC,65+,2017,56,34,27
34007604400,GHC,65+,2018,58,34,35
34007604400,GHC,65+,2019,70,48,39
34007604400,GHC,65+,2020,55,25,34
34007604400,GHC,65+,2021,40,19,26
34007604400,GHC,65+,2022,36,12,27
34007604400,GHC,65+,2023,39,12,32
34007604400,GHC,65+,2024,34,15,23
34007604600,GHC,65+,2017,41,18,29
34007604600,GHC,65+,2018,41,18,32
34007604600,GHC,65+,2019,37,19,26
34007604600,GHC,65+,2020,30,10,22
34007604600,GHC,65+,2021,30,12,22
34007604600,GHC,65+,2022,37,9,28
34007604600,GHC,65+,2023,20,8,17
34007604600,GHC,65+,2024,28,8,22
34007604700,GHC,65+,2017,34,19,20
34007604700,GHC,65+,2018,42,25,21
34007604700,GHC,65+,2019,37,23,21
34007604700,GHC,65+,2020,24,12,13
34007604700,GHC,65+,2021,15,7,9
34007604700,GHC,65+,2022,17,6,12
34007604700,GHC,65+,2023,16,9,7
34007604700,GHC,65+,2024,20,8,14
34007605100,GHC,65+,2017,36,14,29
34007605100,GHC,65+,2018,41,16,35
34007605100,GHC,65+,2019,46,15,37
34007605100,GHC,65+,2020,23,8,20
34007605100,GHC,65+,2021,18,7,12
34007605100,GHC,65+,2022,19,6,13
34007605100,GHC,65+,2023,22,13,11
34007605100,GHC,65+,2024,24,7,18
34007605200,GHC,65+,2017,38,20,26
34007605200,GHC,65+,2018,41,19,29
34007605200,GHC,65+,2019,43,17,29
34007605200,GHC,65+,2020,38,23,25
34007605200,GHC,65+,2021,33,14,24
34007605200,GHC,65+,2022,32,14,25
34007605200,GHC,65+,2023,25,7,20
34007605200,GHC,65+,2024,34,11,24
34007605300,GHC,65+,2017,26,14,15
34007605300,GHC,65+,2018,30,16,17
34007605300,GHC,65+,2019,32,13,22
34007605300,GHC,65+,2020,22,12,14
34007605300,GHC,65+,2021,15,<5,13
34007605300,GHC,65+,2022,9,<5,8
34007605300,GHC,65+,2023,25,8,18
34007605300,GHC,65+,2024,21,6,17
34007605400,GHC,65+,2017,62,36,37
34007605400,GHC,65+,2018,49,25,35
34007605400,GHC,65+,2019,65,34,38
34007605400,GHC,65+,2020,49,27,33
34007605400,GHC,65+,2021,40,14,31
34007605400,GHC,65+,2022,27,5,24
34007605400,GHC,65+,2023,40,16,26
34007605400,GHC,65+,2024,36,12,25
34007605602,GHC,65+,2017,27,16,18
34007605602,GHC,65+,2018,23,9,17
34007605602,GHC,65+,2019,30,19,15
34007605602,GHC,65+,2020,31,16,20
34007605602,GHC,65+,2021,21,9,13
34007605602,GHC,65+,2022,26,13,17
34007605602,GHC,65+,2023,27,13,16
34007605602,GHC,65+,2024,18,7,11
34007605700,GHC,65+,2017,50,29,30
34007605700,GHC,65+,2018,59,33,37
34007605700,GHC,65+,2019,73,40,46
34007605700,GHC,65+,2020,38,25,20
34007605700,GHC,65+,2021,29,9,24
34007605700,GHC,65+,2022,39,19,24
34007605700,GHC,65+,2023,34,13,23
34007605700,GHC,65+,2024,38,10,33
34007605800,GHC,65+,2017,42,20,28
34007605800,GHC,65+,2018,44,27,26
34007605800,GHC,65+,2019,46,27,26
34007605800,GHC,65+,2020,30,17,19
34007605800,GHC,65+,2021,19,6,14
34007605800,GHC,65+,2022,27,14,16
34007605800,GHC,65+,2023,32,10,23
34007605800,GHC,65+,2024,38,14,27
34007605900,GHC,65+,2017,36,14,26
34007605900,GHC,65+,2018,38,23,22
34007605900,GHC,65+,2019,31,21,14
34007605900,GHC,65+,2020,24,11,16
34007605900,GHC,65+,2021,20,7,15
34007605900,GHC,65+,2022,25,5,20
34007605900,GHC,65+,2023,21,8,15
34007605900,GHC,65+,2024,15,7,10
34007606000,GHC,65+,2017,55,26,33
34007606000,GHC,65+,2018,61,35,35
34007606000,GHC,65+,2019,61,35,37
34007606000,GHC,65+,2020,44,18,31
34007606000,GHC,65+,2021,31,15,18
34007606000,GHC,65+,2022,19,9,12
34007606000,GHC,65+,2023,37,13,27
34007606000,GHC,65+,2024,28,11,20
34007606100,GHC,65+,2017,10,<5,7
34007606100,GHC,65+,2018,16,11,9
34007606100,GHC,65+,2019,20,13,10
34007606100,GHC,65+,2020,14,<5,11
34007606100,GHC,65+,2021,11,<5,9
34007606100,GHC,65+,2022,7,5,<5
34007606100,GHC,65+,2023,5,<5,<5
34007606100,GHC,65+,2024,8,<5,6
34007606200,GHC,65+,2017,48,31,25
34007606200,GHC,65+,2018,31,14,27
34007606200,GHC,65+,2019,49,15,39
34007606200,GHC,65+,2020,22,<5,19
34007606200,GHC,65+,2021,24,5,19
34007606200,GHC,65+,2022,8,<5,6
34007606200,GHC,65+,2023,24,13,15
34007606200,GHC,65+,2024,31,15,20
34007606300,GHC,65+,2017,21,12,12
34007606300,GHC,65+,2018,21,13,11
34007606300,GHC,65+,2019,29,16,18
34007606300,GHC,65+,2020,21,8,16
34007606300,GHC,65+,2021,23,6,17
34007606300,GHC,65+,2022,6,<5,<5
34007606300,GHC,65+,2023,14,11,<5
34007606300,GHC,65+,2024,12,5,8
34007606400,GHC,65+,2017,39,22,23
34007606400,GHC,65+,2018,38,25,20
34007606400,GHC,65+,2019,46,22,30
34007606400,GHC,65+,2020,29,7,25
34007606400,GHC,65+,2021,25,7,20
34007606400,GHC,65+,2022,34,9,26
34007606400,GHC,65+,2023,28,6,25
34007606400,GHC,65+,2024,23,7,18
34007606500,GHC,65+,2017,77,40,55
34007606500,GHC,65+,2018,86,53,46
34007606500,GHC,65+,2019,96,49,62
34007606500,GHC,65+,2020,53,14,42
34007606500,GHC,65+,2021,53,19,40
34007606500,GHC,65+,2022,44,24,25
34007606500,GHC,65+,2023,47,23,26
34007606500,GHC,65+,2024,46,19,30
34007606600,GHC,65+,2017,36,17,25
34007606600,GHC,65+,2018,34,23,18
34007606600,GHC,65+,2019,31,16,20
34007606600,GHC,65+,2020,24,10,15
34007606600,GHC,65+,2021,17,6,12
34007606600,GHC,65+,2022,26,11,16
34007606600,GHC,65+,2023,15,<5,11
34007606600,GHC,65+,2024,28,9,20
34007606700,GHC,65+,2017,83,43,59
34007606700,GHC,65+,2018,107,61,59
34007606700,GHC,65+,2019,114,50,79
34007606700,GHC,65+,2020,72,36,48
34007606700,GHC,65+,2021,51,12,44
34007606700,GHC,65+,2022,57,21,41
34007606700,GHC,65+,2023,54,17,40
34007606700,GHC,65+,2024,43,15,34
34007606800,GHC,65+,2017,52,23,37
34007606800,GHC,65+,2018,55,25,39
34007606800,GHC,65+,2019,52,24,34
34007606800,GHC,65+,2020,36,19,23
34007606800,GHC,65+,2021,33,11,23
34007606800,GHC,65+,2022,33,14,22
34007606800,GHC,65+,2023,36,14,23
34007606800,GHC,65+,2024,37,16,24
34007607000,GHC,65+,2017,80,32,59
34007607000,GHC,65+,2018,77,41,50
34007607000,GHC,65+,2019,82,42,50
34007607000,GHC,65+,2020,64,32,41
34007607000,GHC,65+,2021,55,12,46
34007607000,GHC,65+,2022,46,9,38
34007607000,GHC,65+,2023,42,18,27
34007607000,GHC,65+,2024,48,15,34
34007607100,GHC,65+,2017,57,29,39
34007607100,GHC,65+,2018,56,34,30
34007607100,GHC,65+,2019,61,32,41
34007607100,GHC,65+,2020,40,7,35
34007607100,GHC,65+,2021,30,8,24
34007607100,GHC,65+,2022,30,8,22
34007607100,GHC,65+,2023,33,15,19
34007607100,GHC,65+,2024,45,12,35
34007607200,GHC,65+,2017,85,35,65
34007607200,GHC,65+,2018,77,38,52
34007607200,GHC,65+,2019,84,35,63
34007607200,GHC,65+,2020,47,18,36
34007607200,GHC,65+,2021,41,11,32
34007607200,GHC,65+,2022,46,13,38
34007607200,GHC,65+,2023,53,15,40
34007607200,GHC,65+,2024,44,15,31
34007607300,GHC,65+,2017,62,40,36
34007607300,GHC,65+,2018,54,23,34
34007607300,GHC,65+,2019,55,18,41
34007607300,GHC,65+,2020,33,9,28
34007607300,GHC,65+,2021,30,9,22
34007607300,GHC,65+,2022,37,10,29
34007607300,GHC,65+,2023,32,14,20
34007607300,GHC,65+,2024,40,10,31
34007607401,GHC,65+,2017,50,23,36
34007607401,GHC,65+,2018,50,20,39
34007607401,GHC,65+,2019,40,21,23
34007607401,GHC,65+,2020,34,13,25
34007607401,GHC,65+,2021,25,8,18
34007607401,GHC,65+,2022,30,13,22
34007607401,GHC,65+,2023,34,14,22
34007607401,GHC,65+,2024,30,14,21
34007607402,GHC,65+,2017,52,22,36
34007607402,GHC,65+,2018,40,17,31
34007607402,GHC,65+,2019,40,19,24
34007607402,GHC,65+,2020,23,7,18
34007607402,GHC,65+,2021,28,8,23
34007607402,GHC,65+,2022,23,7,22
34007607402,GHC,65+,2023,17,8,12
34007607402,GHC,65+,2024,21,9,13
34007607502,GHC,65+,2017,178,77,132
34007607502,GHC,65+,2018,170,81,117
34007607502,GHC,65+,2019,262,89,211
34007607502,GHC,65+,2020,215,46,185
34007607502,GHC,65+,2021,170,31,149
34007607502,GHC,65+,2022,156,40,128
34007607502,GHC,65+,2023,145,47,110
34007607502,GHC,65+,2024,155,49,113
34007607503,GHC,65+,2017,124,61,95
34007607503,GHC,65+,2018,128,69,89
34007607503,GHC,65+,2019,174,64,131
34007607503,GHC,65+,2020,163,45,129
34007607503,GHC,65+,2021,125,32,102
34007607503,GHC,65+,2022,133,42,100
34007607503,GHC,65+,2023,109,33,84
34007607503,GHC,65+,2024,97,32,73
34007607504,GHC,65+,2017,19,6,14
34007607504,GHC,65+,2018,19,8,15
34007607504,GHC,65+,2019,42,15,32
34007607504,GHC,65+,2020,34,8,29
34007607504,GHC,65+,2021,36,12,25
34007607504,GHC,65+,2022,38,15,27
34007607504,GHC,65+,2023,49,14,38
34007607504,GHC,65+,2024,39,18,24
34007607505,GHC,65+,2017,19,6,14
34007607505,GHC,65+,2018,26,6,22
34007607505,GHC,65+,2019,40,14,30
34007607505,GHC,65+,2020,39,11,32
34007607505,GHC,65+,2021,39,12,31
34007607505,GHC,65+,2022,49,21,30
34007607505,GHC,65+,2023,46,15,33
34007607505,GHC,65+,2024,48,20,33
34007607506,GHC,65+,2017,14,10,6
34007607506,GHC,65+,2018,15,7,11
34007607506,GHC,65+,2019,24,10,17
34007607506,GHC,65+,2020,14,6,9
34007607506,GHC,65+,2021,18,6,12
34007607506,GHC,65+,2022,20,5,16
34007607506,GHC,65+,2023,21,10,15
34007607506,GHC,65+,2024,20,5,16
34007607507,GHC,65+,2017,150,75,98
34007607507,GHC,65+,2018,145,72,100
34007607507,GHC,65+,2019,172,84,114
34007607507,GHC,65+,2020,119,33,96
34007607507,GHC,65+,2021,103,26,86
34007607507,GHC,65+,2022,110,32,89
34007607507,GHC,65+,2023,104,34,80
34007607507,GHC,65+,2024,106,37,80
34007607600,GHC,65+,2017,19,9,11
34007607600,GHC,65+,2018,17,5,14
34007607600,GHC,65+,2019,24,7,18
34007607600,GHC,65+,2020,28,7,22
34007607600,GHC,65+,2021,31,6,25
34007607600,GHC,65+,2022,22,5,19
34007607600,GHC,65+,2023,23,5,18
34007607600,GHC,65+,2024,26,7,20
34007607701,GHC,65+,2017,60,31,41
34007607701,GHC,65+,2018,59,37,36
34007607701,GHC,65+,2019,81,27,64
34007607701,GHC,65+,2020,45,9,39
34007607701,GHC,65+,2021,39,11,33
34007607701,GHC,65+,2022,44,22,32
34007607701,GHC,65+,2023,60,24,40
34007607701,GHC,65+,2024,55,30,34
34007607702,GHC,65+,2017,81,45,55
34007607702,GHC,65+,2018,77,46,52
34007607702,GHC,65+,2019,90,44,60
34007607702,GHC,65+,2020,55,15,42
34007607702,GHC,65+,2021,49,16,38
34007607702,GHC,65+,2022,60,20,43
34007607702,GHC,65+,2023,48,13,40
34007607702,GHC,65+,2024,61,28,46
34007607801,GHC,65+,2017,70,30,51
34007607801,GHC,65+,2018,79,38,52
34007607801,GHC,65+,2019,74,39,43
34007607801,GHC,65+,2020,47,18,33
34007607801,GHC,65+,2021,38,15,25
34007607801,GHC,65+,2022,48,18,34
34007607801,GHC,65+,2023,51,20,38
34007607801,GHC,65+,2024,47,18,34
34007607802,GHC,65+,2017,37,15,26
34007607802,GHC,65+,2018,38,21,24
34007607802,GHC,65+,2019,40,19,29
34007607802,GHC,65+,2020,13,<5,11
34007607802,GHC,65+,2021,17,<5,14
34007607802,GHC,65+,2022,13,7,7
34007607802,GHC,65+,2023,26,9,18
34007607802,GHC,65+,2024,14,<5,12
34007607900,GHC,65+,2017,23,12,15
34007607900,GHC,65+,2018,27,19,14
34007607900,GHC,65+,2019,18,9,11
34007607900,GHC,65+,2020,13,5,10
34007607900,GHC,65+,2021,14,<5,13
34007607900,GHC,65+,2022,16,9,8
34007607900,GHC,65+,2023,13,5,11
34007607900,GHC,65+,2024,18,<5,15
34007608001,GHC,65+,2017,40,23,23
34007608001,GHC,65+,2018,49,27,30
34007608001,GHC,65+,2019,42,20,28
34007608001,GHC,65+,2020,22,6,18
34007608001,GHC,65+,2021,19,5,16
34007608001,GHC,65+,2022,29,6,23
34007608001,GHC,65+,2023,22,9,16
34007608001,GHC,65+,2024,30,15,19
34007608202,GHC,65+,2017,65,31,44
34007608202,GHC,65+,2018,71,38,45
34007608202,GHC,65+,2019,54,29,31
34007608202,GHC,65+,2020,35,11,25
34007608202,GHC,65+,2021,31,9,25
34007608202,GHC,65+,2022,40,14,27
34007608202,GHC,65+,2023,37,15,24
34007608202,GHC,65+,2024,35,8,30
34007608205,GHC,65+,2017,49,21,38
34007608205,GHC,65+,2018,52,28,33
34007608205,GHC,65+,2019,57,17,43
34007608205,GHC,65+,2020,31,<5,30
34007608205,GHC,65+,2021,31,12,23
34007608205,GHC,65+,2022,32,10,22
34007608205,GHC,65+,2023,31,8,25
34007608205,GHC,65+,2024,25,9,17
34007608206,GHC,65+,2017,51,29,35
34007608206,GHC,65+,2018,55,34,30
34007608206,GHC,65+,2019,51,25,34
34007608206,GHC,65+,2020,28,11,21
34007608206,GHC,65+,2021,35,16,21
34007608206,GHC,65+,2022,35,12,25
34007608206,GHC,65+,2023,21,8,13
34007608206,GHC,65+,2024,29,9,23
34007608209,GHC,65+,2017,46,20,31
34007608209,GHC,65+,2018,40,20,27
34007608209,GHC,65+,2019,51,25,33
34007608209,GHC,65+,2020,19,<5,17
34007608209,GHC,65+,2021,23,10,19
34007608209,GHC,65+,2022,25,11,19
34007608209,GHC,65+,2023,20,8,15
34007608209,GHC,65+,2024,25,8,19
34007608210,GHC,65+,2017,43,26,26
34007608210,GHC,65+,2018,42,25,29
34007608210,GHC,65+,2019,45,27,24
34007608210,GHC,65+,2020,22,7,16
34007608210,GHC,65+,2021,20,14,12
34007608210,GHC,65+,2022,19,6,14
34007608210,GHC,65+,2023,18,7,12
34007608210,GHC,65+,2024,18,11,9
34007608211,GHC,65+,2017,70,34,49
34007608211,GHC,65+,2018,72,44,39
34007608211,GHC,65+,2019,81,37,61
34007608211,GHC,65+,2020,36,11,29
34007608211,GHC,65+,2021,39,10,32
34007608211,GHC,65+,2022,42,12,31
34007608211,GHC,65+,2023,32,11,21
34007608211,GHC,65+,2024,49,20,31
34007608302,GHC,65+,2017,105,49,69
34007608302,GHC,65+,2018,131,65,93
34007608302,GHC,65+,2019,112,54,72
34007608302,GHC,65+,2020,48,10,41
34007608302,GHC,65+,2021,54,13,46
34007608302,GHC,65+,2022,51,23,34
34007608302,GHC,65+,2023,62,20,47
34007608302,GHC,65+,2024,43,8,37
34007608303,GHC,65+,2017,47,20,34
34007608303,GHC,65+,2018,40,21,26
34007608303,GHC,65+,2019,31,11,23
34007608303,GHC,65+,2020,24,6,18
34007608303,GHC,65+,2021,17,7,13
34007608303,GHC,65+,2022,15,8,7
34007608303,GHC,65+,2023,24,8,19
34007608303,GHC,65+,2024,19,10,12
34007608304,GHC,65+,2017,103,51,73
34007608304,GHC,65+,2018,79,47,48
34007608304,GHC,65+,2019,94,46,61
34007608304,GHC,65+,2020,50,10,43
34007608304,GHC,65+,2021,46,15,38
34007608304,GHC,65+,2022,39,15,26
34007608304,GHC,65+,2023,45,20,29
34007608304,GHC,65+,2024,49,24,28
34007608401,GHC,65+,2017,34,12,25
34007608401,GHC,65+,2018,32,15,25
34007608401,GHC,65+,2019,32,16,21
34007608401,GHC,65+,2020,29,9,25
34007608401,GHC,65+,2021,22,7,17
34007608401,GHC,65+,2022,20,9,13
34007608401,GHC,65+,2023,38,18,23
34007608401,GHC,65+,2024,23,9,14
34007608402,GHC,65+,2017,64,33,40
34007608402,GHC,65+,2018,68,35,49
34007608402,GHC,65+,2019,64,35,38
34007608402,GHC,65+,2020,30,10,24
34007608402,GHC,65+,2021,36,8,30
34007608402,GHC,65+,2022,43,12,37
34007608402,GHC,65+,2023,40,14,31
34007608402,GHC,65+,2024,38,16,25
34007608403,GHC,65+,2017,55,33,30
34007608403,GHC,65+,2018,54,35,30
34007608403,GHC,65+,2019,53,26,33
34007608403,GHC,65+,2020,23,6,18
34007608403,GHC,65+,2021,28,8,23
34007608403,GHC,65+,2022,31,13,20
34007608403,GHC,65+,2023,28,11,18
34007608403,GHC,65+,2024,34,14,24
34007608404,GHC,65+,2017,77,40,47
34007608404,GHC,65+,2018,95,56,53
34007608404,GHC,65+,2019,79,42,56
34007608404,GHC,65+,2020,43,10,36
34007608404,GHC,65+,2021,46,9,39
34007608404,GHC,65+,2022,52,24,36
34007608404,GHC,65+,2023,58,21,43
34007608404,GHC,65+,2024,52,23,39
34007608503,GHC,65+,2017,38,17,25
34007608503,GHC,65+,2018,42,28,27
34007608503,GHC,65+,2019,43,20,28
34007608503,GHC,65+,2020,31,8,26
34007608503,GHC,65+,2021,31,10,24
34007608503,GHC,65+,2022,28,14,19
34007608503,GHC,65+,2023,38,18,23
34007608503,GHC,65+,2024,31,10,24
34007608504,GHC,65+,2017,57,42,30
34007608504,GHC,65+,2018,56,33,37
34007608504,GHC,65+,2019,54,29,37
34007608504,GHC,65+,2020,41,19,24
34007608504,GHC,65+,2021,38,17,28
34007608504,GHC,65+,2022,50,22,36
34007608504,GHC,65+,2023,60,31,38
34007608504,GHC,65+,2024,57,25,41
34007608600,GHC,65+,2017,68,32,46
34007608600,GHC,65+,2018,86,41,59
34007608600,GHC,65+,2019,79,43,48
34007608600,GHC,65+,2020,57,18,45
34007608600,GHC,65+,2021,59,15,48
34007608600,GHC,65+,2022,57,19,42
34007608600,GHC,65+,2023,50,13,40
34007608600,GHC,65+,2024,65,15,51
34007608700,GHC,65+,2017,72,33,53
34007608700,GHC,65+,2018,73,27,53
34007608700,GHC,65+,2019,132,38,111
34007608700,GHC,65+,2020,115,28,94
34007608700,GHC,65+,2021,114,23,101
34007608700,GHC,65+,2022,128,31,101
34007608700,GHC,65+,2023,110,37,77
34007608700,GHC,65+,2024,97,27,78
34007608800,GHC,65+,2017,44,14,33
34007608800,GHC,65+,2018,42,18,29
34007608800,GHC,65+,2019,97,34,76
34007608800,GHC,65+,2020,87,26,66
34007608800,GHC,65+,2021,94,35,68
34007608800,GHC,65+,2022,93,32,74
34007608800,GHC,65+,2023,92,31,63
34007608800,GHC,65+,2024,108,43,75
34007608901,GHC,65+,2017,35,10,27
34007608901,GHC,65+,2018,25,10,20
34007608901,GHC,65+,2019,65,21,51
34007608901,GHC,65+,2020,50,17,37
34007608901,GHC,65+,2021,60,18,47
34007608901,GHC,65+,2022,71,18,57
34007608901,GHC,65+,2023,79,19,64
34007608901,GHC,65+,2024,70,23,52
34007608903,GHC,65+,2017,10,<5,8
34007608903,GHC,65+,2018,17,<5,15
34007608903,GHC,65+,2019,43,10,35
34007608903,GHC,65+,2020,40,10,35
34007608903,GHC,65+,2021,41,10,36
34007608903,GHC,65+,2022,44,12,35
34007608903,GHC,65+,2023,47,17,33
34007608903,GHC,65+,2024,40,13,30
34007608904,GHC,65+,2017,10,<5,9
34007608904,GHC,65+,2018,11,0,11
34007608904,GHC,65+,2019,23,6,20
34007608904,GHC,65+,2020,13,<5,11
34007608904,GHC,65+,2021,23,<5,22
34007608904,GHC,65+,2022,21,6,18
34007608904,GHC,65+,2023,24,9,15
34007608904,GHC,65+,2024,27,5,22
34007609000,GHC,65+,2017,14,5,11
34007609000,GHC,65+,2018,17,6,12
34007609000,GHC,65+,2019,38,17,27
34007609000,GHC,65+,2020,32,12,25
34007609000,GHC,65+,2021,31,8,25
34007609000,GHC,65+,2022,29,10,20
34007609000,GHC,65+,2023,33,11,24
34007609000,GHC,65+,2024,30,13,21
34007609103,GHC,65+,2017,35,12,28
34007609103,GHC,65+,2018,68,29,47
34007609103,GHC,65+,2019,127,37,101
34007609103,GHC,65+,2020,116,27,95
34007609103,GHC,65+,2021,90,22,71
34007609103,GHC,65+,2022,96,31,71
34007609103,GHC,65+,2023,108,31,83
34007609103,GHC,65+,2024,111,26,94
34007609201,GHC,65+,2017,46,30,28
34007609201,GHC,65+,2018,50,28,28
34007609201,GHC,65+,2019,44,21,32
34007609201,GHC,65+,2020,24,12,15
34007609201,GHC,65+,2021,24,10,16
34007609201,GHC,65+,2022,24,8,17
34007609201,GHC,65+,2023,37,14,25
34007609201,GHC,65+,2024,30,10,21
34007609202,GHC,65+,2017,56,39,31
34007609202,GHC,65+,2018,77,40,50
34007609202,GHC,65+,2019,76,48,47
34007609202,GHC,65+,2020,53,22,40
34007609202,GHC,65+,2021,40,17,28
34007609202,GHC,65+,2022,40,15,30
34007609202,GHC,65+,2023,43,16,32
34007609202,GHC,65+,2024,49,26,32
34007609203,GHC,65+,2017,107,58,65
34007609203,GHC,65+,2018,123,59,79
34007609203,GHC,65+,2019,119,45,80
34007609203,GHC,65+,2020,82,28,65
34007609203,GHC,65+,2021,88,30,60
34007609203,GHC,65+,2022,72,24,51
34007609203,GHC,65+,2023,94,37,65
34007609203,GHC,65+,2024,92,26,72
34007609204,GHC,65+,2017,53,21,41
34007609204,GHC,65+,2018,68,37,43
34007609204,GHC,65+,2019,71,35,48
34007609204,GHC,65+,2020,31,11,25
34007609204,GHC,65+,2021,42,15,33
34007609204,GHC,65+,2022,47,19,34
34007609204,GHC,65+,2023,39,20,25
34007609204,GHC,65+,2024,46,25,26
34007609205,GHC,65+,2017,33,18,20
34007609205,GHC,65+,2018,31,8,25
34007609205,GHC,65+,2019,39,18,27
34007609205,GHC,65+,2020,37,11,30
34007609205,GHC,65+,2021,27,12,18
34007609205,GHC,65+,2022,33,16,20
34007609205,GHC,65+,2023,53,26,33
34007609205,GHC,65+,2024,52,21,33
34007610300,GHC,65+,2017,14,10,6
34007610300,GHC,65+,2018,10,8,6
34007610300,GHC,65+,2019,12,9,<5
34007610300,GHC,65+,2020,6,5,<5
34007610300,GHC,65+,2021,13,6,7
34007610300,GHC,65+,2022,15,8,8
34007610300,GHC,65+,2023,13,10,6
34007610300,GHC,65+,2024,13,9,<5
34007610400,GHC,65+,2017,56,37,33
34007610400,GHC,65+,2018,53,32,24
34007610400,GHC,65+,2019,55,35,27
34007610400,GHC,65+,2020,51,25,32
34007610400,GHC,65+,2021,40,22,23
34007610400,GHC,65+,2022,46,24,30
34007610400,GHC,65+,2023,59,34,31
34007610400,GHC,65+,2024,60,29,36
34007610500,GHC,65+,2017,120,78,65
34007610500,GHC,65+,2018,113,75,59
34007610500,GHC,65+,2019,127,87,68
34007610500,GHC,65+,2020,92,52,55
34007610500,GHC,65+,2021,78,35,50
34007610500,GHC,65+,2022,66,28,42
34007610500,GHC,65+,2023,69,38,35
34007610500,GHC,65+,2024,64,26,41
34007610600,GHC,65+,2017,118,71,81
34007610600,GHC,65+,2018,120,73,76
34007610600,GHC,65+,2019,113,71,70
34007610600,GHC,65+,2020,106,49,73
34007610600,GHC,65+,2021,49,26,33
34007610600,GHC,65+,2022,61,24,46
34007610600,GHC,65+,2023,45,20,30
34007610600,GHC,65+,2024,39,18,23
34007610800,GHC,65+,2017,107,73,64
34007610800,GHC,65+,2018,105,63,71
34007610800,GHC,65+,2019,102,73,62
34007610800,GHC,65+,2020,72,34,53
34007610800,GHC,65+,2021,51,18,37
34007610800,GHC,65+,2022,58,22,41
34007610800,GHC,65+,2023,54,31,28
34007610800,GHC,65+,2024,52,25,34
34007610900,GHC,65+,2017,89,41,58
34007610900,GHC,65+,2018,102,61,59
34007610900,GHC,65+,2019,92,55,54
34007610900,GHC,65+,2020,85,45,55
34007610900,GHC,65+,2021,51,16,38
34007610900,GHC,65+,2022,61,20,44
34007610900,GHC,65+,2023,64,33,36
34007610900,GHC,65+,2024,59,21,39
34007611000,GHC,65+,2017,82,44,50
34007611000,GHC,65+,2018,79,43,46
34007611000,GHC,65+,2019,81,41,50
34007611000,GHC,65+,2020,94,39,68
34007611000,GHC,65+,2021,60,13,52
34007611000,GHC,65+,2022,88,34,65
34007611000,GHC,65+,2023,66,23,50
34007611000,GHC,65+,2024,79,37,48
34007611100,GHC,65+,2017,65,26,48
34007611100,GHC,65+,2018,73,42,42
34007611100,GHC,65+,2019,66,38,39
34007611100,GHC,65+,2020,61,31,41
34007611100,GHC,65+,2021,36,15,27
34007611100,GHC,65+,2022,43,16,28
34007611100,GHC,65+,2023,40,19,26
34007611100,GHC,65+,2024,58,22,41
34007611200,GHC,65+,2017,131,54,94
34007611200,GHC,65+,2018,122,62,87
34007611200,GHC,65+,2019,115,52,86
34007611200,GHC,65+,2020,65,16,50
34007611200,GHC,65+,2021,60,8,54
34007611200,GHC,65+,2022,51,12,42
34007611200,GHC,65+,2023,45,13,35
34007611200,GHC,65+,2024,57,17,44
34007611300,GHC,65+,2017,95,65,58
34007611300,GHC,65+,2018,82,46,56
34007611300,GHC,65+,2019,69,31,47
34007611300,GHC,65+,2020,40,13,30
34007611300,GHC,65+,2021,38,17,25
34007611300,GHC,65+,2022,23,<5,19
34007611300,GHC,65+,2023,31,8,24
34007611300,GHC,65+,2024,28,6,23
34007611400,GHC,65+,2017,34,17,20
34007611400,GHC,65+,2018,39,22,22
34007611400,GHC,65+,2019,55,25,41
34007611400,GHC,65+,2020,39,6,34
34007611400,GHC,65+,2021,41,10,33
34007611400,GHC,65+,2022,48,20,33
34007611400,GHC,65+,2023,36,11,27
34007611400,GHC,65+,2024,47,16,35
34007611500,GHC,65+,2017,20,7,16
34007611500,GHC,65+,2018,17,<5,16
34007611500,GHC,65+,2019,35,13,25
34007611500,GHC,65+,2020,24,<5,21
34007611500,GHC,65+,2021,23,8,17
34007611500,GHC,65+,2022,28,11,19
34007611500,GHC,65+,2023,29,8,22
34007611500,GHC,65+,2024,31,7,26
34007611600,GHC,65+,2017,100,64,56
34007611600,GHC,65+,2018,91,61,53
34007611600,GHC,65+,2019,107,66,59
34007611600,GHC,65+,2020,71,45,42
34007611600,GHC,65+,2021,62,23,45
34007611600,GHC,65+,2022,70,31,48
34007611600,GHC,65+,2023,65,32,43
34007611600,GHC,65+,2024,67,33,40
34007611700,GHC,65+,2017,47,28,29
34007611700,GHC,65+,2018,48,24,34
34007611700,GHC,65+,2019,48,30,29
34007611700,GHC,65+,2020,47,22,31
34007611700,GHC,65+,2021,31,12,22
34007611700,GHC,65+,2022,26,6,23
34007611700,GHC,65+,2023,26,12,16
34007611700,GHC,65+,2024,35,14,24
34007600200,PF,18-64,2017,12,7,5
34007600200,PF,18-64,2018,10,<5,6
34007600200,PF,18-64,2019,7,5,<5
34007600200,PF,18-64,2020,14,12,<5
34007600200,PF,18-64,2021,12,7,5
34007600200,PF,18-64,2022,12,9,<5
34007600200,PF,18-64,2023,5,<5,5
34007600200,PF,18-64,2024,10,8,<5
34007600400,PF,18-64,2017,9,6,<5
34007600400,PF,18-64,2018,15,12,<5
34007600400,PF,18-64,2019,9,8,<5
34007600400,PF,18-64,2020,16,10,6
34007600400,PF,18-64,2021,7,<5,<5
34007600400,PF,18-64,2022,20,13,7
34007600400,PF,18-64,2023,10,5,5
34007600400,PF,18-64,2024,11,8,<5
34007600700,PF,18-64,2017,6,6,<5
34007600700,PF,18-64,2018,<5,<5,<5
34007600700,PF,18-64,2019,9,5,<5
34007600700,PF,18-64,2020,8,8,0
34007600700,PF,18-64,2021,8,<5,6
34007600700,PF,18-64,2022,9,<5,6
34007600700,PF,18-64,2023,9,6,<5
34007600700,PF,18-64,2024,<5,<5,<5
34007600800,PF,18-64,2017,32,15,20
34007600800,PF,18-64,2018,20,14,9
34007600800,PF,18-64,2019,35,22,13
34007600800,PF,18-64,2020,24,14,10
34007600800,PF,18-64,2021,13,8,6
34007600800,PF,18-64,2022,21,13,8
34007600800,PF,18-64,2023,23,11,13
34007600800,PF,18-64,2024,16,7,9
34007600900,PF,18-64,2017,11,8,<5
34007600900,PF,18-64,2018,10,7,<5
34007600900,PF,18-64,2019,12,10,<5
34007600900,PF,18-64,2020,11,9,<5
34007600900,PF,18-64,2021,10,6,5
34007600900,PF,18-64,2022,10,<5,6
34007600900,PF,18-64,2023,11,7,<5
34007600900,PF,18-64,2024,17,9,8
34007601000,PF,18-64,2017,12,8,<5
34007601000,PF,18-64,2018,8,<5,<5
34007601000,PF,18-64,2019,12,10,<5
34007601000,PF,18-64,2020,15,12,<5
34007601000,PF,18-64,2021,15,8,7
34007601000,PF,18-64,2022,19,8,14
34007601000,PF,18-64,2023,9,<5,5
34007601000,PF,18-64,2024,12,7,5
34007601101,PF,18-64,2017,12,7,6
34007601101,PF,18-64,2018,10,8,<5
34007601101,PF,18-64,2019,11,6,5
34007601101,PF,18-64,2020,9,7,<5
34007601101,PF,18-64,2021,7,6,<5
34007601101,PF,18-64,2022,8,<5,5
34007601101,PF,18-64,2023,<5,<5,<5
34007601101,PF,18-64,2024,9,<5,8
34007601102,PF,18-64,2017,15,8,7
34007601102,PF,18-64,2018,16,13,<5
34007601102,PF,18-64,2019,18,12,6
34007601102,PF,18-64,2020,19,13,6
34007601102,PF,18-64,2021,7,<5,6
34007601102,PF,18-64,2022,7,5,<5
34007601102,PF,18-64,2023,8,<5,6
34007601102,PF,18-64,2024,15,7,8
34007601200,PF,18-64,2017,12,11,<5
34007601200,PF,18-64,2018,8,7,<5
34007601200,PF,18-64,2019,21,17,5
34007601200,PF,18-64,2020,18,13,5
34007601200,PF,18-64,2021,10,5,6
34007601200,PF,18-64,2022,12,5,7
34007601200,PF,18-64,2023,14,<5,11
34007601200,PF,18-64,2024,20,12,8
34007601300,PF,18-64,2017,21,12,9
34007601300,PF,18-64,2018,26,19,7
34007601300,PF,18-64,2019,20,16,<5
34007601300,PF,18-64,2020,23,18,6
34007601300,PF,18-64,2021,15,9,7
34007601300,PF,18-64,2022,17,10,7
34007601300,PF,18-64,2023,15,9,8
34007601300,PF,18-64,2024,20,11,9
34007601400,PF,18-64,2017,18,10,10
34007601400,PF,18-64,2018,16,10,7
34007601400,PF,18-64,2019,21,17,5
34007601400,PF,18-64,2020,21,12,10
34007601400,PF,18-64,2021,14,8,6
34007601400,PF,18-64,2022,15,10,6
34007601400,PF,18-64,2023,19,15,6
34007601400,PF,18-64,2024,18,10,9
34007601500,PF,18-64,2017,28,20,8
34007601500,PF,18-64,2018,23,16,7
34007601500,PF,18-64,2019,42,27,16
34007601500,PF,18-64,2020,41,30,11
34007601500,PF,18-64,2021,19,12,9
34007601500,PF,18-64,2022,16,9,7
34007601500,PF,18-64,2023,18,10,8
34007601500,PF,18-64,2024,22,15,7
34007601600,PF,18-64,2017,11,8,<5
34007601600,PF,18-64,2018,12,8,5
34007601600,PF,18-64,2019,14,12,<5
34007601600,PF,18-64,2020,21,18,<5
34007601600,PF,18-64,2021,11,6,5
34007601600,PF,18-64,2022,11,8,<5
34007601600,PF,18-64,2023,13,10,<5
34007601600,PF,18-64,2024,8,<5,5
34007601700,PF,18-64,2017,13,10,<5
34007601700,PF,18-64,2018,13,10,<5
34007601700,PF,18-64,2019,14,5,9
34007601700,PF,18-64,2020,20,16,<5
34007601700,PF,18-64,2021,15,7,9
34007601700,PF,18-64,2022,12,9,<5
34007601700,PF,18-64,2023,12,6,6
34007601700,PF,18-64,2024,16,8,8
34007601800,PF,18-64,2017,7,<5,<5
34007601800,PF,18-64,2018,9,6,<5
34007601800,PF,18-64,2019,6,<5,<5
34007601800,PF,18-64,2020,<5,<5,<5
34007601800,PF,18-64,2021,8,5,<5
34007601800,PF,18-64,2022,<5,<5,0
34007601800,PF,18-64,2023,5,<5,<5
34007601800,PF,18-64,2024,5,<5,<5
34007601900,PF,18-64,2017,10,5,5
34007601900,PF,18-64,2018,11,9,<5
34007601900,PF,18-64,2019,15,10,5
34007601900,PF,18-64,2020,9,<5,5
34007601900,PF,18-64,2021,7,<5,<5
34007601900,PF,18-64,2022,8,<5,<5
34007601900,PF,18-64,2023,12,<5,9
34007601900,PF,18-64,2024,8,<5,6
34007602000,PF,18-64,2017,16,11,5
34007602000,PF,18-64,2018,19,13,7
34007602000,PF,18-64,2019,29,25,<5
34007602000,PF,18-64,2020,26,20,6
34007602000,PF,18-64,2021,21,13,8
34007602000,PF,18-64,2022,28,17,11
34007602000,PF,18-64,2023,16,10,7
34007602000,PF,18-64,2024,21,9,12
34007602503,PF,18-64,2017,5,<5,<5
34007602503,PF,18-64,2018,<5,<5,0
34007602503,PF,18-64,2019,6,<5,<5
34007602503,PF,18-64,2020,11,9,<5
34007602503,PF,18-64,2021,5,<5,<5
34007602503,PF,18-64,2022,5,<5,<5
34007602503,PF,18-64,2023,5,<5,<5
34007602503,PF,18-64,2024,5,<5,<5
34007602601,PF,18-64,2017,5,<5,<5
34007602601,PF,18-64,2018,6,<5,<5
34007602601,PF,18-64,2019,<5,<5,<5
34007602601,PF,18-64,2020,7,<5,6
34007602601,PF,18-64,2021,<5,<5,<5
34007602601,PF,18-64,2022,8,<5,5
34007602601,PF,18-64,2023,<5,<5,0
34007602601,PF,18-64,2024,<5,<5,0
34007602602,PF,18-64,2017,7,<5,<5
34007602602,PF,18-64,2018,5,<5,<5
34007602602,PF,18-64,2019,6,<5,<5
34007602602,PF,18-64,2020,7,<5,<5
34007602602,PF,18-64,2021,<5,<5,0
34007602602,PF,18-64,2022,5,<5,<5
34007602602,PF,18-64,2023,<5,0,<5
34007602602,PF,18-64,2024,<5,0,<5
34007602901,PF,18-64,2017,10,9,<5
34007602901,PF,18-64,2018,<5,<5,<5
34007602901,PF,18-64,2019,11,7,<5
34007602901,PF,18-64,2020,7,<5,<5
34007602901,PF,18-64,2021,7,6,<5
34007602901,PF,18-64,2022,5,<5,<5
34007602901,PF,18-64,2023,6,<5,<5
34007602901,PF,18-64,2024,7,<5,5
34007602902,PF,18-64,2017,8,<5,<5
34007602902,PF,18-64,2018,6,5,<5
34007602902,PF,18-64,2019,10,<5,6
34007602902,PF,18-64,2020,7,5,<5
34007602902,PF,18-64,2021,5,<5,<5
34007602902,PF,18-64,2022,6,<5,<5
34007602902,PF,18-64,2023,8,6,<5
34007602902,PF,18-64,2024,<5,<5,<5
34007603001,PF,18-64,2017,9,<5,6
34007603001,PF,18-64,2018,6,<5,<5
34007603001,PF,18-64,2019,<5,<5,<5
34007603001,PF,18-64,2020,8,<5,<5
34007603001,PF,18-64,2021,<5,<5,0
34007603001,PF,18-64,2023,<5,<5,<5
34007603001,PF,18-64,2024,5,<5,<5
34007603002,PF,18-64,2017,8,7,<5
34007603002,PF,18-64,2018,9,6,<5
34007603002,PF,18-64,2019,10,6,<5
34007603002,PF,18-64,2020,11,8,<5
34007603002,PF,18-64,2021,7,<5,5
34007603002,PF,18-64,2022,9,6,<5
34007603002,PF,18-64,2023,8,7,<5
34007603002,PF,18-64,2024,10,5,5
34007603100,PF,18-64,2017,5,<5,<5
34007603100,PF,18-64,2018,<5,<5,<5
34007603100,PF,18-64,2019,6,<5,<5
34007603100,PF,18-64,2020,6,<5,5
34007603100,PF,18-64,2021,10,6,<5
34007603100,PF,18-64,2022,6,<5,<5
34007603100,PF,18-64,2023,10,5,6
34007603100,PF,18-64,2024,<5,<5,<5
34007603200,PF,18-64,2017,14,5,9
34007603200,PF,18-64,2018,9,5,<5
34007603200,PF,18-64,2019,8,5,<5
34007603200,PF,18-64,2020,8,<5,<5
34007603200,PF,18-64,2021,9,5,5
34007603200,PF,18-64,2022,8,<5,5
34007603200,PF,18-64,2023,12,9,<5
34007603200,PF,18-64,2024,18,9,9
34007603301,PF,18-64,2017,<5,<5,<5
34007603301,PF,18-64,2018,6,<5,<5
34007603301,PF,18-64,2019,5,<5,<5
34007603301,PF,18-64,2020,10,8,<5
34007603301,PF,18-64,2021,9,5,<5
34007603301,PF,18-64,2022,8,5,<5
34007603301,PF,18-64,2023,9,<5,6
34007603301,PF,18-64,2024,10,6,5
34007603302,PF,18-64,2017,5,<5,<5
34007603302,PF,18-64,2018,5,<5,<5
34007603302,PF,18-64,2019,<5,<5,<5
34007603302,PF,18-64,2020,<5,<5,<5
34007603302,PF,18-64,2021,8,<5,6
34007603302,PF,18-64,2022,<5,<5,<5
34007603302,PF,18-64,2023,8,<5,<5
34007603302,PF,18-64,2024,8,<5,<5
34007603303,PF,18-64,2017,<5,<5,<5
34007603303,PF,18-64,2018,<5,<5,<5
34007603303,PF,18-64,2019,7,5,<5
34007603303,PF,18-64,2020,5,<5,<5
34007603303,PF,18-64,2021,<5,0,<5
34007603303,PF,18-64,2022,5,<5,5
34007603303,PF,18-64,2023,6,<5,<5
34007603303,PF,18-64,2024,5,<5,<5
34007603400,PF,18-64,2017,<5,0,<5
34007603400,PF,18-64,2018,9,<5,5
34007603400,PF,18-64,2019,11,<5,7
34007603400,PF,18-64,2020,<5,<5,<5
34007603400,PF,18-64,2021,9,<5,5
34007603400,PF,18-64,2022,10,<5,7
34007603400,PF,18-64,2023,13,6,7
34007603400,PF,18-64,2024,10,7,<5
34007603501,PF,18-64,2017,6,<5,<5
34007603501,PF,18-64,2018,<5,<5,<5
34007603501,PF,18-64,2019,<5,<5,<5
34007603501,PF,18-64,2020,5,<5,<5
34007603501,PF,18-64,2021,5,<5,<5
34007603501,PF,18-64,2022,<5,<5,<5
34007603501,PF,18-64,2023,7,<5,<5
34007603501,PF,18-64,2024,8,5,<5
34007603503,PF,18-64,2017,<5,0,<5
34007603503,PF,18-64,2018,<5,0,<5
34007603503,PF,18-64,2019,<5,0,<5
34007603503,PF,18-64,2020,<5,<5,0
34007603503,PF,18-64,2021,<5,<5,<5
34007603503,PF,18-64,2022,5,<5,<5
34007603503,PF,18-64,2023,<5,<5,0
34007603503,PF,18-64,2024,5,<5,<5
34007603504,PF,18-64,2018,<5,<5,0
34007603504,PF,18-64,2019,<5,<5,<5
34007603504,PF,18-64,2020,<5,0,<5
34007603504,PF,18-64,2021,<5,<5,<5
34007603504,PF,18-64,2022,6,<5,<5
34007603504,PF,18-64,2023,<5,<5,<5
34007603504,PF,18-64,2024,<5,<5,<5
34007603505,PF,18-64,2017,6,<5,<5
34007603505,PF,18-64,2018,6,5,<5
34007603505,PF,18-64,2019,9,6,<5
34007603505,PF,18-64,2020,9,5,<5
34007603505,PF,18-64,2021,15,10,6
34007603505,PF,18-64,2022,13,10,<5
34007603505,PF,18-64,2023,16,11,5
34007603505,PF,18-64,2024,15,7,10
34007603506,PF,18-64,2017,<5,<5,0
34007603506,PF,18-64,2019,<5,<5,0
34007603506,PF,18-64,2020,7,5,<5
34007603506,PF,18-64,2021,7,<5,<5
34007603506,PF,18-64,2022,5,<5,<5
34007603506,PF,18-64,2023,<5,<5,0
34007603506,PF,18-64,2024,8,<5,<5
34007603507,PF,18-64,2017,<5,0,<5
34007603507,PF,18-64,2018,<5,<5,<5
34007603507,PF,18-64,2019,<5,<5,<5
34007603507,PF,18-64,2020,12,7,5
34007603507,PF,18-64,2021,6,5,<5
34007603507,PF,18-64,2022,12,5,7
34007603507,PF,18-64,2023,9,<5,6
34007603507,PF,18-64,2024,7,<5,<5
34007603601,PF,18-64,2017,5,<5,<5
34007603601,PF,18-64,2018,<5,<5,<5
34007603601,PF,18-64,2019,8,<5,7
34007603601,PF,18-64,2020,7,<5,<5
34007603601,PF,18-64,2021,6,<5,<5
34007603601,PF,18-64,2022,5,<5,<5
34007603601,PF,18-64,2023,5,<5,<5
34007603601,PF,18-64,2024,<5,<5,<5
34007603602,PF,18-64,2019,<5,0,<5
34007603602,PF,18-64,2020,<5,<5,<5
34007603602,PF,18-64,2021,<5,<5,<5
34007603602,PF,18-64,2023,<5,<5,0
34007603602,PF,18-64,2024,5,<5,<5
34007603603,PF,18-64,2019,<5,0,<5
34007603603,PF,18-64,2020,<5,0,<5
34007603603,PF,18-64,2021,<5,<5,<5
34007603603,PF,18-64,2022,<5,<5,0
34007603603,PF,18-64,2023,<5,<5,<5
34007603603,PF,18-64,2024,<5,<5,<5
34007603700,PF,18-64,2017,<5,<5,0
34007603700,PF,18-64,2018,5,<5,<5
34007603700,PF,18-64,2019,6,<5,<5
34007603700,PF,18-64,2020,<5,<5,<5
34007603700,PF,18-64,2021,6,<5,<5
34007603700,PF,18-64,2022,6,<5,<5
34007603700,PF,18-64,2023,10,5,6
34007603700,PF,18-64,2024,6,<5,<5
34007603800,PF,18-64,2017,<5,<5,0
34007603800,PF,18-64,2018,<5,<5,<5
34007603800,PF,18-64,2019,<5,<5,<5
34007603800,PF,18-64,2020,<5,0,<5
34007603800,PF,18-64,2021,<5,<5,<5
34007603800,PF,18-64,2022,<5,<5,<5
34007603800,PF,18-64,2023,6,<5,<5
34007603800,PF,18-64,2024,<5,<5,<5
34007603901,PF,18-64,2017,<5,<5,<5
34007603901,PF,18-64,2018,<5,<5,<5
34007603901,PF,18-64,2019,<5,<5,<5
34007603901,PF,18-64,2020,<5,<5,<5
34007603901,PF,18-64,2021,<5,<5,<5
34007603901,PF,18-64,2022,<5,<5,<5
34007603901,PF,18-64,2023,<5,<5,0
34007603901,PF,18-64,2024,<5,<5,<5
34007603902,PF,18-64,2017,<5,0,<5
34007603902,PF,18-64,2018,5,<5,<5
34007603902,PF,18-64,2019,<5,<5,0
34007603902,PF,18-64,2020,<5,<5,<5
34007603902,PF,18-64,2021,5,<5,<5
34007603902,PF,18-64,2022,<5,<5,<5
34007603902,PF,18-64,2023,<5,<5,<5
34007603902,PF,18-64,2024,<5,<5,<5
34007604100,PF,18-64,2017,5,<5,<5
34007604100,PF,18-64,2018,5,<5,<5
34007604100,PF,18-64,2019,9,6,<5
34007604100,PF,18-64,2020,9,8,<5
34007604100,PF,18-64,2021,8,5,<5
34007604100,PF,18-64,2022,6,<5,<5
34007604100,PF,18-64,2023,5,<5,<5
34007604100,PF,18-64,2024,9,<5,7
34007604200,PF,18-64,2017,<5,<5,<5
34007604200,PF,18-64,2018,<5,0,<5
34007604200,PF,18-64,2019,<5,<5,<5
34007604200,PF,18-64,2020,6,5,<5
34007604200,PF,18-64,2021,5,<5,<5
34007604200,PF,18-64,2022,<5,<5,<5
34007604200,PF,18-64,2023,8,<5,5
34007604200,PF,18-64,2024,<5,<5,<5
34007604300,PF,18-64,2017,<5,<5,<5
34007604300,PF,18-64,2018,<5,<5,0
34007604300,PF,18-64,2019,5,<5,<5
34007604300,PF,18-64,2020,<5,<5,<5
34007604300,PF,18-64,2021,<5,<5,0
34007604300,PF,18-64,2022,<5,<5,0
34007604300,PF,18-64,2023,<5,<5,<5
34007604300,PF,18-64,2024,<5,<5,<5
34007604400,PF,18-64,2017,<5,<5,<5
34007604400,PF,18-64,2018,<5,<5,0
34007604400,PF,18-64,2019,<5,<5,0
34007604400,PF,18-64,2020,5,<5,<5
34007604400,PF,18-64,2021,<5,<5,<5
34007604400,PF,18-64,2022,6,<5,<5
34007604400,PF,18-64,2024,<5,0,<5
34007604600,PF,18-64,2017,5,<5,<5
34007604600,PF,18-64,2018,6,5,<5
34007604600,PF,18-64,2019,5,<5,<5
34007604600,PF,18-64,2020,<5,0,<5
34007604600,PF,18-64,2022,<5,<5,<5
34007604600,PF,18-64,2023,5,<5,<5
34007604600,PF,18-64,2024,8,<5,6
34007604700,PF,18-64,2017,<5,<5,<5
34007604700,PF,18-64,2018,<5,<5,0
34007604700,PF,18-64,2019,<5,<5,<5
34007604700,PF,18-64,2020,6,<5,<5
34007604700,PF,18-64,2022,<5,<5,<5
34007604700,PF,18-64,2023,<5,<5,<5
34007604700,PF,18-64,2024,<5,0,<5
34007605100,PF,18-64,2017,<5,<5,<5
34007605100,PF,18-64,2018,<5,<5,0
34007605100,PF,18-64,2019,5,<5,<5
34007605100,PF,18-64,2020,<5,<5,<5
34007605100,PF,18-64,2021,5,<5,<5
34007605100,PF,18-64,2022,5,<5,<5
34007605100,PF,18-64,2023,5,<5,<5
34007605100,PF,18-64,2024,7,<5,<5
34007605200,PF,18-64,2017,5,<5,<5
34007605200,PF,18-64,2018,<5,<5,0
34007605200,PF,18-64,2019,<5,<5,0
34007605200,PF,18-64,2020,<5,<5,<5
34007605200,PF,18-64,2022,5,<5,<5
34007605200,PF,18-64,2023,<5,<5,<5
34007605200,PF,18-64,2024,<5,<5,<5
34007605300,PF,18-64,2017,<5,<5,<5
34007605300,PF,18-64,2018,<5,<5,0
34007605300,PF,18-64,2019,<5,<5,0
34007605300,PF,18-64,2020,5,<5,<5
34007605300,PF,18-64,2021,6,0,6
34007605300,PF,18-64,2022,<5,<5,<5
34007605300,PF,18-64,2023,<5,<5,<5
34007605300,PF,18-64,2024,<5,<5,<5
34007605400,PF,18-64,2017,5,<5,<5
34007605400,PF,18-64,2019,6,<5,<5
34007605400,PF,18-64,2021,<5,0,<5
34007605400,PF,18-64,2022,<5,<5,<5
34007605400,PF,18-64,2023,<5,<5,<5
34007605400,PF,18-64,2024,<5,<5,<5
34007605602,PF,18-64,2017,<5,<5,<5
34007605602,PF,18-64,2018,<5,<5,0
34007605602,PF,18-64,2019,5,<5,<5
34007605602,PF,18-64,2020,<5,<5,<5
34007605602,PF,18-64,2021,<5,<5,<5
34007605602,PF,18-64,2022,<5,<5,<5
34007605602,PF,18-64,2023,<5,<5,0
34007605602,PF,18-64,2024,<5,<5,<5
34007605700,PF,18-64,2017,<5,<5,<5
34007605700,PF,18-64,2018,<5,<5,<5
34007605700,PF,18-64,2019,<5,<5,<5
34007605700,PF,18-64,2020,7,5,<5
34007605700,PF,18-64,2021,<5,0,<5
34007605700,PF,18-64,2022,5,<5,<5
34007605700,PF,18-64,2023,<5,<5,<5
34007605700,PF,18-64,2024,<5,<5,<5
34007605800,PF,18-64,2017,<5,0,<5
34007605800,PF,18-64,2018,<5,<5,0
34007605800,PF,18-64,2019,<5,<5,0
34007605800,PF,18-64,2020,<5,<5,<5
34007605800,PF,18-64,2021,<5,<5,<5
34007605800,PF,18-64,2022,5,<5,<5
34007605800,PF,18-64,2023,<5,<5,<5
34007605800,PF,18-64,2024,<5,<5,<5
34007605900,PF,18-64,2018,<5,<5,0
34007605900,PF,18-64,2019,<5,<5,<5
34007605900,PF,18-64,2020,<5,<5,<5
34007605900,PF,18-64,2022,<5,<5,0
34007605900,PF,18-64,2023,<5,<5,0
34007605900,PF,18-64,2024,<5,<5,<5
34007606000,PF,18-64,2017,<5,<5,<5
34007606000,PF,18-64,2020,<5,<5,<5
34007606000,PF,18-64,2021,<5,0,<5
34007606000,PF,18-64,2022,<5,0,<5
34007606000,PF,18-64,2024,<5,<5,0
34007606100,PF,18-64,2017,<5,0,<5
34007606100,PF,18-64,2018,<5,0,<5
34007606100,PF,18-64,2019,<5,0,<5
34007606100,PF,18-64,2020,<5,<5,<5
34007606100,PF,18-64,2023,<5,<5,0
34007606100,PF,18-64,2024,<5,0,<5
34007606200,PF,18-64,2017,<5,0,<5
34007606200,PF,18-64,2018,<5,<5,<5
34007606200,PF,18-64,2019,<5,<5,0
34007606200,PF,18-64,2020,<5,<5,0
34007606200,PF,18-64,2023,<5,<5,0
34007606300,PF,18-64,2017,<5,0,<5
34007606300,PF,18-64,2019,<5,<5,0
34007606300,PF,18-64,2020,<5,<5,0
34007606300,PF,18-64,2022,<5,<5,<5
34007606300,PF,18-64,2024,<5,0,<5
34007606400,PF,18-64,2021,<5,<5,0
34007606400,PF,18-64,2022,<5,0,<5
34007606400,PF,18-64,2024,<5,<5,0
34007606500,PF,18-64,2017,9,<5,5
34007606500,PF,18-64,2018,8,7,<5
34007606500,PF,18-64,2019,7,6,<5
34007606500,PF,18-64,2020,12,8,<5
34007606500,PF,18-64,2021,10,6,<5
34007606500,PF,18-64,2022,13,6,8
34007606500,PF,18-64,2023,9,<5,5
34007606500,PF,18-64,2024,9,<5,7
34007606600,PF,18-64,2017,<5,<5,<5
34007606600,PF,18-64,2018,<5,0,<5
34007606600,PF,18-64,2019,<5,<5,0
34007606600,PF,18-64,2020,<5,<5,0
34007606600,PF,18-64,2021,5,<5,<5
34007606600,PF,18-64,2022,<5,<5,<5
34007606600,PF,18-64,2023,<5,0,<5
34007606600,PF,18-64,2024,<5,<5,<5
34007606700,PF,18-64,2017,7,5,<5
34007606700,PF,18-64,2018,<5,<5,<5
34007606700,PF,18-64,2019,8,<5,6
34007606700,PF,18-64,2020,7,<5,<5
34007606700,PF,18-64,2021,6,<5,5
34007606700,PF,18-64,2022,8,<5,5
34007606700,PF,18-64,2023,6,<5,<5
34007606700,PF,18-64,2024,7,<5,5
34007606800,PF,18-64,2017,<5,0,<5
34007606800,PF,18-64,2018,<5,<5,<5
34007606800,PF,18-64,2019,<5,<5,<5
34007606800,PF,18-64,2020,<5,0,<5
34007606800,PF,18-64,2021,<5,<5,<5
34007606800,PF,18-64,2022,6,<5,<5
34007606800,PF,18-64,2023,5,<5,<5
34007606800,PF,18-64,2024,<5,<5,0
34007607000,PF,18-64,2017,5,<5,<5
34007607000,PF,18-64,2018,6,<5,<5
34007607000,PF,18-64,2019,7,<5,7
34007607000,PF,18-64,2020,7,<5,5
34007607000,PF,18-64,2021,5,<5,<5
34007607000,PF,18-64,2022,13,<5,11
34007607000,PF,18-64,2023,11,7,<5
34007607000,PF,18-64,2024,6,<5,<5
34007607100,PF,18-64,2017,<5,<5,<5
34007607100,PF,18-64,2018,<5,<5,<5
34007607100,PF,18-64,2019,<5,<5,0
34007607100,PF,18-64,2020,6,<5,<5
34007607100,PF,18-64,2021,<5,<5,<5
34007607100,PF,18-64,2022,5,5,0
34007607100,PF,18-64,2023,<5,<5,<5
34007607100,PF,18-64,2024,<5,<5,<5
34007607200,PF,18-64,2017,8,<5,5
34007607200,PF,18-64,2018,8,<5,7
34007607200,PF,18-64,2019,10,<5,6
34007607200,PF,18-64,2020,9,<5,5
34007607200,PF,18-64,2021,8,5,<5
34007607200,PF,18-64,2022,9,5,<5
34007607200,PF,18-64,2023,6,<5,<5
34007607200,PF,18-64,2024,9,<5,6
34007607300,PF,18-64,2017,<5,<5,<5
34007607300,PF,18-64,2018,<5,<5,<5
34007607300,PF,18-64,2019,7,5,<5
34007607300,PF,18-64,2020,<5,<5,0
34007607300,PF,18-64,2021,10,<5,6
34007607300,PF,18-64,2022,<5,<5,<5
34007607300,PF,18-64,2023,11,7,<5
34007607300,PF,18-64,2024,9,<5,5
34007607401,PF,18-64,2017,9,6,<5
34007607401,PF,18-64,2018,<5,<5,0
34007607401,PF,18-64,2019,<5,<5,0
34007607401,PF,18-64,2020,<5,<5,<5
34007607401,PF,18-64,2021,6,<5,5
34007607401,PF,18-64,2022,5,5,<5
34007607401,PF,18-64,2023,6,<5,<5
34007607401,PF,18-64,2024,5,<5,<5
34007607402,PF,18-64,2017,5,<5,<5
34007607402,PF,18-64,2018,<5,<5,<5
34007607402,PF,18-64,2019,<5,<5,<5
34007607402,PF,18-64,2020,<5,<5,<5
34007607402,PF,18-64,2021,<5,<5,0
34007607402,PF,18-64,2022,6,<5,<5
34007607402,PF,18-64,2023,6,<5,<5
34007607402,PF,18-64,2024,6,<5,<5
34007607502,PF,18-64,2017,5,<5,<5
34007607502,PF,18-64,2018,7,<5,6
34007607502,PF,18-64,2019,18,9,10
34007607502,PF,18-64,2020,6,<5,5
34007607502,PF,18-64,2021,12,<5,9
34007607502,PF,18-64,2022,8,<5,7
34007607502,PF,18-64,2023,8,5,<5
34007607502,PF,18-64,2024,7,<5,<5
34007607503,PF,18-64,2017,<5,<5,<5
34007607503,PF,18-64,2018,7,<5,<5
34007607503,PF,18-64,2019,9,5,<5
34007607503,PF,18-64,2020,15,8,7
34007607503,PF,18-64,2021,19,6,14
34007607503,PF,18-64,2022,8,<5,6
34007607503,PF,18-64,2023,12,<5,10
34007607503,PF,18-64,2024,12,9,<5
34007607504,PF,18-64,2018,<5,0,<5
34007607504,PF,18-64,2019,<5,<5,0
34007607504,PF,18-64,2020,<5,<5,0
34007607504,PF,18-64,2021,<5,<5,0
34007607504,PF,18-64,2022,<5,<5,<5
34007607504,PF,18-64,2023,<5,<5,<5
34007607504,PF,18-64,2024,<5,<5,<5
34007607505,PF,18-64,2017,<5,0,<5
34007607505,PF,18-64,2019,<5,<5,<5
34007607505,PF,18-64,2020,<5,0,<5
34007607505,PF,18-64,2021,<5,0,<5
34007607505,PF,18-64,2022,9,5,<5
34007607505,PF,18-64,2023,7,<5,<5
34007607505,PF,18-64,2024,<5,<5,<5
34007607506,PF,18-64,2017,<5,<5,<5
34007607506,PF,18-64,2018,<5,<5,<5
34007607506,PF,18-64,2019,<5,<5,<5
34007607506,PF,18-64,2020,<5,0,<5
34007607506,PF,18-64,2021,6,<5,<5
34007607506,PF,18-64,2022,<5,<5,<5
34007607506,PF,18-64,2023,<5,<5,<5
34007607506,PF,18-64,2024,<5,<5,<5
34007607507,PF,18-64,2017,6,<5,<5
34007607507,PF,18-64,2018,7,5,<5
34007607507,PF,18-64,2019,7,<5,5
34007607507,PF,18-64,2020,13,8,5
34007607507,PF,18-64,2021,7,6,<5
34007607507,PF,18-64,2022,5,<5,<5
34007607507,PF,18-64,2023,9,5,<5
34007607507,PF,18-64,2024,10,7,<5
34007607600,PF,18-64,2017,<5,<5,0
34007607600,PF,18-64,2019,<5,0,<5
34007607600,PF,18-64,2020,8,<5,<5
34007607600,PF,18-64,2021,<5,<5,<5
34007607600,PF,18-64,2022,<5,<5,<5
34007607600,PF,18-64,2023,<5,<5,<5
34007607600,PF,18-64,2024,<5,<5,<5
34007607701,PF,18-64,2017,12,6,6
34007607701,PF,18-64,2018,12,7,5
34007607701,PF,18-64,2019,18,8,10
34007607701,PF,18-64,2020,14,9,5
34007607701,PF,18-64,2021,12,8,<5
34007607701,PF,18-64,2022,12,7,6
34007607701,PF,18-64,2023,12,5,7
34007607701,PF,18-64,2024,13,7,6
34007607702,PF,18-64,2017,8,<5,<5
34007607702,PF,18-64,2018,10,6,5
34007607702,PF,18-64,2019,14,8,6
34007607702,PF,18-64,2020,7,<5,5
34007607702,PF,18-64,2021,13,<5,9
34007607702,PF,18-64,2022,7,<5,<5
34007607702,PF,18-64,2023,16,8,8
34007607702,PF,18-64,2024,10,<5,7
34007607801,PF,18-64,2017,8,<5,<5
34007607801,PF,18-64,2018,6,<5,<5
34007607801,PF,18-64,2019,13,8,5
34007607801,PF,18-64,2020,14,10,6
34007607801,PF,18-64,2021,17,9,8
34007607801,PF,18-64,2022,21,12,10
34007607801,PF,18-64,2023,13,9,5
34007607801,PF,18-64,2024,12,<5,9
34007607802,PF,18-64,2017,<5,<5,0
34007607802,PF,18-64,2018,<5,<5,0
34007607802,PF,18-64,2019,7,5,<5
34007607802,PF,18-64,2020,<5,<5,<5
34007607802,PF,18-64,2021,6,<5,<5
34007607802,PF,18-64,2022,7,<5,<5
34007607802,PF,18-64,2023,<5,<5,<5
34007607802,PF,18-64,2024,5,<5,<5
34007607900,PF,18-64,2017,<5,0,<5
34007607900,PF,18-64,2018,<5,0,<5
34007607900,PF,18-64,2019,<5,0,<5
34007607900,PF,18-64,2021,<5,0,<5
34007607900,PF,18-64,2022,<5,<5,0
34007607900,PF,18-64,2023,<5,<5,<5
34007607900,PF,18-64,2024,<5,<5,<5
34007608001,PF,18-64,2017,6,6,0
34007608001,PF,18-64,2018,<5,<5,<5
34007608001,PF,18-64,2019,8,7,<5
34007608001,PF,18-64,2020,5,<5,5
34007608001,PF,18-64,2021,<5,<5,<5
34007608001,PF,18-64,2022,6,<5,<5
34007608001,PF,18-64,2023,5,<5,<5
34007608001,PF,18-64,2024,8,<5,7
34007608202,PF,18-64,2017,<5,<5,<5
34007608202,PF,18-64,2018,5,<5,<5
34007608202,PF,18-64,2019,10,7,<5
34007608202,PF,18-64,2020,8,<5,5
34007608202,PF,18-64,2021,12,<5,8
34007608202,PF,18-64,2022,<5,<5,<5
34007608202,PF,18-64,2023,10,<5,7
34007608202,PF,18-64,2024,7,<5,<5
34007608205,PF,18-64,2018,<5,<5,<5
34007608205,PF,18-64,2019,<5,<5,0
34007608205,PF,18-64,2020,<5,<5,<5
34007608205,PF,18-64,2021,<5,<5,<5
34007608205,PF,18-64,2022,<5,<5,0
34007608205,PF,18-64,2023,<5,<5,0
34007608205,PF,18-64,2024,<5,<5,<5
34007608206,PF,18-64,2017,<5,<5,<5
34007608206,PF,18-64,2018,<5,<5,<5
34007608206,PF,18-64,2019,<5,<5,0
34007608206,PF,18-64,2020,5,<5,<5
34007608206,PF,18-64,2021,<5,<5,<5
34007608206,PF,18-64,2022,5,5,0
34007608206,PF,18-64,2023,<5,<5,0
34007608206,PF,18-64,2024,6,<5,<5
34007608209,PF,18-64,2017,6,<5,<5
34007608209,PF,18-64,2019,5,<5,<5
34007608209,PF,18-64,2020,<5,<5,<5
34007608209,PF,18-64,2021,5,5,0
34007608209,PF,18-64,2022,6,<5,<5
34007608209,PF,18-64,2023,6,<5,<5
34007608209,PF,18-64,2024,<5,<5,<5
34007608210,PF,18-64,2017,9,<5,5
34007608210,PF,18-64,2018,8,5,<5
34007608210,PF,18-64,2019,7,5,<5
34007608210,PF,18-64,2020,6,5,<5
34007608210,PF,18-64,2021,7,<5,5
34007608210,PF,18-64,2022,<5,<5,<5
34007608210,PF,18-64,2023,6,<5,5
34007608210,PF,18-64,2024,6,<5,5
34007608211,PF,18-64,2017,9,6,<5
34007608211,PF,18-64,2018,7,<5,<5
34007608211,PF,18-64,2019,12,8,<5
34007608211,PF,18-64,2020,12,8,<5
34007608211,PF,18-64,2021,14,6,8
34007608211,PF,18-64,2022,6,<5,<5
34007608211,PF,18-64,2023,12,7,6
34007608211,PF,18-64,2024,11,5,6
34007608302,PF,18-64,2017,9,<5,5
34007608302,PF,18-64,2018,7,<5,<5
34007608302,PF,18-64,2019,5,<5,<5
34007608302,PF,18-64,2020,<5,<5,<5
34007608302,PF,18-64,2021,10,5,5
34007608302,PF,18-64,2022,6,5,<5
34007608302,PF,18-64,2023,6,<5,<5
34007608302,PF,18-64,2024,7,<5,<5
34007608303,PF,18-64,2017,<5,<5,<5
34007608303,PF,18-64,2018,5,5,0
34007608303,PF,18-64,2019,8,<5,<5
34007608303,PF,18-64,2020,<5,<5,<5
34007608303,PF,18-64,2021,<5,<5,<5
34007608303,PF,18-64,2022,<5,<5,<5
34007608303,PF,18-64,2023,<5,0,<5
34007608303,PF,18-64,2024,6,<5,5
34007608304,PF,18-64,2017,<5,<5,<5
34007608304,PF,18-64,2018,5,5,0
34007608304,PF,18-64,2019,13,8,5
34007608304,PF,18-64,2020,6,<5,<5
34007608304,PF,18-64,2021,5,<5,<5
34007608304,PF,18-64,2022,6,<5,<5
34007608304,PF,18-64,2023,<5,<5,<5
34007608304,PF,18-64,2024,<5,<5,<5
34007608401,PF,18-64,2017,<5,0,<5
34007608401,PF,18-64,2018,<5,<5,<5
34007608401,PF,18-64,2019,<5,<5,<5
34007608401,PF,18-64,2020,6,5,<5
34007608401,PF,18-64,2021,6,<5,<5
34007608401,PF,18-64,2022,5,<5,<5
34007608401,PF,18-64,2023,6,<5,5
34007608401,PF,18-64,2024,6,<5,<5
34007608402,PF,18-64,2017,<5,<5,<5
34007608402,PF,18-64,2018,<5,0,<5
34007608402,PF,18-64,2019,<5,<5,<5
34007608402,PF,18-64,2020,<5,<5,<5
34007608402,PF,18-64,2021,6,<5,<5
34007608402,PF,18-64,2022,<5,<5,<5
34007608402,PF,18-64,2023,<5,<5,<5
34007608402,PF,18-64,2024,<5,<5,<5
34007608403,PF,18-64,2017,<5,<5,0
34007608403,PF,18-64,2018,6,<5,<5
34007608403,PF,18-64,2019,8,6,<5
34007608403,PF,18-64,2020,7,5,<5
34007608403,PF,18-64,2021,<5,0,<5
34007608403,PF,18-64,2022,5,<5,<5
34007608403,PF,18-64,2023,6,<5,<5
34007608403,PF,18-64,2024,<5,<5,<5
34007608404,PF,18-64,2017,7,5,<5
34007608404,PF,18-64,2018,7,5,<5
34007608404,PF,18-64,2019,7,<5,<5
34007608404,PF,18-64,2020,<5,<5,<5
34007608404,PF,18-64,2021,12,8,<5
34007608404,PF,18-64,2022,5,<5,<5
34007608404,PF,18-64,2023,<5,<5,<5
34007608404,PF,18-64,2024,10,6,<5
34007608503,PF,18-64,2017,<5,<5,<5
34007608503,PF,18-64,2018,8,6,<5
34007608503,PF,18-64,2019,10,5,5
34007608503,PF,18-64,2020,12,9,<5
34007608503,PF,18-64,2021,7,<5,<5
34007608503,PF,18-64,2022,6,<5,5
34007608503,PF,18-64,2023,<5,<5,0
34007608503,PF,18-64,2024,11,7,<5
34007608504,PF,18-64,2017,5,<5,<5
34007608504,PF,18-64,2018,9,6,<5
34007608504,PF,18-64,2019,16,5,11
34007608504,PF,18-64,2020,7,<5,<5
34007608504,PF,18-64,2021,9,6,<5
34007608504,PF,18-64,2022,13,<5,9
34007608504,PF,18-64,2023,8,<5,5
34007608504,PF,18-64,2024,11,6,5
34007608600,PF,18-64,2017,8,6,<5
34007608600,PF,18-64,2018,9,6,<5
34007608600,PF,18-64,2019,13,9,<5
34007608600,PF,18-64,2020,8,<5,6
34007608600,PF,18-64,2021,14,7,7
34007608600,PF,18-64,2022,11,8,<5
34007608600,PF,18-64,2023,6,<5,<5
34007608600,PF,18-64,2024,10,6,5
34007608700,PF,18-64,2017,<5,<5,<5
34007608700,PF,18-64,2018,<5,<5,<5
34007608700,PF,18-64,2019,15,6,9
34007608700,PF,18-64,2020,9,<5,5
34007608700,PF,18-64,2021,16,<5,12
34007608700,PF,18-64,2022,18,10,8
34007608700,PF,18-64,2023,17,11,6
34007608700,PF,18-64,2024,11,<5,7
34007608800,PF,18-64,2017,<5,0,<5
34007608800,PF,18-64,2018,7,6,<5
34007608800,PF,18-64,2019,9,6,<5
34007608800,PF,18-64,2020,12,<5,8
34007608800,PF,18-64,2021,15,8,7
34007608800,PF,18-64,2022,13,6,7
34007608800,PF,18-64,2023,11,<5,7
34007608800,PF,18-64,2024,11,<5,7
34007608901,PF,18-64,2017,<5,0,<5
34007608901,PF,18-64,2018,<5,<5,<5
34007608901,PF,18-64,2019,12,5,7
34007608901,PF,18-64,2020,11,8,<5
34007608901,PF,18-64,2021,15,6,9
34007608901,PF,18-64,2022,12,6,6
34007608901,PF,18-64,2023,8,6,<5
34007608901,PF,18-64,2024,7,5,<5
34007608903,PF,18-64,2018,<5,<5,0
34007608903,PF,18-64,2019,<5,<5,<5
34007608903,PF,18-64,2020,6,<5,<5
34007608903,PF,18-64,2021,6,<5,<5
34007608903,PF,18-64,2022,6,<5,5
34007608903,PF,18-64,2023,<5,<5,<5
34007608903,PF,18-64,2024,7,<5,<5
34007608904,PF,18-64,2019,6,5,<5
34007608904,PF,18-64,2020,<5,0,<5
34007608904,PF,18-64,2021,<5,0,<5
34007608904,PF,18-64,2022,<5,<5,0
34007608904,PF,18-64,2023,<5,<5,<5
34007608904,PF,18-64,2024,<5,<5,0
34007609000,PF,18-64,2017,5,0,5
34007609000,PF,18-64,2018,<5,<5,0
34007609000,PF,18-64,2019,6,<5,<5
34007609000,PF,18-64,2020,6,<5,<5
34007609000,PF,18-64,2021,10,6,5
34007609000,PF,18-64,2022,<5,<5,<5
34007609000,PF,18-64,2023,<5,<5,<5
34007609103,PF,18-64,2017,<5,<5,<5
34007609103,PF,18-64,2018,<5,0,<5
34007609103,PF,18-64,2019,8,5,<5
34007609103,PF,18-64,2020,17,10,7
34007609103,PF,18-64,2021,10,6,5
34007609103,PF,18-64,2022,14,<5,10
34007609103,PF,18-64,2023,12,7,5
34007609103,PF,18-64,2024,10,<5,7
34007609201,PF,18-64,2017,<5,<5,<5
34007609201,PF,18-64,2018,9,7,<5
34007609201,PF,18-64,2019,6,<5,<5
34007609201,PF,18-64,2020,11,5,6
34007609201,PF,18-64,2021,8,<5,<5
34007609201,PF,18-64,2022,6,<5,<5
34007609201,PF,18-64,2023,<5,0,<5
34007609201,PF,18-64,2024,7,<5,<5
34007609202,PF,18-64,2017,7,5,<5
34007609202,PF,18-64,2018,14,8,6
34007609202,PF,18-64,2019,12,7,5
34007609202,PF,18-64,2020,13,7,7
34007609202,PF,18-64,2021,15,9,6
34007609202,PF,18-64,2022,12,5,8
34007609202,PF,18-64,2023,11,6,7
34007609202,PF,18-64,2024,13,6,7
34007609203,PF,18-64,2017,5,<5,<5
34007609203,PF,18-64,2018,11,<5,7
34007609203,PF,18-64,2019,8,5,<5
34007609203,PF,18-64,2020,<5,<5,<5
34007609203,PF,18-64,2021,19,12,7
34007609203,PF,18-64,2022,11,6,6
34007609203,PF,18-64,2023,11,8,<5
34007609203,PF,18-64,2024,12,5,8
34007609204,PF,18-64,2017,11,6,6
34007609204,PF,18-64,2018,7,5,<5
34007609204,PF,18-64,2019,6,<5,5
34007609204,PF,18-64,2020,9,<5,7
34007609204,PF,18-64,2021,9,5,5
34007609204,PF,18-64,2022,7,<5,<5
34007609204,PF,18-64,2023,8,<5,5
34007609204,PF,18-64,2024,5,<5,<5
34007609205,PF,18-64,2018,5,<5,<5
34007609205,PF,18-64,2019,9,7,<5
34007609205,PF,18-64,2020,<5,<5,<5
34007609205,PF,18-64,2021,<5,0,<5
34007609205,PF,18-64,2022,10,7,<5
34007609205,PF,18-64,2023,11,6,6
34007609205,PF,18-64,2024,9,<5,5
34007610300,PF,18-64,2017,<5,<5,0
34007610300,PF,18-64,2018,<5,<5,<5
34007610300,PF,18-64,2019,6,<5,<5
34007610300,PF,18-64,2020,5,<5,<5
34007610300,PF,18-64,2021,<5,<5,<5
34007610300,PF,18-64,2022,<5,0,<5
34007610300,PF,18-64,2023,<5,<5,0
34007610300,PF,18-64,2024,<5,<5,0
34007610400,PF,18-64,2017,21,18,5
34007610400,PF,18-64,2018,21,18,5
34007610400,PF,18-64,2019,27,23,<5
34007610400,PF,18-64,2020,24,18,6
34007610400,PF,18-64,2021,9,<5,5
34007610400,PF,18-64,2022,17,10,7
34007610400,PF,18-64,2023,15,7,8
34007610400,PF,18-64,2024,14,7,7
34007610500,PF,18-64,2017,11,7,5
34007610500,PF,18-64,2018,12,8,<5
34007610500,PF,18-64,2019,16,9,8
34007610500,PF,18-64,2020,15,11,<5
34007610500,PF,18-64,2021,15,8,8
34007610500,PF,18-64,2022,16,7,10
34007610500,PF,18-64,2023,12,7,5
34007610500,PF,18-64,2024,15,8,7
34007610600,PF,18-64,2017,6,<5,<5
34007610600,PF,18-64,2018,9,5,<5
34007610600,PF,18-64,2019,8,<5,7
34007610600,PF,18-64,2020,11,<5,8
34007610600,PF,18-64,2021,9,<5,6
34007610600,PF,18-64,2022,6,0,6
34007610600,PF,18-64,2023,6,<5,<5
34007610600,PF,18-64,2024,5,<5,<5
34007610800,PF,18-64,2017,10,<5,6
34007610800,PF,18-64,2018,11,6,6
34007610800,PF,18-64,2019,17,11,6
34007610800,PF,18-64,2020,8,5,<5
34007610800,PF,18-64,2021,16,11,6
34007610800,PF,18-64,2022,13,7,6
34007610800,PF,18-64,2023,11,7,5
34007610800,PF,18-64,2024,17,10,8
34007610900,PF,18-64,2017,6,<5,<5
34007610900,PF,18-64,2018,6,<5,<5
34007610900,PF,18-64,2019,<5,<5,<5
34007610900,PF,18-64,2020,<5,<5,0
34007610900,PF,18-64,2021,<5,<5,<5
34007610900,PF,18-64,2022,<5,<5,<5
34007610900,PF,18-64,2023,<5,<5,<5
34007610900,PF,18-64,2024,<5,<5,<5
34007611000,PF,18-64,2017,11,5,6
34007611000,PF,18-64,2018,15,8,8
34007611000,PF,18-64,2019,9,8,<5
34007611000,PF,18-64,2020,17,10,7
34007611000,PF,18-64,2021,14,6,8
34007611000,PF,18-64,2022,12,<5,10
34007611000,PF,18-64,2023,<5,0,<5
34007611000,PF,18-64,2024,10,<5,7
34007611100,PF,18-64,2017,<5,<5,<5
34007611100,PF,18-64,2018,<5,<5,<5
34007611100,PF,18-64,2019,5,<5,<5
34007611100,PF,18-64,2020,11,<5,7
34007611100,PF,18-64,2021,6,<5,<5
34007611100,PF,18-64,2022,5,<5,<5
34007611100,PF,18-64,2023,<5,0,<5
34007611100,PF,18-64,2024,6,<5,<5
34007611200,PF,18-64,2017,<5,<5,<5
34007611200,PF,18-64,2018,8,<5,5
34007611200,PF,18-64,2019,<5,0,<5
34007611200,PF,18-64,2020,6,<5,<5
34007611200,PF,18-64,2021,5,<5,<5
34007611200,PF,18-64,2022,7,<5,<5
34007611200,PF,18-64,2023,7,<5,5
34007611200,PF,18-64,2024,5,0,5
34007611300,PF,18-64,2017,7,<5,5
34007611300,PF,18-64,2018,6,<5,<5
34007611300,PF,18-64,2019,6,5,<5
34007611300,PF,18-64,2020,<5,<5,<5
34007611300,PF,18-64,2021,<5,<5,0
34007611300,PF,18-64,2022,13,6,7
34007611300,PF,18-64,2023,<5,0,<5
34007611300,PF,18-64,2024,<5,<5,<5
34007611400,PF,18-64,2017,<5,<5,0
34007611400,PF,18-64,2018,<5,0,<5
34007611400,PF,18-64,2019,8,6,<5
34007611400,PF,18-64,2020,8,5,<5
34007611400,PF,18-64,2021,7,<5,<5
34007611400,PF,18-64,2022,5,<5,<5
34007611400,PF,18-64,2023,<5,0,<5
34007611400,PF,18-64,2024,5,<5,<5
34007611500,PF,18-64,2019,<5,<5,<5
34007611500,PF,18-64,2020,<5,<5,<5
34007611500,PF,18-64,2021,<5,0,<5
34007611500,PF,18-64,2022,<5,<5,0
34007611500,PF,18-64,2023,<5,<5,<5
34007611500,PF,18-64,2024,<5,<5,0
34007611600,PF,18-64,2017,15,11,<5
34007611600,PF,18-64,2018,14,11,<5
34007611600,PF,18-64,2019,11,<5,7
34007611600,PF,18-64,2020,9,7,<5
34007611600,PF,18-64,2021,7,<5,6
34007611600,PF,18-64,2022,15,9,6
34007611600,PF,18-64,2023,6,<5,<5
34007611600,PF,18-64,2024,9,5,<5
34007611700,PF,18-64,2017,<5,<5,<5
34007611700,PF,18-64,2018,5,<5,<5
34007611700,PF,18-64,2019,6,<5,<5
34007611700,PF,18-64,2020,8,6,<5
34007611700,PF,18-64,2021,5,<5,<5
34007611700,PF,18-64,2022,6,<5,<5
34007611700,PF,18-64,2023,8,<5,5
34007611700,PF,18-64,2024,<5,<5,0
34007600200,PF,65+,2017,<5,<5,0
34007600200,PF,65+,2018,<5,<5,<5
34007600200,PF,65+,2019,<5,<5,<5
34007600200,PF,65+,2020,<5,<5,<5
34007600200,PF,65+,2021,<5,<5,<5
34007600200,PF,65+,2022,<5,<5,<5
34007600200,PF,65+,2023,<5,0,<5
34007600200,PF,65+,2024,7,<5,5
34007600400,PF,65+,2017,<5,0,<5
34007600400,PF,65+,2018,7,<5,6
34007600400,PF,65+,2019,<5,0,<5
34007600400,PF,65+,2020,<5,<5,<5
34007600400,PF,65+,2021,5,<5,<5
34007600400,PF,65+,2022,9,<5,7
34007600400,PF,65+,2023,9,<5,7
34007600400,PF,65+,2024,8,<5,7
34007600700,PF,65+,2017,<5,<5,<5
34007600700,PF,65+,2018,<5,<5,<5
34007600700,PF,65+,2019,<5,<5,0
34007600700,PF,65+,2020,<5,<5,<5
34007600700,PF,65+,2021,5,<5,<5
34007600700,PF,65+,2022,6,<5,<5
34007600700,PF,65+,2023,<5,0,<5
34007600700,PF,65+,2024,<5,<5,<5
34007600800,PF,65+,2017,14,5,9
34007600800,PF,65+,2018,14,6,9
34007600800,PF,65+,2019,24,7,18
34007600800,PF,65+,2020,23,5,19
34007600800,PF,65+,2021,24,6,19
34007600800,PF,65+,2022,21,7,15
34007600800,PF,65+,2023,10,5,5
34007600800,PF,65+,2024,21,<5,19
34007600900,PF,65+,2017,5,<5,<5
34007600900,PF,65+,2018,<5,<5,<5
34007600900,PF,65+,2019,<5,<5,<5
34007600900,PF,65+,2020,6,<5,<5
34007600900,PF,65+,2021,<5,0,<5
34007600900,PF,65+,2022,10,5,5
34007600900,PF,65+,2023,5,<5,<5
34007600900,PF,65+,2024,6,0,6
34007601000,PF,65+,2017,9,6,<5
34007601000,PF,65+,2018,9,5,<5
34007601000,PF,65+,2019,<5,<5,<5
34007601000,PF,65+,2020,<5,<5,<5
34007601000,PF,65+,2021,9,<5,8
34007601000,PF,65+,2022,7,<5,6
34007601000,PF,65+,2023,10,<5,9
34007601000,PF,65+,2024,15,6,9
34007601101,PF,65+,2017,<5,0,<5
34007601101,PF,65+,2019,<5,<5,0
34007601101,PF,65+,2020,<5,<5,<5
34007601101,PF,65+,2021,<5,<5,0
34007601101,PF,65+,2022,6,<5,<5
34007601101,PF,65+,2023,5,<5,<5
34007601101,PF,65+,2024,6,<5,5
34007601102,PF,65+,2017,14,5,9
34007601102,PF,65+,2018,6,<5,<5
34007601102,PF,65+,2019,8,<5,5
34007601102,PF,65+,2020,13,6,7
34007601102,PF,65+,2021,10,<5,7
34007601102,PF,65+,2022,14,<5,10
34007601102,PF,65+,2023,8,<5,7
34007601102,PF,65+,2024,10,5,5
34007601200,PF,65+,2017,8,<5,8
34007601200,PF,65+,2018,9,<5,8
34007601200,PF,65+,2019,6,<5,<5
34007601200,PF,65+,2020,16,<5,13
34007601200,PF,65+,2021,11,6,6
34007601200,PF,65+,2022,13,<5,9
34007601200,PF,65+,2023,13,<5,11
34007601200,PF,65+,2024,22,8,14
34007601300,PF,65+,2017,7,<5,6
34007601300,PF,65+,2018,6,<5,5
34007601300,PF,65+,2019,9,<5,8
34007601300,PF,65+,2020,13,<5,10
34007601300,PF,65+,2021,10,<5,8
34007601300,PF,65+,2022,10,5,5
34007601300,PF,65+,2023,11,6,7
34007601300,PF,65+,2024,11,5,6
34007601400,PF,65+,2017,19,8,11
34007601400,PF,65+,2018,17,5,12
34007601400,PF,65+,2019,13,<5,9
34007601400,PF,65+,2020,10,<5,7
34007601400,PF,65+,2021,13,<5,11
34007601400,PF,65+,2022,11,<5,10
34007601400,PF,65+,2023,10,<5,6
34007601400,PF,65+,2024,16,<5,12
34007601500,PF,65+,2017,12,<5,10
34007601500,PF,65+,2018,11,7,7
34007601500,PF,65+,2019,12,8,5
34007601500,PF,65+,2020,13,6,8
34007601500,PF,65+,2021,14,<5,12
34007601500,PF,65+,2022,14,<5,11
34007601500,PF,65+,2023,11,5,7
34007601500,PF,65+,2024,22,11,12
34007601600,PF,65+,2017,<5,<5,<5
34007601600,PF,65+,2018,<5,<5,<5
34007601600,PF,65+,2019,<5,0,<5
34007601600,PF,65+,2020,8,<5,5
34007601600,PF,65+,2021,8,<5,5
34007601600,PF,65+,2022,<5,<5,<5
34007601600,PF,65+,2023,<5,<5,<5
34007601600,PF,65+,2024,7,<5,6
34007601700,PF,65+,2017,7,<5,<5
34007601700,PF,65+,2018,5,<5,<5
34007601700,PF,65+,2019,6,<5,<5
34007601700,PF,65+,2020,5,<5,<5
34007601700,PF,65+,2021,9,<5,6
34007601700,PF,65+,2022,7,<5,5
34007601700,PF,65+,2023,13,<5,10
34007601700,PF,65+,2024,8,<5,5
34007601800,PF,65+,2017,<5,<5,<5
34007601800,PF,65+,2018,<5,0,<5
34007601800,PF,65+,2019,<5,<5,<5
34007601800,PF,65+,2021,5,<5,<5
34007601800,PF,65+,2022,8,<5,5
34007601800,PF,65+,2023,<5,<5,0
34007601800,PF,65+,2024,5,<5,<5
34007601900,PF,65+,2017,<5,<5,<5
34007601900,PF,65+,2018,<5,<5,<5
34007601900,PF,65+,2019,<5,<5,<5
34007601900,PF,65+,2020,5,<5,<5
34007601900,PF,65+,2021,<5,<5,<5
34007601900,PF,65+,2022,7,5,<5
34007601900,PF,65+,2023,5,0,5
34007601900,PF,65+,2024,<5,<5,<5
34007602000,PF,65+,2017,8,5,<5
34007602000,PF,65+,2018,5,<5,5
34007602000,PF,65+,2019,7,<5,<5
34007602000,PF,65+,2020,9,5,5
34007602000,PF,65+,2021,6,<5,5
34007602000,PF,65+,2022,9,5,<5
34007602000,PF,65+,2023,12,7,5
34007602000,PF,65+,2024,15,6,10
34007602503,PF,65+,2017,<5,<5,<5
34007602503,PF,65+,2018,5,<5,<5
34007602503,PF,65+,2019,6,<5,<5
34007602503,PF,65+,2020,6,<5,<5
34007602503,PF,65+,2021,<5,0,<5
34007602503,PF,65+,2022,<5,0,<5
34007602503,PF,65+,2023,7,<5,6
34007602503,PF,65+,2024,6,<5,<5
34007602601,PF,65+,2017,9,<5,5
34007602601,PF,65+,2018,9,<5,6
34007602601,PF,65+,2019,5,<5,<5
34007602601,PF,65+,2020,7,0,7
34007602601,PF,65+,2021,9,<5,6
34007602601,PF,65+,2022,9,<5,5
34007602601,PF,65+,2023,10,0,10
34007602601,PF,65+,2024,11,<5,10
34007602602,PF,65+,2017,<5,<5,<5
34007602602,PF,65+,2018,<5,<5,<5
34007602602,PF,65+,2019,<5,0,<5
34007602602,PF,65+,2020,<5,0,<5
34007602602,PF,65+,2021,<5,<5,<5
34007602602,PF,65+,2022,5,<5,<5
34007602602,PF,65+,2023,7,<5,6
34007602602,PF,65+,2024,<5,<5,<5
34007602901,PF,65+,2017,10,<5,6
34007602901,PF,65+,2018,26,8,18
34007602901,PF,65+,2019,10,6,5
34007602901,PF,65+,2020,20,<5,18
34007602901,PF,65+,2021,13,<5,11
34007602901,PF,65+,2022,7,<5,5
34007602901,PF,65+,2023,16,5,11
34007602901,PF,65+,2024,14,<5,13
34007602902,PF,65+,2017,5,<5,<5
34007602902,PF,65+,2018,5,0,5
34007602902,PF,65+,2019,7,<5,5
34007602902,PF,65+,2020,<5,0,<5
34007602902,PF,65+,2021,6,<5,5
34007602902,PF,65+,2022,<5,<5,<5
34007602902,PF,65+,2023,6,<5,<5
34007602902,PF,65+,2024,11,<5,11
34007603001,PF,65+,2017,7,<5,<5
34007603001,PF,65+,2018,5,<5,<5
34007603001,PF,65+,2019,12,<5,9
34007603001,PF,65+,2020,<5,<5,<5
34007603001,PF,65+,2021,9,<5,8
34007603001,PF,65+,2022,9,<5,8
34007603001,PF,65+,2023,7,<5,<5
34007603001,PF,65+,2024,8,<5,7
34007603002,PF,65+,2017,6,0,6
34007603002,PF,65+,2018,5,<5,<5
34007603002,PF,65+,2019,12,<5,10
34007603002,PF,65+,2020,5,<5,<5
34007603002,PF,65+,2021,8,<5,7
34007603002,PF,65+,2022,11,<5,8
34007603002,PF,65+,2023,6,<5,<5
34007603002,PF,65+,2024,9,<5,8
34007603100,PF,65+,2017,8,<5,<5
34007603100,PF,65+,2018,12,<5,11
34007603100,PF,65+,2019,5,<5,<5
34007603100,PF,65+,2020,6,0,6
34007603100,PF,65+,2021,10,<5,6
34007603100,PF,65+,2022,8,<5,6
34007603100,PF,65+,2023,10,<5,7
34007603100,PF,65+,2024,10,<5,6
34007603200,PF,65+,2017,42,15,28
34007603200,PF,65+,2018,36,11,27
34007603200,PF,65+,2019,43,12,33
34007603200,PF,65+,2020,37,5,33
34007603200,PF,65+,2021,31,<5,29
34007603200,PF,65+,2022,37,8,33
34007603200,PF,65+,2023,26,6,22
34007603200,PF,65+,2024,30,<5,27
34007603301,PF,65+,2017,26,6,21
34007603301,PF,65+,2018,34,10,25
34007603301,PF,65+,2019,27,9,21
34007603301,PF,65+,2020,23,6,18
34007603301,PF,65+,2021,18,5,13
34007603301,PF,65+,2022,22,6,17
34007603301,PF,65+,2023,12,<5,11
34007603301,PF,65+,2024,12,<5,11
34007603302,PF,65+,2017,8,<5,7
34007603302,PF,65+,2018,21,7,14
34007603302,PF,65+,2019,20,6,16
34007603302,PF,65+,2020,22,<5,19
34007603302,PF,65+,2021,29,5,24
34007603302,PF,65+,2022,25,5,20
34007603302,PF,65+,2023,17,5,12
34007603302,PF,65+,2024,30,5,28
34007603303,PF,65+,2017,14,6,8
34007603303,PF,65+,2018,16,<5,13
34007603303,PF,65+,2019,17,<5,14
34007603303,PF,65+,2020,15,<5,11
34007603303,PF,65+,2021,18,<5,17
34007603303,PF,65+,2022,25,<5,24
34007603303,PF,65+,2023,24,<5,22
34007603303,PF,65+,2024,15,<5,13
34007603400,PF,65+,2017,17,<5,14
34007603400,PF,65+,2018,16,<5,12
34007603400,PF,65+,2019,39,9,30
34007603400,PF,65+,2020,41,13,30
34007603400,PF,65+,2021,36,13,27
34007603400,PF,65+,2022,53,12,44
34007603400,PF,65+,2023,38,8,32
34007603400,PF,65+,2024,37,8,31
34007603501,PF,65+,2017,<5,<5,<5
34007603501,PF,65+,2018,<5,<5,<5
34007603501,PF,65+,2019,12,<5,9
34007603501,PF,65+,2020,20,<5,16
34007603501,PF,65+,2021,21,6,15
34007603501,PF,65+,2022,20,5,16
34007603501,PF,65+,2023,20,<5,17
34007603501,PF,65+,2024,16,<5,13
34007603503,PF,65+,2017,<5,0,<5
34007603503,PF,65+,2018,<5,0,<5
34007603503,PF,65+,2019,6,<5,5
34007603503,PF,65+,2020,13,<5,12
34007603503,PF,65+,2021,14,<5,11
34007603503,PF,65+,2022,11,<5,8
34007603503,PF,65+,2023,15,5,10
34007603503,PF,65+,2024,19,<5,19
34007603504,PF,65+,2017,<5,0,<5
34007603504,PF,65+,2019,5,<5,5
34007603504,PF,65+,2020,<5,<5,<5
34007603504,PF,65+,2021,6,0,6
34007603504,PF,65+,2022,10,<5,8
34007603504,PF,65+,2023,11,0,11
34007603504,PF,65+,2024,10,0,10
34007603505,PF,65+,2017,6,<5,5
34007603505,PF,65+,2018,<5,<5,<5
34007603505,PF,65+,2019,13,<5,11
34007603505,PF,65+,2020,11,<5,10
34007603505,PF,65+,2021,8,<5,7
34007603505,PF,65+,2022,16,<5,12
34007603505,PF,65+,2023,8,<5,6
34007603505,PF,65+,2024,17,5,12
34007603506,PF,65+,2017,<5,<5,<5
34007603506,PF,65+,2018,<5,0,<5
34007603506,PF,65+,2019,15,7,9
34007603506,PF,65+,2020,13,5,9
34007603506,PF,65+,2021,25,8,17
34007603506,PF,65+,2022,22,8,15
34007603506,PF,65+,2023,24,8,18
34007603506,PF,65+,2024,25,5,21
34007603507,PF,65+,2017,5,<5,<5
34007603507,PF,65+,2018,10,<5,9
34007603507,PF,65+,2019,18,7,12
34007603507,PF,65+,2020,22,<5,21
34007603507,PF,65+,2021,29,<5,25
34007603507,PF,65+,2022,34,7,27
34007603507,PF,65+,2023,31,9,23
34007603507,PF,65+,2024,41,12,30
34007603601,PF,65+,2017,11,<5,8
34007603601,PF,65+,2018,13,<5,12
34007603601,PF,65+,2019,18,7,13
34007603601,PF,65+,2020,14,<5,12
34007603601,PF,65+,2021,16,<5,13
34007603601,PF,65+,2022,17,5,14
34007603601,PF,65+,2023,17,6,13
34007603601,PF,65+,2024,21,8,16
34007603602,PF,65+,2018,<5,<5,<5
34007603602,PF,65+,2019,11,<5,9
34007603602,PF,65+,2020,7,<5,5
34007603602,PF,65+,2021,9,<5,6
34007603602,PF,65+,2022,6,<5,5
34007603602,PF,65+,2023,6,<5,6
34007603602,PF,65+,2024,7,<5,6
34007603603,PF,65+,2017,5,<5,<5
34007603603,PF,65+,2018,5,<5,<5
34007603603,PF,65+,2019,6,<5,<5
34007603603,PF,65+,2020,9,<5,8
34007603603,PF,65+,2021,11,<5,8
34007603603,PF,65+,2022,8,<5,6
34007603603,PF,65+,2023,<5,0,<5
34007603603,PF,65+,2024,<5,<5,<5
34007603700,PF,65+,2017,5,<5,<5
34007603700,PF,65+,2018,13,<5,10
34007603700,PF,65+,2019,18,<5,15
34007603700,PF,65+,2020,15,<5,13
34007603700,PF,65+,2021,13,<5,12
34007603700,PF,65+,2022,19,<5,15
34007603700,PF,65+,2023,15,<5,12
34007603700,PF,65+,2024,27,<5,23
34007603800,PF,65+,2017,8,<5,5
34007603800,PF,65+,2018,8,<5,7
34007603800,PF,65+,2019,15,<5,11
34007603800,PF,65+,2020,9,<5,8
34007603800,PF,65+,2021,7,<5,5
34007603800,PF,65+,2022,10,<5,9
34007603800,PF,65+,2023,10,<5,8
34007603800,PF,65+,2024,10,5,5
34007603901,PF,65+,2017,20,7,13
34007603901,PF,65+,2018,11,<5,8
34007603901,PF,65+,2019,11,<5,9
34007603901,PF,65+,2020,12,<5,9
34007603901,PF,65+,2021,22,<5,19
34007603901,PF,65+,2022,12,<5,10
34007603901,PF,65+,2023,14,<5,12
34007603901,PF,65+,2024,13,<5,10
34007603902,PF,65+,2017,14,<5,11
34007603902,PF,65+,2018,12,<5,10
34007603902,PF,65+,2019,18,6,14
34007603902,PF,65+,2020,11,0,11
34007603902,PF,65+,2021,12,5,7
34007603902,PF,65+,2022,5,<5,<5
34007603902,PF,65+,2023,10,<5,7
34007603902,PF,65+,2024,5,<5,<5
34007604100,PF,65+,2017,<5,<5,<5
34007604100,PF,65+,2018,6,<5,<5
34007604100,PF,65+,2019,8,5,<5
34007604100,PF,65+,2020,<5,<5,<5
34007604100,PF,65+,2021,<5,0,<5
34007604100,PF,65+,2022,8,<5,6
34007604100,PF,65+,2023,<5,<5,<5
34007604100,PF,65+,2024,6,0,6
34007604200,PF,65+,2017,14,<5,12
34007604200,PF,65+,2018,15,5,10
34007604200,PF,65+,2019,18,<5,15
34007604200,PF,65+,2020,18,5,13
34007604200,PF,65+,2021,14,5,10
34007604200,PF,65+,2022,18,<5,15
34007604200,PF,65+,2023,16,5,12
34007604200,PF,65+,2024,19,<5,17
34007604300,PF,65+,2017,7,<5,6
34007604300,PF,65+,2018,6,<5,<5
34007604300,PF,65+,2019,9,<5,7
34007604300,PF,65+,2020,15,6,10
34007604300,PF,65+,2021,11,<5,8
34007604300,PF,65+,2022,9,<5,7
34007604300,PF,65+,2023,10,<5,8
34007604300,PF,65+,2024,18,7,11
34007604400,PF,65+,2017,6,<5,5
34007604400,PF,65+,2018,10,5,6
34007604400,PF,65+,2019,9,5,5
34007604400,PF,65+,2020,9,<5,8
34007604400,PF,65+,2021,7,<5,5
34007604400,PF,65+,2022,6,0,6
34007604400,PF,65+,2023,11,<5,9
34007604400,PF,65+,2024,8,<5,6
34007604600,PF,65+,2017,<5,<5,<5
34007604600,PF,65+,2018,6,<5,6
34007604600,PF,65+,2019,5,<5,<5
34007604600,PF,65+,2020,<5,<5,<5
34007604600,PF,65+,2021,6,0,6
34007604600,PF,65+,2022,6,<5,<5
34007604600,PF,65+,2023,6,<5,<5
34007604600,PF,65+,2024,7,<5,6
34007604700,PF,65+,2017,<5,<5,<5
34007604700,PF,65+,2018,<5,<5,<5
34007604700,PF,65+,2019,7,<5,5
34007604700,PF,65+,2020,<5,<5,<5
34007604700,PF,65+,2021,<5,<5,<5
34007604700,PF,65+,2022,7,<5,6
34007604700,PF,65+,2023,<5,<5,<5
34007604700,PF,65+,2024,<5,<5,<5
34007605100,PF,65+,2017,<5,0,<5
34007605100,PF,65+,2018,6,<5,<5
34007605100,PF,65+,2019,6,<5,6
34007605100,PF,65+,2020,8,0,8
34007605100,PF,65+,2021,<5,0,<5
34007605100,PF,65+,2022,5,<5,5
34007605100,PF,65+,2023,6,<5,5
34007605100,PF,65+,2024,6,0,6
34007605200,PF,65+,2017,5,<5,<5
34007605200,PF,65+,2018,5,<5,<5
34007605200,PF,65+,2019,7,<5,6
34007605200,PF,65+,2020,8,<5,7
34007605200,PF,65+,2021,10,<5,8
34007605200,PF,65+,2022,11,<5,10
34007605200,PF,65+,2023,7,<5,<5
34007605200,PF,65+,2024,<5,<5,<5
34007605300,PF,65+,2017,<5,0,<5
34007605300,PF,65+,2018,6,<5,<5
34007605300,PF,65+,2019,<5,0,<5
34007605300,PF,65+,2020,5,0,5
34007605300,PF,65+,2021,<5,0,<5
34007605300,PF,65+,2022,5,<5,<5
34007605300,PF,65+,2023,5,0,5
34007605300,PF,65+,2024,7,0,7
34007605400,PF,65+,2017,<5,0,<5
34007605400,PF,65+,2018,9,<5,7
34007605400,PF,65+,2019,10,<5,8
34007605400,PF,65+,2020,12,<5,8
34007605400,PF,65+,2021,6,<5,<5
34007605400,PF,65+,2022,10,<5,9
34007605400,PF,65+,2023,5,0,5
34007605400,PF,65+,2024,6,<5,5
34007605602,PF,65+,2017,5,<5,<5
34007605602,PF,65+,2018,<5,<5,<5
34007605602,PF,65+,2019,<5,0,<5
34007605602,PF,65+,2020,<5,0,<5
34007605602,PF,65+,2021,11,<5,9
34007605602,PF,65+,2022,8,0,8
34007605602,PF,65+,2023,<5,<5,<5
34007605602,PF,65+,2024,6,<5,5
34007605700,PF,65+,2017,<5,<5,<5
34007605700,PF,65+,2018,7,<5,6
34007605700,PF,65+,2019,12,<5,9
34007605700,PF,65+,2020,7,<5,<5
34007605700,PF,65+,2021,<5,0,<5
34007605700,PF,65+,2022,10,<5,8
34007605700,PF,65+,2023,8,<5,7
34007605700,PF,65+,2024,8,<5,6
34007605800,PF,65+,2017,8,0,8
34007605800,PF,65+,2018,5,<5,<5
34007605800,PF,65+,2019,7,<5,5
34007605800,PF,65+,2020,<5,0,<5
34007605800,PF,65+,2021,<5,<5,<5
34007605800,PF,65+,2022,<5,0,<5
34007605800,PF,65+,2023,9,<5,8
34007605800,PF,65+,2024,11,<5,7
34007605900,PF,65+,2017,6,0,6
34007605900,PF,65+,2018,<5,0,<5
34007605900,PF,65+,2019,<5,0,<5
34007605900,PF,65+,2020,6,<5,6
34007605900,PF,65+,2021,<5,<5,<5
34007605900,PF,65+,2022,<5,<5,<5
34007605900,PF,65+,2023,<5,<5,<5
34007605900,PF,65+,2024,11,<5,7
34007606000,PF,65+,2017,5,<5,<5
34007606000,PF,65+,2018,<5,<5,<5
34007606000,PF,65+,2019,6,<5,<5
34007606000,PF,65+,2020,9,<5,9
34007606000,PF,65+,2021,7,<5,<5
34007606000,PF,65+,2022,<5,<5,<5
34007606000,PF,65+,2023,5,<5,<5
34007606000,PF,65+,2024,8,<5,8
34007606100,PF,65+,2018,<5,0,<5
34007606100,PF,65+,2019,<5,0,<5
34007606100,PF,65+,2020,<5,0,<5
34007606100,PF,65+,2021,<5,0,<5
34007606100,PF,65+,2023,<5,<5,<5
34007606100,PF,65+,2024,<5,<5,<5
34007606200,PF,65+,2017,7,<5,6
34007606200,PF,65+,2018,5,<5,5
34007606200,PF,65+,2019,7,<5,6
34007606200,PF,65+,2020,<5,<5,<5
34007606200,PF,65+,2021,5,0,5
34007606200,PF,65+,2022,<5,<5,<5
34007606200,PF,65+,2023,6,<5,5
34007606200,PF,65+,2024,9,<5,7
34007606300,PF,65+,2017,<5,<5,<5
34007606300,PF,65+,2018,<5,0,<5
34007606300,PF,65+,2019,<5,<5,0
34007606300,PF,65+,2020,<5,0,<5
34007606300,PF,65+,2021,<5,0,<5
34007606300,PF,65+,2022,<5,<5,<5
34007606300,PF,65+,2023,<5,0,<5
34007606300,PF,65+,2024,<5,<5,<5
34007606400,PF,65+,2017,<5,<5,<5
34007606400,PF,65+,2018,5,<5,<5
34007606400,PF,65+,2019,9,<5,8
34007606400,PF,65+,2020,5,<5,<5
34007606400,PF,65+,2021,10,7,5
34007606400,PF,65+,2022,8,<5,8
34007606400,PF,65+,2023,10,<5,6
34007606400,PF,65+,2024,8,<5,6
34007606500,PF,65+,2017,10,<5,7
34007606500,PF,65+,2018,6,<5,5
34007606500,PF,65+,2019,10,<5,7
34007606500,PF,65+,2020,12,6,7
34007606500,PF,65+,2021,10,<5,7
34007606500,PF,65+,2022,11,<5,10
34007606500,PF,65+,2023,9,0,9
34007606500,PF,65+,2024,17,5,12
34007606600,PF,65+,2017,<5,<5,<5
34007606600,PF,65+,2018,6,<5,5
34007606600,PF,65+,2019,<5,<5,<5
34007606600,PF,65+,2020,<5,0,<5
34007606600,PF,65+,2021,5,<5,<5
34007606600,PF,65+,2022,<5,<5,<5
34007606600,PF,65+,2023,5,<5,<5
34007606600,PF,65+,2024,<5,0,<5
34007606700,PF,65+,2017,9,<5,7
34007606700,PF,65+,2018,13,<5,10
34007606700,PF,65+,2019,20,6,14
34007606700,PF,65+,2020,14,5,11
34007606700,PF,65+,2021,9,<5,7
34007606700,PF,65+,2022,13,<5,11
34007606700,PF,65+,2023,21,7,16
34007606700,PF,65+,2024,15,<5,12
34007606800,PF,65+,2017,<5,0,<5
34007606800,PF,65+,2018,9,<5,7
34007606800,PF,65+,2019,10,<5,9
34007606800,PF,65+,2020,6,<5,5
34007606800,PF,65+,2021,6,<5,<5
34007606800,PF,65+,2022,8,<5,7
34007606800,PF,65+,2023,5,<5,<5
34007606800,PF,65+,2024,9,<5,8
34007607000,PF,65+,2017,9,<5,8
34007607000,PF,65+,2018,9,<5,7
34007607000,PF,65+,2019,11,<5,9
34007607000,PF,65+,2020,11,<5,10
34007607000,PF,65+,2021,7,<5,5
34007607000,PF,65+,2022,16,<5,13
34007607000,PF,65+,2023,9,<5,6
34007607000,PF,65+,2024,12,<5,10
34007607100,PF,65+,2017,6,<5,5
34007607100,PF,65+,2018,5,<5,<5
34007607100,PF,65+,2019,6,0,6
34007607100,PF,65+,2020,6,<5,6
34007607100,PF,65+,2021,9,<5,9
34007607100,PF,65+,2022,<5,<5,<5
34007607100,PF,65+,2023,7,<5,6
34007607100,PF,65+,2024,9,0,9
34007607200,PF,65+,2017,13,<5,10
34007607200,PF,65+,2018,6,0,6
34007607200,PF,65+,2019,18,<5,16
34007607200,PF,65+,2020,5,<5,<5
34007607200,PF,65+,2021,7,<5,6
34007607200,PF,65+,2022,14,<5,12
34007607200,PF,65+,2023,10,<5,9
34007607200,PF,65+,2024,11,<5,8
34007607300,PF,65+,2017,5,<5,<5
34007607300,PF,65+,2018,<5,0,<5
34007607300,PF,65+,2019,<5,0,<5
34007607300,PF,65+,2020,8,0,8
34007607300,PF,65+,2021,<5,0,<5
34007607300,PF,65+,2022,11,0,11
34007607300,PF,65+,2023,6,<5,5
34007607300,PF,65+,2024,6,<5,<5
34007607401,PF,65+,2017,<5,0,<5
34007607401,PF,65+,2018,<5,<5,<5
34007607401,PF,65+,2019,5,<5,<5
34007607401,PF,65+,2020,6,<5,5
34007607401,PF,65+,2021,5,<5,<5
34007607401,PF,65+,2022,8,<5,8
34007607401,PF,65+,2023,8,0,8
34007607401,PF,65+,2024,12,<5,10
34007607402,PF,65+,2017,5,0,5
34007607402,PF,65+,2018,<5,0,<5
34007607402,PF,65+,2019,<5,<5,<5
34007607402,PF,65+,2020,8,<5,6
34007607402,PF,65+,2021,11,<5,9
34007607402,PF,65+,2022,8,<5,7
34007607402,PF,65+,2023,<5,0,<5
34007607402,PF,65+,2024,9,<5,8
34007607502,PF,65+,2017,18,<5,14
34007607502,PF,65+,2018,18,<5,15
34007607502,PF,65+,2019,74,16,61
34007607502,PF,65+,2020,57,12,48
34007607502,PF,65+,2021,78,12,68
34007607502,PF,65+,2022,77,10,70
34007607502,PF,65+,2023,59,10,50
34007607502,PF,65+,2024,52,14,42
34007607503,PF,65+,2017,26,7,20
34007607503,PF,65+,2018,25,<5,21
34007607503,PF,65+,2019,48,8,41
34007607503,PF,65+,2020,54,19,38
34007607503,PF,65+,2021,46,8,38
34007607503,PF,65+,2022,42,14,31
34007607503,PF,65+,2023,46,8,40
34007607503,PF,65+,2024,49,8,43
34007607504,PF,65+,2017,<5,0,<5
34007607504,PF,65+,2018,<5,0,<5
34007607504,PF,65+,2019,11,6,6
34007607504,PF,65+,2020,9,<5,8
34007607504,PF,65+,2021,12,<5,10
34007607504,PF,65+,2022,14,<5,10
34007607504,PF,65+,2023,16,6,11
34007607504,PF,65+,2024,17,<5,15
34007607505,PF,65+,2018,<5,0,<5
34007607505,PF,65+,2019,9,<5,6
34007607505,PF,65+,2020,13,<5,11
34007607505,PF,65+,2021,17,5,12
34007607505,PF,65+,2022,11,<5,9
34007607505,PF,65+,2023,11,0,11
34007607505,PF,65+,2024,27,10,18
34007607506,PF,65+,2018,<5,<5,0
34007607506,PF,65+,2019,<5,<5,<5
34007607506,PF,65+,2020,<5,0,<5
34007607506,PF,65+,2021,<5,<5,<5
34007607506,PF,65+,2022,8,<5,5
34007607506,PF,65+,2023,<5,<5,0
34007607506,PF,65+,2024,8,<5,6
34007607507,PF,65+,2017,18,5,13
34007607507,PF,65+,2018,18,6,12
34007607507,PF,65+,2019,38,10,30
34007607507,PF,65+,2020,29,9,20
34007607507,PF,65+,2021,23,6,18
34007607507,PF,65+,2022,39,6,34
34007607507,PF,65+,2023,30,11,24
34007607507,PF,65+,2024,26,7,19
34007607600,PF,65+,2017,<5,0,<5
34007607600,PF,65+,2019,8,<5,5
34007607600,PF,65+,2020,7,0,7
34007607600,PF,65+,2021,<5,<5,<5
34007607600,PF,65+,2022,5,<5,<5
34007607600,PF,65+,2023,5,<5,<5
34007607600,PF,65+,2024,7,<5,5
34007607701,PF,65+,2017,<5,<5,<5
34007607701,PF,65+,2018,<5,0,<5
34007607701,PF,65+,2019,15,6,10
34007607701,PF,65+,2020,10,<5,7
34007607701,PF,65+,2021,7,<5,5
34007607701,PF,65+,2022,18,<5,15
34007607701,PF,65+,2023,9,<5,8
34007607701,PF,65+,2024,10,<5,8
34007607702,PF,65+,2017,7,<5,5
34007607702,PF,65+,2018,5,<5,<5
34007607702,PF,65+,2019,10,<5,9
34007607702,PF,65+,2020,10,<5,8
34007607702,PF,65+,2021,16,<5,14
34007607702,PF,65+,2022,9,0,9
34007607702,PF,65+,2023,9,<5,8
34007607702,PF,65+,2024,14,6,9
34007607801,PF,65+,2017,11,<5,7
34007607801,PF,65+,2018,8,0,8
34007607801,PF,65+,2019,12,<5,10
34007607801,PF,65+,2020,7,<5,6
34007607801,PF,65+,2021,12,<5,9
34007607801,PF,65+,2022,14,<5,11
34007607801,PF,65+,2023,8,<5,<5
34007607801,PF,65+,2024,13,<5,12
34007607802,PF,65+,2017,<5,0,<5
34007607802,PF,65+,2018,<5,<5,<5
34007607802,PF,65+,2019,7,<5,7
34007607802,PF,65+,2020,<5,0,<5
34007607802,PF,65+,2021,<5,<5,<5
34007607802,PF,65+,2022,<5,0,<5
34007607802,PF,65+,2023,5,0,5
34007607802,PF,65+,2024,<5,<5,<5
34007607900,PF,65+,2017,<5,0,<5
34007607900,PF,65+,2018,<5,<5,<5
34007607900,PF,65+,2019,<5,<5,0
34007607900,PF,65+,2021,<5,0,<5
34007607900,PF,65+,2022,<5,<5,<5
34007607900,PF,65+,2023,<5,<5,<5
34007607900,PF,65+,2024,<5,0,<5
34007608001,PF,65+,2017,<5,0,<5
34007608001,PF,65+,2018,5,0,5
34007608001,PF,65+,2019,5,<5,<5
34007608001,PF,65+,2020,5,0,5
34007608001,PF,65+,2021,<5,<5,<5
34007608001,PF,65+,2022,8,<5,5
34007608001,PF,65+,2023,8,0,8
34007608001,PF,65+,2024,8,<5,7
34007608202,PF,65+,2017,7,<5,6
34007608202,PF,65+,2018,6,<5,<5
34007608202,PF,65+,2019,<5,0,<5
34007608202,PF,65+,2020,5,<5,<5
34007608202,PF,65+,2021,5,<5,<5
34007608202,PF,65+,2022,9,<5,6
34007608202,PF,65+,2023,<5,0,<5
34007608202,PF,65+,2024,6,<5,5
34007608205,PF,65+,2017,<5,<5,<5
34007608205,PF,65+,2018,<5,<5,<5
34007608205,PF,65+,2019,<5,0,<5
34007608205,PF,65+,2020,9,<5,7
34007608205,PF,65+,2021,<5,0,<5
34007608205,PF,65+,2022,10,<5,8
34007608205,PF,65+,2023,9,<5,6
34007608205,PF,65+,2024,6,<5,5
34007608206,PF,65+,2017,6,<5,<5
34007608206,PF,65+,2018,7,<5,6
34007608206,PF,65+,2019,9,<5,7
34007608206,PF,65+,2020,6,0,6
34007608206,PF,65+,2021,7,<5,5
34007608206,PF,65+,2022,7,<5,6
34007608206,PF,65+,2023,<5,0,<5
34007608206,PF,65+,2024,7,<5,7
34007608209,PF,65+,2017,<5,<5,<5
34007608209,PF,65+,2018,<5,<5,0
34007608209,PF,65+,2019,<5,<5,<5
34007608209,PF,65+,2020,<5,0,<5
34007608209,PF,65+,2021,<5,0,<5
34007608209,PF,65+,2022,5,<5,<5
34007608209,PF,65+,2023,6,0,6
34007608209,PF,65+,2024,8,<5,5
34007608210,PF,65+,2017,<5,<5,<5
34007608210,PF,65+,2018,6,0,6
34007608210,PF,65+,2019,<5,<5,<5
34007608210,PF,65+,2020,6,0,6
34007608210,PF,65+,2021,<5,<5,<5
34007608210,PF,65+,2022,<5,<5,<5
34007608210,PF,65+,2023,7,<5,6
34007608210,PF,65+,2024,<5,<5,<5
34007608211,PF,65+,2017,9,<5,7
34007608211,PF,65+,2018,9,5,<5
34007608211,PF,65+,2019,10,<5,7
34007608211,PF,65+,2020,<5,0,<5
34007608211,PF,65+,2021,9,<5,7
34007608211,PF,65+,2022,9,0,9
34007608211,PF,65+,2023,5,<5,<5
34007608211,PF,65+,2024,10,<5,8
34007608302,PF,65+,2017,8,<5,5
34007608302,PF,65+,2018,7,<5,<5
34007608302,PF,65+,2019,17,8,10
34007608302,PF,65+,2020,8,<5,7
34007608302,PF,65+,2021,9,<5,8
34007608302,PF,65+,2022,15,5,11
34007608302,PF,65+,2023,12,<5,11
34007608302,PF,65+,2024,7,<5,6
34007608303,PF,65+,2018,5,<5,<5
34007608303,PF,65+,2019,<5,<5,<5
34007608303,PF,65+,2020,<5,0,<5
34007608303,PF,65+,2021,<5,<5,0
34007608303,PF,65+,2022,<5,0,<5
34007608303,PF,65+,2023,6,<5,<5
34007608303,PF,65+,2024,6,<5,6
34007608304,PF,65+,2017,9,<5,6
34007608304,PF,65+,2018,8,<5,5
34007608304,PF,65+,2019,19,<5,15
34007608304,PF,65+,2020,11,<5,9
34007608304,PF,65+,2021,8,<5,5
34007608304,PF,65+,2022,9,<5,8
34007608304,PF,65+,2023,7,<5,5
34007608304,PF,65+,2024,13,<5,10
34007608401,PF,65+,2018,<5,0,<5
34007608401,PF,65+,2019,<5,<5,<5
34007608401,PF,65+,2020,5,0,5
34007608401,PF,65+,2021,<5,<5,<5
34007608401,PF,65+,2022,11,<5,10
34007608401,PF,65+,2023,5,<5,<5
34007608401,PF,65+,2024,<5,<5,<5
34007608402,PF,65+,2017,6,<5,5
34007608402,PF,65+,2018,7,<5,6
34007608402,PF,65+,2019,6,<5,5
34007608402,PF,65+,2020,8,0,8
34007608402,PF,65+,2021,6,0,6
34007608402,PF,65+,2022,8,<5,7
34007608402,PF,65+,2023,10,<5,9
34007608402,PF,65+,2024,7,<5,6
34007608403,PF,65+,2017,<5,0,<5
34007608403,PF,65+,2018,<5,<5,<5
34007608403,PF,65+,2019,7,<5,<5
34007608403,PF,65+,2020,6,0,6
34007608403,PF,65+,2021,8,<5,7
34007608403,PF,65+,2022,5,<5,5
34007608403,PF,65+,2023,8,<5,7
34007608403,PF,65+,2024,7,<5,<5
34007608404,PF,65+,2017,5,0,5
34007608404,PF,65+,2018,6,<5,<5
34007608404,PF,65+,2019,12,<5,10
34007608404,PF,65+,2020,14,<5,12
34007608404,PF,65+,2021,12,<5,9
34007608404,PF,65+,2022,10,<5,7
34007608404,PF,65+,2023,6,<5,<5
34007608404,PF,65+,2024,12,<5,9
34007608503,PF,65+,2017,7,<5,6
34007608503,PF,65+,2018,5,<5,<5
34007608503,PF,65+,2019,8,<5,7
34007608503,PF,65+,2020,<5,<5,<5
34007608503,PF,65+,2021,5,<5,<5
34007608503,PF,65+,2022,8,<5,8
34007608503,PF,65+,2023,10,<5,9
34007608503,PF,65+,2024,10,<5,8
34007608504,PF,65+,2017,6,<5,5
34007608504,PF,65+,2018,7,<5,<5
34007608504,PF,65+,2019,9,<5,7
34007608504,PF,65+,2020,7,<5,6
34007608504,PF,65+,2021,11,<5,9
34007608504,PF,65+,2022,13,<5,12
34007608504,PF,65+,2023,5,<5,<5
34007608504,PF,65+,2024,11,<5,9
34007608600,PF,65+,2017,6,<5,<5
34007608600,PF,65+,2018,12,<5,10
34007608600,PF,65+,2019,10,<5,10
34007608600,PF,65+,2020,10,<5,8
34007608600,PF,65+,2021,17,<5,16
34007608600,PF,65+,2022,20,6,15
34007608600,PF,65+,2023,11,<5,9
34007608600,PF,65+,2024,18,<5,15
34007608700,PF,65+,2017,7,0,7
34007608700,PF,65+,2018,11,0,11
34007608700,PF,65+,2019,38,11,31
34007608700,PF,65+,2020,34,6,28
34007608700,PF,65+,2021,40,9,34
34007608700,PF,65+,2022,44,8,36
34007608700,PF,65+,2023,27,9,21
34007608700,PF,65+,2024,33,7,27
34007608800,PF,65+,2017,<5,0,<5
34007608800,PF,65+,2018,5,0,5
34007608800,PF,65+,2019,27,8,20
34007608800,PF,65+,2020,26,<5,23
34007608800,PF,65+,2021,28,5,23
34007608800,PF,65+,2022,30,<5,26
34007608800,PF,65+,2023,33,13,21
34007608800,PF,65+,2024,26,6,20
34007608901,PF,65+,2017,<5,0,<5
34007608901,PF,65+,2018,<5,0,<5
34007608901,PF,65+,2019,17,5,14
34007608901,PF,65+,2020,16,<5,13
34007608901,PF,65+,2021,22,<5,18
34007608901,PF,65+,2022,30,7,23
34007608901,PF,65+,2023,21,<5,20
34007608901,PF,65+,2024,29,6,24
34007608903,PF,65+,2019,11,<5,8
34007608903,PF,65+,2020,13,<5,12
34007608903,PF,65+,2021,8,<5,7
34007608903,PF,65+,2022,11,<5,9
34007608903,PF,65+,2023,12,<5,11
34007608903,PF,65+,2024,11,<5,9
34007608904,PF,65+,2019,<5,0,<5
34007608904,PF,65+,2020,5,<5,<5
34007608904,PF,65+,2021,5,<5,5
34007608904,PF,65+,2022,5,<5,<5
34007608904,PF,65+,2023,9,<5,6
34007608904,PF,65+,2024,9,0,9
34007609000,PF,65+,2018,<5,0,<5
34007609000,PF,65+,2019,9,<5,7
34007609000,PF,65+,2020,9,<5,7
34007609000,PF,65+,2021,14,7,8
34007609000,PF,65+,2022,10,0,10
34007609000,PF,65+,2023,10,<5,7
34007609000,PF,65+,2024,7,0,7
34007609103,PF,65+,2017,<5,<5,0
34007609103,PF,65+,2018,6,0,6
34007609103,PF,65+,2019,31,9,25
34007609103,PF,65+,2020,41,13,29
34007609103,PF,65+,2021,29,<5,25
34007609103,PF,65+,2022,30,8,23
34007609103,PF,65+,2023,35,12,25
34007609103,PF,65+,2024,37,5,36
34007609201,PF,65+,2017,<5,<5,<5
34007609201,PF,65+,2018,6,<5,<5
34007609201,PF,65+,2019,<5,<5,<5
34007609201,PF,65+,2020,7,<5,5
34007609201,PF,65+,2021,9,6,<5
34007609201,PF,65+,2022,6,0,6
34007609201,PF,65+,2023,<5,<5,<5
34007609201,PF,65+,2024,<5,<5,<5
34007609202,PF,65+,2017,<5,0,<5
34007609202,PF,65+,2018,<5,<5,<5
34007609202,PF,65+,2019,16,5,11
34007609202,PF,65+,2020,14,<5,12
34007609202,PF,65+,2021,11,<5,10
34007609202,PF,65+,2022,15,5,10
34007609202,PF,65+,2023,5,<5,<5
34007609202,PF,65+,2024,10,<5,8
34007609203,PF,65+,2017,8,<5,5
34007609203,PF,65+,2018,11,<5,10
34007609203,PF,65+,2019,15,<5,12
34007609203,PF,65+,2020,16,5,14
34007609203,PF,65+,2021,17,7,11
34007609203,PF,65+,2022,14,<5,10
34007609203,PF,65+,2023,27,6,21
34007609203,PF,65+,2024,31,9,23
34007609204,PF,65+,2017,6,<5,<5
34007609204,PF,65+,2018,6,<5,<5
34007609204,PF,65+,2019,8,<5,5
34007609204,PF,65+,2020,11,<5,8
34007609204,PF,65+,2021,10,<5,7
34007609204,PF,65+,2022,14,<5,11
34007609204,PF,65+,2023,12,5,8
34007609204,PF,65+,2024,9,<5,8
34007609205,PF,65+,2017,<5,<5,<5
34007609205,PF,65+,2018,<5,0,<5
34007609205,PF,65+,2019,8,0,8
34007609205,PF,65+,2020,11,<5,8
34007609205,PF,65+,2021,11,<5,10
34007609205,PF,65+,2022,12,<5,9
34007609205,PF,65+,2023,12,<5,10
34007609205,PF,65+,2024,13,<5,11
34007610300,PF,65+,2017,<5,<5,0
34007610300,PF,65+,2019,<5,<5,<5
34007610300,PF,65+,2021,<5,0,<5
34007610300,PF,65+,2022,<5,<5,<5
34007610300,PF,65+,2023,<5,<5,<5
34007610300,PF,65+,2024,<5,0,<5
34007610400,PF,65+,2017,<5,<5,<5
34007610400,PF,65+,2018,<5,<5,<5
34007610400,PF,65+,2019,5,<5,<5
34007610400,PF,65+,2020,6,<5,<5
34007610400,PF,65+,2021,<5,0,<5
34007610400,PF,65+,2022,6,<5,<5
34007610400,PF,65+,2023,13,5,9
34007610400,PF,65+,2024,10,<5,7
34007610500,PF,65+,2017,10,<5,8
34007610500,PF,65+,2018,11,5,6
34007610500,PF,65+,2019,15,5,13
34007610500,PF,65+,2020,15,<5,12
34007610500,PF,65+,2021,14,<5,12
34007610500,PF,65+,2022,15,6,10
34007610500,PF,65+,2023,10,<5,7
34007610500,PF,65+,2024,27,<5,24
34007610600,PF,65+,2017,16,7,9
34007610600,PF,65+,2018,21,<5,18
34007610600,PF,65+,2019,17,10,10
34007610600,PF,65+,2020,19,5,16
34007610600,PF,65+,2021,14,6,10
34007610600,PF,65+,2022,19,<5,17
34007610600,PF,65+,2023,18,<5,14
34007610600,PF,65+,2024,12,<5,11
34007610800,PF,65+,2017,13,<5,9
34007610800,PF,65+,2018,9,<5,8
34007610800,PF,65+,2019,15,<5,12
34007610800,PF,65+,2020,10,<5,8
34007610800,PF,65+,2021,14,5,10
34007610800,PF,65+,2022,13,<5,12
34007610800,PF,65+,2023,11,<5,8
34007610800,PF,65+,2024,11,<5,9
34007610900,PF,65+,2017,7,<5,7
34007610900,PF,65+,2018,14,6,9
34007610900,PF,65+,2019,17,<5,13
34007610900,PF,65+,2020,13,<5,11
34007610900,PF,65+,2021,12,<5,10
34007610900,PF,65+,2022,17,6,11
34007610900,PF,65+,2023,18,6,12
34007610900,PF,65+,2024,15,<5,13
34007611000,PF,65+,2017,10,<5,7
34007611000,PF,65+,2018,11,<5,8
34007611000,PF,65+,2019,8,<5,5
34007611000,PF,65+,2020,16,<5,15
34007611000,PF,65+,2021,15,5,10
34007611000,PF,65+,2022,15,5,10
34007611000,PF,65+,2023,18,7,11
34007611000,PF,65+,2024,14,<5,13
34007611100,PF,65+,2017,15,<5,13
34007611100,PF,65+,2018,9,<5,5
34007611100,PF,65+,2019,13,<5,10
34007611100,PF,65+,2020,17,<5,16
34007611100,PF,65+,2021,7,<5,5
34007611100,PF,65+,2022,10,<5,8
34007611100,PF,65+,2023,12,<5,11
34007611100,PF,65+,2024,14,<5,13
34007611200,PF,65+,2017,14,<5,12
34007611200,PF,65+,2018,16,<5,12
34007611200,PF,65+,2019,21,5,17
34007611200,PF,65+,2020,15,<5,14
34007611200,PF,65+,2021,20,5,18
34007611200,PF,65+,2022,15,<5,13
34007611200,PF,65+,2023,15,<5,14
34007611200,PF,65+,2024,15,<5,13
34007611300,PF,65+,2017,13,6,7
34007611300,PF,65+,2018,13,<5,10
34007611300,PF,65+,2019,6,0,6
34007611300,PF,65+,2020,8,<5,6
34007611300,PF,65+,2021,8,<5,7
34007611300,PF,65+,2022,8,<5,8
34007611300,PF,65+,2023,8,0,8
34007611300,PF,65+,2024,8,0,8
34007611400,PF,65+,2017,<5,<5,0
34007611400,PF,65+,2018,<5,<5,<5
34007611400,PF,65+,2019,8,<5,7
34007611400,PF,65+,2020,10,<5,9
34007611400,PF,65+,2021,<5,<5,<5
34007611400,PF,65+,2022,9,<5,8
34007611400,PF,65+,2023,5,<5,<5
34007611400,PF,65+,2024,11,<5,11
34007611500,PF,65+,2018,<5,0,<5
34007611500,PF,65+,2019,<5,0,<5
34007611500,PF,65+,2020,8,<5,7
34007611500,PF,65+,2021,9,0,9
34007611500,PF,65+,2022,<5,<5,<5
34007611500,PF,65+,2023,<5,0,<5
34007611500,PF,65+,2024,8,0,8
34007611600,PF,65+,2017,8,<5,5
34007611600,PF,65+,2018,7,0,7
34007611600,PF,65+,2019,14,<5,13
34007611600,PF,65+,2020,10,7,5
34007611600,PF,65+,2021,12,<5,10
34007611600,PF,65+,2022,13,<5,9
34007611600,PF,65+,2023,13,8,6
34007611600,PF,65+,2024,16,5,12
34007611700,PF,65+,2017,8,<5,6
34007611700,PF,65+,2018,<5,<5,<5
34007611700,PF,65+,2019,6,<5,<5
34007611700,PF,65+,2020,7,5,<5
34007611700,PF,65+,2021,8,<5,7
34007611700,PF,65+,2022,7,0,7
34007611700,PF,65+,2023,<5,<5,<5
34007611700,PF,65+,2024,5,0,5
34007600200,PHQD,18-64,2017,23,20,6
34007600200,PHQD,18-64,2018,23,18,8
34007600200,PHQD,18-64,2019,19,12,9
34007600200,PHQD,18-64,2020,19,16,<5
34007600200,PHQD,18-64,2021,10,10,0
34007600200,PHQD,18-64,2022,9,<5,6
34007600200,PHQD,18-64,2023,11,7,<5
34007600200,PHQD,18-64,2024,6,<5,<5
34007600400,PHQD,18-64,2017,34,24,13
34007600400,PHQD,18-64,2018,39,23,17
34007600400,PHQD,18-64,2019,29,24,7
34007600400,PHQD,18-64,2020,20,18,<5
34007600400,PHQD,18-64,2021,13,9,6
34007600400,PHQD,18-64,2022,16,11,7
34007600400,PHQD,18-64,2023,10,6,6
34007600400,PHQD,18-64,2024,8,5,<5
34007600700,PHQD,18-64,2017,29,21,12
34007600700,PHQD,18-64,2018,13,6,7
34007600700,PHQD,18-64,2019,14,12,<5
34007600700,PHQD,18-64,2020,14,14,<5
34007600700,PHQD,18-64,2021,8,7,<5
34007600700,PHQD,18-64,2022,<5,<5,0
34007600700,PHQD,18-64,2023,8,<5,6
34007600700,PHQD,18-64,2024,5,5,<5
34007600800,PHQD,18-64,2017,75,54,30
34007600800,PHQD,18-64,2018,58,48,14
34007600800,PHQD,18-64,2019,59,47,18
34007600800,PHQD,18-64,2020,46,34,16
34007600800,PHQD,18-64,2021,24,18,11
34007600800,PHQD,18-64,2022,25,21,<5
34007600800,PHQD,18-64,2023,16,13,5
34007600800,PHQD,18-64,2024,16,7,9
34007600900,PHQD,18-64,2017,26,22,6
34007600900,PHQD,18-64,2018,24,15,9
34007600900,PHQD,18-64,2019,30,24,9
34007600900,PHQD,18-64,2020,21,18,<5
34007600900,PHQD,18-64,2021,9,8,<5
34007600900,PHQD,18-64,2022,11,8,<5
34007600900,PHQD,18-64,2023,10,8,<5
34007600900,PHQD,18-64,2024,8,<5,<5
34007601000,PHQD,18-64,2017,36,25,13
34007601000,PHQD,18-64,2018,19,13,6
34007601000,PHQD,18-64,2019,31,23,9
34007601000,PHQD,18-64,2020,24,20,6
34007601000,PHQD,18-64,2021,14,11,8
34007601000,PHQD,18-64,2022,6,6,<5
34007601000,PHQD,18-64,2023,7,<5,5
34007601000,PHQD,18-64,2024,11,8,5
34007601101,PHQD,18-64,2017,30,20,13
34007601101,PHQD,18-64,2018,16,10,9
34007601101,PHQD,18-64,2019,14,12,<5
34007601101,PHQD,18-64,2020,10,7,<5
34007601101,PHQD,18-64,2021,7,5,<5
34007601101,PHQD,18-64,2022,9,6,<5
34007601101,PHQD,18-64,2023,<5,<5,<5
34007601101,PHQD,18-64,2024,7,<5,<5
34007601102,PHQD,18-64,2017,34,24,12
34007601102,PHQD,18-64,2018,22,18,7
34007601102,PHQD,18-64,2019,32,24,12
34007601102,PHQD,18-64,2020,29,23,6
34007601102,PHQD,18-64,2021,13,10,<5
34007601102,PHQD,18-64,2022,20,13,7
34007601102,PHQD,18-64,2023,10,<5,6
34007601102,PHQD,18-64,2024,5,<5,<5
34007601200,PHQD,18-64,2017,44,37,10
34007601200,PHQD,18-64,2018,30,25,7
34007601200,PHQD,18-64,2019,39,33,9
34007601200,PHQD,18-64,2020,22,19,<5
34007601200,PHQD,18-64,2021,17,14,<5
34007601200,PHQD,18-64,2022,9,7,<5
34007601200,PHQD,18-64,2023,7,5,<5
34007601200,PHQD,18-64,2024,13,9,5
34007601300,PHQD,18-64,2017,48,33,18
34007601300,PHQD,18-64,2018,43,37,8
34007601300,PHQD,18-64,2019,39,32,11
34007601300,PHQD,18-64,2020,32,29,5
34007601300,PHQD,18-64,2021,17,12,7
34007601300,PHQD,18-64,2022,15,12,<5
34007601300,PHQD,18-64,2023,15,11,6
34007601300,PHQD,18-64,2024,14,6,8
34007601400,PHQD,18-64,2017,44,33,17
34007601400,PHQD,18-64,2018,36,28,9
34007601400,PHQD,18-64,2019,37,30,9
34007601400,PHQD,18-64,2020,27,21,7
34007601400,PHQD,18-64,2021,17,12,7
34007601400,PHQD,18-64,2022,14,9,6
34007601400,PHQD,18-64,2023,17,12,7
34007601400,PHQD,18-64,2024,12,5,8
34007601500,PHQD,18-64,2017,74,49,34
34007601500,PHQD,18-64,2018,77,60,22
34007601500,PHQD,18-64,2019,77,63,16
34007601500,PHQD,18-64,2020,55,44,13
34007601500,PHQD,18-64,2021,17,14,<5
34007601500,PHQD,18-64,2022,25,17,10
34007601500,PHQD,18-64,2023,27,20,9
34007601500,PHQD,18-64,2024,20,14,10
34007601600,PHQD,18-64,2017,26,18,8
34007601600,PHQD,18-64,2018,23,20,8
34007601600,PHQD,18-64,2019,26,21,8
34007601600,PHQD,18-64,2020,15,11,6
34007601600,PHQD,18-64,2021,11,8,<5
34007601600,PHQD,18-64,2022,9,6,<5
34007601600,PHQD,18-64,2023,7,<5,5
34007601600,PHQD,18-64,2024,7,<5,<5
34007601700,PHQD,18-64,2017,38,23,19
34007601700,PHQD,18-64,2018,28,22,8
34007601700,PHQD,18-64,2019,29,19,10
34007601700,PHQD,18-64,2020,17,15,<5
34007601700,PHQD,18-64,2021,10,8,<5
34007601700,PHQD,18-64,2022,13,7,6
34007601700,PHQD,18-64,2023,17,14,<5
34007601700,PHQD,18-64,2024,11,10,<5
34007601800,PHQD,18-64,2017,16,15,<5
34007601800,PHQD,18-64,2018,7,5,<5
34007601800,PHQD,18-64,2019,19,11,9
34007601800,PHQD,18-64,2020,13,10,<5
34007601800,PHQD,18-64,2021,5,<5,<5
34007601800,PHQD,18-64,2022,5,<5,<5
34007601800,PHQD,18-64,2023,<5,<5,<5
34007601800,PHQD,18-64,2024,<5,<5,<5
34007601900,PHQD,18-64,2017,19,14,7
34007601900,PHQD,18-64,2018,24,19,8
34007601900,PHQD,18-64,2019,27,18,10
34007601900,PHQD,18-64,2020,15,13,<5
34007601900,PHQD,18-64,2021,6,5,<5
34007601900,PHQD,18-64,2022,10,9,<5
34007601900,PHQD,18-64,2023,9,8,<5
34007601900,PHQD,18-64,2024,15,12,<5
34007602000,PHQD,18-64,2017,56,40,18
34007602000,PHQD,18-64,2018,55,42,14
34007602000,PHQD,18-64,2019,66,51,18
34007602000,PHQD,18-64,2020,37,28,12
34007602000,PHQD,18-64,2021,27,19,11
34007602000,PHQD,18-64,2022,29,21,10
34007602000,PHQD,18-64,2023,16,10,6
34007602000,PHQD,18-64,2024,16,10,8
34007602503,PHQD,18-64,2017,19,12,8
34007602503,PHQD,18-64,2018,11,9,<5
34007602503,PHQD,18-64,2019,16,11,7
34007602503,PHQD,18-64,2020,13,11,<5
34007602503,PHQD,18-64,2021,7,6,<5
34007602503,PHQD,18-64,2022,7,7,0
34007602503,PHQD,18-64,2023,5,<5,<5
34007602503,PHQD,18-64,2024,6,<5,<5
34007602601,PHQD,18-64,2017,8,5,<5
34007602601,PHQD,18-64,2018,16,7,11
34007602601,PHQD,18-64,2019,10,8,<5
34007602601,PHQD,18-64,2020,8,<5,<5
34007602601,PHQD,18-64,2021,8,7,<5
34007602601,PHQD,18-64,2022,5,<5,<5
34007602601,PHQD,18-64,2023,5,<5,<5
34007602601,PHQD,18-64,2024,<5,<5,<5
34007602602,PHQD,18-64,2017,18,16,<5
34007602602,PHQD,18-64,2018,7,5,<5
34007602602,PHQD,18-64,2019,13,10,5
34007602602,PHQD,18-64,2020,6,<5,<5
34007602602,PHQD,18-64,2021,<5,<5,<5
34007602602,PHQD,18-64,2022,6,5,<5
34007602602,PHQD,18-64,2023,6,<5,<5
34007602602,PHQD,18-64,2024,<5,<5,<5
34007602901,PHQD,18-64,2017,23,15,9
34007602901,PHQD,18-64,2018,18,10,10
34007602901,PHQD,18-64,2019,18,11,9
34007602901,PHQD,18-64,2020,18,13,8
34007602901,PHQD,18-64,2021,12,9,5
34007602901,PHQD,18-64,2022,7,6,<5
34007602901,PHQD,18-64,2023,<5,<5,0
34007602901,PHQD,18-64,2024,5,<5,<5
34007602902,PHQD,18-64,2017,22,13,11
34007602902,PHQD,18-64,2018,30,16,16
34007602902,PHQD,18-64,2019,16,9,8
34007602902,PHQD,18-64,2020,15,13,<5
34007602902,PHQD,18-64,2021,10,9,<5
34007602902,PHQD,18-64,2022,5,<5,<5
34007602902,PHQD,18-64,2023,7,6,<5
34007602902,PHQD,18-64,2024,6,<5,<5
34007603001,PHQD,18-64,2017,25,19,7
34007603001,PHQD,18-64,2018,14,8,8
34007603001,PHQD,18-64,2019,20,12,10
34007603001,PHQD,18-64,2020,8,5,<5
34007603001,PHQD,18-64,2021,9,5,5
34007603001,PHQD,18-64,2022,6,5,<5
34007603001,PHQD,18-64,2023,7,5,<5
34007603001,PHQD,18-64,2024,<5,<5,0
34007603002,PHQD,18-64,2017,29,20,13
34007603002,PHQD,18-64,2018,15,10,6
34007603002,PHQD,18-64,2019,23,16,10
34007603002,PHQD,18-64,2020,11,7,<5
34007603002,PHQD,18-64,2021,14,10,<5
34007603002,PHQD,18-64,2022,8,7,<5
34007603002,PHQD,18-64,2023,8,7,<5
34007603002,PHQD,18-64,2024,12,8,5
34007603100,PHQD,18-64,2017,15,10,7
34007603100,PHQD,18-64,2018,19,15,<5
34007603100,PHQD,18-64,2019,19,14,6
34007603100,PHQD,18-64,2020,13,10,<5
34007603100,PHQD,18-64,2021,8,6,<5
34007603100,PHQD,18-64,2022,<5,0,<5
34007603100,PHQD,18-64,2023,<5,<5,<5
34007603100,PHQD,18-64,2024,9,6,<5
34007603200,PHQD,18-64,2017,34,21,14
34007603200,PHQD,18-64,2018,31,18,14
34007603200,PHQD,18-64,2019,24,13,16
34007603200,PHQD,18-64,2020,12,7,5
34007603200,PHQD,18-64,2021,9,6,<5
34007603200,PHQD,18-64,2022,15,11,<5
34007603200,PHQD,18-64,2023,8,5,<5
34007603200,PHQD,18-64,2024,8,<5,5
34007603301,PHQD,18-64,2017,26,13,13
34007603301,PHQD,18-64,2018,17,10,8
34007603301,PHQD,18-64,2019,18,9,9
34007603301,PHQD,18-64,2020,20,14,6
34007603301,PHQD,18-64,2021,19,12,7
34007603301,PHQD,18-64,2022,13,10,<5
34007603301,PHQD,18-64,2023,23,18,6
34007603301,PHQD,18-64,2024,17,9,8
34007603302,PHQD,18-64,2017,13,10,<5
34007603302,PHQD,18-64,2018,14,7,8
34007603302,PHQD,18-64,2019,14,6,8
34007603302,PHQD,18-64,2020,7,7,0
34007603302,PHQD,18-64,2021,7,5,<5
34007603302,PHQD,18-64,2022,6,5,<5
34007603302,PHQD,18-64,2023,5,<5,<5
34007603302,PHQD,18-64,2024,<5,<5,<5
34007603303,PHQD,18-64,2017,16,9,7
34007603303,PHQD,18-64,2018,16,7,9
34007603303,PHQD,18-64,2019,9,6,<5
34007603303,PHQD,18-64,2020,7,<5,<5
34007603303,PHQD,18-64,2021,<5,<5,<5
34007603303,PHQD,18-64,2022,<5,<5,0
34007603303,PHQD,18-64,2023,<5,0,<5
34007603400,PHQD,18-64,2017,25,15,10
34007603400,PHQD,18-64,2018,33,19,17
34007603400,PHQD,18-64,2019,18,12,8
34007603400,PHQD,18-64,2020,11,9,<5
34007603400,PHQD,18-64,2021,15,13,<5
34007603400,PHQD,18-64,2022,16,12,6
34007603400,PHQD,18-64,2023,15,6,10
34007603400,PHQD,18-64,2024,5,<5,<5
34007603501,PHQD,18-64,2017,10,5,6
34007603501,PHQD,18-64,2018,9,6,<5
34007603501,PHQD,18-64,2019,7,6,<5
34007603501,PHQD,18-64,2020,8,5,<5
34007603501,PHQD,18-64,2021,6,6,0
34007603501,PHQD,18-64,2022,7,<5,<5
34007603501,PHQD,18-64,2023,<5,<5,<5
34007603501,PHQD,18-64,2024,<5,<5,0
34007603503,PHQD,18-64,2017,10,9,<5
34007603503,PHQD,18-64,2018,<5,<5,0
34007603503,PHQD,18-64,2019,8,6,<5
34007603503,PHQD,18-64,2020,<5,0,<5
34007603503,PHQD,18-64,2021,5,<5,<5
34007603503,PHQD,18-64,2022,<5,<5,<5
34007603503,PHQD,18-64,2023,<5,<5,0
34007603503,PHQD,18-64,2024,<5,<5,0
34007603504,PHQD,18-64,2017,7,6,<5
34007603504,PHQD,18-64,2018,<5,<5,0
34007603504,PHQD,18-64,2019,5,<5,<5
34007603504,PHQD,18-64,2020,<5,<5,<5
34007603504,PHQD,18-64,2022,<5,<5,0
34007603504,PHQD,18-64,2023,5,<5,<5
34007603504,PHQD,18-64,2024,<5,<5,0
34007603505,PHQD,18-64,2017,48,38,14
34007603505,PHQD,18-64,2018,46,34,17
34007603505,PHQD,18-64,2019,54,43,13
34007603505,PHQD,18-64,2020,37,31,10
34007603505,PHQD,18-64,2021,33,24,12
34007603505,PHQD,18-64,2022,38,31,14
34007603505,PHQD,18-64,2023,37,24,18
34007603505,PHQD,18-64,2024,34,20,19
34007603506,PHQD,18-64,2017,5,<5,<5
34007603506,PHQD,18-64,2018,<5,<5,<5
34007603506,PHQD,18-64,2019,6,<5,<5
34007603506,PHQD,18-64,2020,7,<5,5
34007603506,PHQD,18-64,2021,6,<5,<5
34007603506,PHQD,18-64,2022,<5,<5,0
34007603506,PHQD,18-64,2023,<5,<5,0
34007603506,PHQD,18-64,2024,<5,<5,<5
34007603507,PHQD,18-64,2017,10,8,<5
34007603507,PHQD,18-64,2018,11,7,<5
34007603507,PHQD,18-64,2019,7,5,<5
34007603507,PHQD,18-64,2020,9,8,<5
34007603507,PHQD,18-64,2021,5,<5,<5
34007603507,PHQD,18-64,2022,9,5,<5
34007603507,PHQD,18-64,2023,<5,<5,<5
34007603507,PHQD,18-64,2024,5,<5,<5
34007603601,PHQD,18-64,2017,24,14,15
34007603601,PHQD,18-64,2018,16,6,14
34007603601,PHQD,18-64,2019,20,7,13
34007603601,PHQD,18-64,2020,11,9,<5
34007603601,PHQD,18-64,2021,8,<5,<5
34007603601,PHQD,18-64,2022,7,<5,5
34007603601,PHQD,18-64,2023,<5,<5,<5
34007603601,PHQD,18-64,2024,<5,<5,0
34007603602,PHQD,18-64,2017,<5,<5,0
34007603602,PHQD,18-64,2018,5,<5,<5
34007603602,PHQD,18-64,2019,<5,0,<5
34007603602,PHQD,18-64,2021,<5,<5,<5
34007603602,PHQD,18-64,2023,<5,<5,0
34007603602,PHQD,18-64,2024,<5,<5,0
34007603603,PHQD,18-64,2017,6,5,<5
34007603603,PHQD,18-64,2018,9,6,<5
34007603603,PHQD,18-64,2019,<5,<5,<5
34007603603,PHQD,18-64,2020,<5,<5,0
34007603603,PHQD,18-64,2021,5,5,0
34007603603,PHQD,18-64,2022,<5,<5,<5
34007603603,PHQD,18-64,2023,<5,<5,<5
34007603603,PHQD,18-64,2024,<5,<5,<5
34007603700,PHQD,18-64,2017,13,12,<5
34007603700,PHQD,18-64,2018,10,6,<5
34007603700,PHQD,18-64,2019,11,10,<5
34007603700,PHQD,18-64,2020,7,<5,<5
34007603700,PHQD,18-64,2021,<5,<5,<5
34007603700,PHQD,18-64,2022,11,8,<5
34007603700,PHQD,18-64,2023,6,<5,5
34007603700,PHQD,18-64,2024,<5,<5,0
34007603800,PHQD,18-64,2017,17,15,<5
34007603800,PHQD,18-64,2018,11,9,5
34007603800,PHQD,18-64,2019,20,12,9
34007603800,PHQD,18-64,2020,8,7,<5
34007603800,PHQD,18-64,2021,5,5,<5
34007603800,PHQD,18-64,2022,<5,<5,<5
34007603800,PHQD,18-64,2023,<5,<5,<5
34007603800,PHQD,18-64,2024,<5,<5,<5
34007603901,PHQD,18-64,2017,19,15,8
34007603901,PHQD,18-64,2018,26,17,10
34007603901,PHQD,18-64,2019,12,8,6
34007603901,PHQD,18-64,2020,7,<5,<5
34007603901,PHQD,18-64,2021,5,<5,<5
34007603901,PHQD,18-64,2022,6,6,<5
34007603901,PHQD,18-64,2023,5,<5,<5
34007603901,PHQD,18-64,2024,<5,<5,<5
34007603902,PHQD,18-64,2017,23,16,11
34007603902,PHQD,18-64,2018,14,9,7
34007603902,PHQD,18-64,2019,12,8,5
34007603902,PHQD,18-64,2020,13,11,<5
34007603902,PHQD,18-64,2021,<5,<5,<5
34007603902,PHQD,18-64,2022,<5,<5,<5
34007603902,PHQD,18-64,2023,<5,<5,0
34007603902,PHQD,18-64,2024,6,<5,<5
34007604100,PHQD,18-64,2017,25,16,10
34007604100,PHQD,18-64,2018,22,14,10
34007604100,PHQD,18-64,2019,29,24,6
34007604100,PHQD,18-64,2020,22,20,5
34007604100,PHQD,18-64,2021,6,<5,<5
34007604100,PHQD,18-64,2022,9,7,<5
34007604100,PHQD,18-64,2023,8,5,<5
34007604100,PHQD,18-64,2024,<5,0,<5
34007604200,PHQD,18-64,2017,22,16,7
34007604200,PHQD,18-64,2018,24,20,<5
34007604200,PHQD,18-64,2019,21,13,9
34007604200,PHQD,18-64,2020,17,16,<5
34007604200,PHQD,18-64,2021,13,10,5
34007604200,PHQD,18-64,2022,12,9,<5
34007604200,PHQD,18-64,2023,8,7,<5
34007604200,PHQD,18-64,2024,5,<5,<5
34007604300,PHQD,18-64,2017,24,21,7
34007604300,PHQD,18-64,2018,25,20,9
34007604300,PHQD,18-64,2019,22,19,<5
34007604300,PHQD,18-64,2020,15,13,<5
34007604300,PHQD,18-64,2021,7,6,<5
34007604300,PHQD,18-64,2022,<5,<5,0
34007604300,PHQD,18-64,2023,<5,<5,0
34007604300,PHQD,18-64,2024,5,<5,<5
34007604400,PHQD,18-64,2017,10,8,<5
34007604400,PHQD,18-64,2018,21,16,5
34007604400,PHQD,18-64,2019,11,11,0
34007604400,PHQD,18-64,2020,7,7,0
34007604400,PHQD,18-64,2021,<5,<5,0
34007604400,PHQD,18-64,2022,<5,<5,<5
34007604400,PHQD,18-64,2023,<5,<5,0
34007604400,PHQD,18-64,2024,<5,<5,0
34007604600,PHQD,18-64,2017,20,14,9
34007604600,PHQD,18-64,2018,23,16,9
34007604600,PHQD,18-64,2019,9,7,<5
34007604600,PHQD,18-64,2020,6,<5,<5
34007604600,PHQD,18-64,2021,5,<5,<5
34007604600,PHQD,18-64,2022,7,<5,<5
34007604600,PHQD,18-64,2023,<5,<5,0
34007604600,PHQD,18-64,2024,<5,<5,<5
34007604700,PHQD,18-64,2017,12,6,7
34007604700,PHQD,18-64,2018,10,7,<5
34007604700,PHQD,18-64,2019,7,7,0
34007604700,PHQD,18-64,2020,11,8,<5
34007604700,PHQD,18-64,2021,5,5,0
34007604700,PHQD,18-64,2022,<5,<5,<5
34007604700,PHQD,18-64,2023,<5,<5,<5
34007604700,PHQD,18-64,2024,<5,0,<5
34007605100,PHQD,18-64,2017,11,7,<5
34007605100,PHQD,18-64,2018,14,10,<5
34007605100,PHQD,18-64,2019,20,14,7
34007605100,PHQD,18-64,2020,5,5,0
34007605100,PHQD,18-64,2021,<5,<5,<5
34007605100,PHQD,18-64,2022,5,<5,<5
34007605100,PHQD,18-64,2023,8,6,<5
34007605100,PHQD,18-64,2024,5,<5,<5
34007605200,PHQD,18-64,2017,12,9,<5
34007605200,PHQD,18-64,2018,14,<5,10
34007605200,PHQD,18-64,2019,10,5,5
34007605200,PHQD,18-64,2020,18,12,7
34007605200,PHQD,18-64,2021,5,<5,<5
34007605200,PHQD,18-64,2022,7,5,<5
34007605200,PHQD,18-64,2023,<5,<5,0
34007605200,PHQD,18-64,2024,<5,<5,<5
34007605300,PHQD,18-64,2017,10,5,5
34007605300,PHQD,18-64,2018,12,10,<5
34007605300,PHQD,18-64,2019,7,<5,<5
34007605300,PHQD,18-64,2020,11,10,<5
34007605300,PHQD,18-64,2021,<5,<5,<5
34007605300,PHQD,18-64,2022,5,<5,<5
34007605300,PHQD,18-64,2023,8,<5,<5
34007605300,PHQD,18-64,2024,<5,0,<5
34007605400,PHQD,18-64,2017,16,9,7
34007605400,PHQD,18-64,2018,13,10,<5
34007605400,PHQD,18-64,2019,11,6,5
34007605400,PHQD,18-64,2020,8,7,<5
34007605400,PHQD,18-64,2021,<5,<5,<5
34007605400,PHQD,18-64,2023,<5,<5,0
34007605400,PHQD,18-64,2024,<5,<5,<5
34007605602,PHQD,18-64,2017,10,7,<5
34007605602,PHQD,18-64,2018,12,7,7
34007605602,PHQD,18-64,2019,6,<5,<5
34007605602,PHQD,18-64,2020,8,5,<5
34007605602,PHQD,18-64,2021,5,<5,<5
34007605602,PHQD,18-64,2022,5,<5,<5
34007605602,PHQD,18-64,2023,<5,<5,0
34007605700,PHQD,18-64,2017,11,<5,8
34007605700,PHQD,18-64,2018,11,5,7
34007605700,PHQD,18-64,2019,16,9,7
34007605700,PHQD,18-64,2020,10,8,<5
34007605700,PHQD,18-64,2021,<5,<5,0
34007605700,PHQD,18-64,2022,<5,<5,0
34007605700,PHQD,18-64,2023,5,5,0
34007605700,PHQD,18-64,2024,<5,<5,<5
34007605800,PHQD,18-64,2017,10,<5,6
34007605800,PHQD,18-64,2018,<5,<5,0
34007605800,PHQD,18-64,2019,<5,<5,<5
34007605800,PHQD,18-64,2020,5,<5,<5
34007605800,PHQD,18-64,2021,<5,<5,<5
34007605800,PHQD,18-64,2023,<5,<5,<5
34007605800,PHQD,18-64,2024,<5,<5,0
34007605900,PHQD,18-64,2017,9,7,<5
34007605900,PHQD,18-64,2018,7,7,0
34007605900,PHQD,18-64,2019,6,<5,<5
34007605900,PHQD,18-64,2020,5,<5,<5
34007605900,PHQD,18-64,2021,6,<5,<5
34007605900,PHQD,18-64,2022,<5,0,<5
34007605900,PHQD,18-64,2024,<5,<5,0
34007606000,PHQD,18-64,2017,11,5,8
34007606000,PHQD,18-64,2018,6,<5,<5
34007606000,PHQD,18-64,2019,12,9,5
34007606000,PHQD,18-64,2020,<5,<5,<5
34007606000,PHQD,18-64,2021,<5,<5,0
34007606000,PHQD,18-64,2022,<5,<5,<5
34007606000,PHQD,18-64,2023,<5,<5,0
34007606100,PHQD,18-64,2017,<5,<5,<5
34007606100,PHQD,18-64,2018,<5,<5,<5
34007606100,PHQD,18-64,2019,5,<5,<5
34007606100,PHQD,18-64,2020,<5,<5,<5
34007606100,PHQD,18-64,2021,<5,0,<5
34007606100,PHQD,18-64,2022,<5,<5,0
34007606100,PHQD,18-64,2023,<5,<5,0
34007606200,PHQD,18-64,2017,<5,<5,0
34007606200,PHQD,18-64,2018,5,5,<5
34007606200,PHQD,18-64,2019,5,<5,<5
34007606200,PHQD,18-64,2020,<5,<5,<5
34007606200,PHQD,18-64,2021,<5,<5,<5
34007606200,PHQD,18-64,2022,<5,<5,0
34007606200,PHQD,18-64,2023,<5,<5,0
34007606200,PHQD,18-64,2024,<5,<5,<5
34007606300,PHQD,18-64,2017,<5,<5,<5
34007606300,PHQD,18-64,2018,<5,<5,<5
34007606300,PHQD,18-64,2019,<5,<5,<5
34007606300,PHQD,18-64,2021,<5,<5,0
34007606300,PHQD,18-64,2022,<5,<5,<5
34007606300,PHQD,18-64,2024,<5,0,<5
34007606400,PHQD,18-64,2017,<5,<5,<5
34007606400,PHQD,18-64,2018,<5,<5,0
34007606400,PHQD,18-64,2019,5,<5,<5
34007606400,PHQD,18-64,2020,<5,<5,0
34007606400,PHQD,18-64,2021,<5,<5,0
34007606500,PHQD,18-64,2017,15,8,8
34007606500,PHQD,18-64,2018,14,6,9
34007606500,PHQD,18-64,2019,16,5,12
34007606500,PHQD,18-64,2020,7,6,<5
34007606500,PHQD,18-64,2021,7,6,<5
34007606500,PHQD,18-64,2022,6,<5,<5
34007606500,PHQD,18-64,2023,<5,<5,<5
34007606500,PHQD,18-64,2024,11,6,5
34007606600,PHQD,18-64,2017,8,6,<5
34007606600,PHQD,18-64,2018,11,8,<5
34007606600,PHQD,18-64,2019,6,<5,<5
34007606600,PHQD,18-64,2020,<5,<5,<5
34007606600,PHQD,18-64,2021,<5,<5,<5
34007606600,PHQD,18-64,2023,<5,<5,0
34007606600,PHQD,18-64,2024,<5,0,<5
34007606700,PHQD,18-64,2017,27,13,15
34007606700,PHQD,18-64,2018,21,15,9
34007606700,PHQD,18-64,2019,22,11,13
34007606700,PHQD,18-64,2020,7,5,5
34007606700,PHQD,18-64,2021,6,<5,<5
34007606700,PHQD,18-64,2022,10,6,<5
34007606700,PHQD,18-64,2023,7,7,<5
34007606700,PHQD,18-64,2024,5,<5,<5
34007606800,PHQD,18-64,2017,9,<5,5
34007606800,PHQD,18-64,2018,11,9,<5
34007606800,PHQD,18-64,2019,15,9,7
34007606800,PHQD,18-64,2020,6,6,<5
34007606800,PHQD,18-64,2021,5,5,0
34007606800,PHQD,18-64,2022,7,6,<5
34007606800,PHQD,18-64,2023,7,5,<5
34007606800,PHQD,18-64,2024,6,5,<5
34007607000,PHQD,18-64,2017,20,16,7
34007607000,PHQD,18-64,2018,20,10,12
34007607000,PHQD,18-64,2019,24,17,8
34007607000,PHQD,18-64,2020,24,18,7
34007607000,PHQD,18-64,2021,6,<5,<5
34007607000,PHQD,18-64,2022,5,<5,<5
34007607000,PHQD,18-64,2023,8,<5,5
34007607000,PHQD,18-64,2024,6,<5,<5
34007607100,PHQD,18-64,2017,24,13,12
34007607100,PHQD,18-64,2018,15,<5,11
34007607100,PHQD,18-64,2019,8,<5,5
34007607100,PHQD,18-64,2020,7,5,<5
34007607100,PHQD,18-64,2021,<5,<5,0
34007607100,PHQD,18-64,2022,10,6,6
34007607100,PHQD,18-64,2023,<5,<5,<5
34007607100,PHQD,18-64,2024,<5,<5,<5
34007607200,PHQD,18-64,2017,30,15,17
34007607200,PHQD,18-64,2018,22,10,13
34007607200,PHQD,18-64,2019,26,12,17
34007607200,PHQD,18-64,2020,14,10,5
34007607200,PHQD,18-64,2021,10,6,<5
34007607200,PHQD,18-64,2022,14,10,5
34007607200,PHQD,18-64,2023,6,<5,<5
34007607200,PHQD,18-64,2024,9,<5,5
34007607300,PHQD,18-64,2017,32,21,17
34007607300,PHQD,18-64,2018,25,11,15
34007607300,PHQD,18-64,2019,20,12,11
34007607300,PHQD,18-64,2020,7,6,<5
34007607300,PHQD,18-64,2021,17,11,7
34007607300,PHQD,18-64,2022,7,7,<5
34007607300,PHQD,18-64,2023,8,6,<5
34007607300,PHQD,18-64,2024,9,6,<5
34007607401,PHQD,18-64,2017,15,10,6
34007607401,PHQD,18-64,2018,17,8,9
34007607401,PHQD,18-64,2019,22,13,9
34007607401,PHQD,18-64,2020,9,6,<5
34007607401,PHQD,18-64,2021,12,9,<5
34007607401,PHQD,18-64,2022,14,10,6
34007607401,PHQD,18-64,2023,5,<5,<5
34007607401,PHQD,18-64,2024,5,<5,<5
34007607402,PHQD,18-64,2017,21,6,15
34007607402,PHQD,18-64,2018,9,5,<5
34007607402,PHQD,18-64,2019,14,9,6
34007607402,PHQD,18-64,2020,5,5,<5
34007607402,PHQD,18-64,2021,<5,<5,0
34007607402,PHQD,18-64,2022,6,<5,<5
34007607402,PHQD,18-64,2023,<5,0,<5
34007607402,PHQD,18-64,2024,<5,<5,<5
34007607502,PHQD,18-64,2017,24,14,13
34007607502,PHQD,18-64,2018,20,5,16
34007607502,PHQD,18-64,2019,13,9,5
34007607502,PHQD,18-64,2020,10,5,5
34007607502,PHQD,18-64,2021,10,6,7
34007607502,PHQD,18-64,2022,<5,<5,0
34007607502,PHQD,18-64,2023,5,<5,<5
34007607502,PHQD,18-64,2024,7,<5,<5
34007607503,PHQD,18-64,2017,15,7,9
34007607503,PHQD,18-64,2018,15,7,8
34007607503,PHQD,18-64,2019,15,5,10
34007607503,PHQD,18-64,2020,13,10,5
34007607503,PHQD,18-64,2021,9,<5,6
34007607503,PHQD,18-64,2022,9,6,<5
34007607503,PHQD,18-64,2023,<5,<5,<5
34007607503,PHQD,18-64,2024,<5,<5,<5
34007607504,PHQD,18-64,2017,<5,<5,0
34007607504,PHQD,18-64,2018,7,5,<5
34007607504,PHQD,18-64,2019,<5,<5,0
34007607504,PHQD,18-64,2021,<5,0,<5
34007607504,PHQD,18-64,2023,<5,<5,0
34007607505,PHQD,18-64,2017,7,5,<5
34007607505,PHQD,18-64,2018,10,<5,6
34007607505,PHQD,18-64,2019,<5,<5,<5
34007607505,PHQD,18-64,2020,<5,<5,0
34007607505,PHQD,18-64,2021,6,<5,5
34007607505,PHQD,18-64,2022,<5,<5,<5
34007607505,PHQD,18-64,2023,<5,<5,0
34007607505,PHQD,18-64,2024,<5,<5,<5
34007607506,PHQD,18-64,2017,8,<5,<5
34007607506,PHQD,18-64,2018,9,<5,5
34007607506,PHQD,18-64,2019,10,5,6
34007607506,PHQD,18-64,2020,7,<5,<5
34007607506,PHQD,18-64,2021,<5,0,<5
34007607506,PHQD,18-64,2022,6,<5,<5
34007607506,PHQD,18-64,2023,6,<5,<5
34007607506,PHQD,18-64,2024,<5,<5,<5
34007607507,PHQD,18-64,2017,20,16,7
34007607507,PHQD,18-64,2018,18,10,9
34007607507,PHQD,18-64,2019,15,8,7
34007607507,PHQD,18-64,2020,16,13,5
34007607507,PHQD,18-64,2021,10,7,<5
34007607507,PHQD,18-64,2022,10,9,<5
34007607507,PHQD,18-64,2023,9,6,<5
34007607507,PHQD,18-64,2024,6,5,<5
34007607600,PHQD,18-64,2017,6,<5,<5
34007607600,PHQD,18-64,2018,<5,<5,<5
34007607600,PHQD,18-64,2019,8,<5,5
34007607600,PHQD,18-64,2021,<5,<5,<5
34007607600,PHQD,18-64,2022,<5,<5,0
34007607600,PHQD,18-64,2023,<5,<5,<5
34007607600,PHQD,18-64,2024,<5,<5,<5
34007607701,PHQD,18-64,2017,38,21,21
34007607701,PHQD,18-64,2018,33,22,12
34007607701,PHQD,18-64,2019,26,21,12
34007607701,PHQD,18-64,2020,14,11,5
34007607701,PHQD,18-64,2021,18,15,<5
34007607701,PHQD,18-64,2022,18,8,10
34007607701,PHQD,18-64,2023,16,9,7
34007607701,PHQD,18-64,2024,13,11,<5
34007607702,PHQD,18-64,2017,23,10,13
34007607702,PHQD,18-64,2018,24,14,13
34007607702,PHQD,18-64,2019,23,14,11
34007607702,PHQD,18-64,2020,13,12,<5
34007607702,PHQD,18-64,2021,12,9,<5
34007607702,PHQD,18-64,2022,<5,0,<5
34007607702,PHQD,18-64,2023,15,11,5
34007607702,PHQD,18-64,2024,8,<5,<5
34007607801,PHQD,18-64,2017,35,11,27
34007607801,PHQD,18-64,2018,34,21,17
34007607801,PHQD,18-64,2019,32,17,17
34007607801,PHQD,18-64,2020,17,11,7
34007607801,PHQD,18-64,2021,12,12,<5
34007607801,PHQD,18-64,2022,11,7,5
34007607801,PHQD,18-64,2023,12,9,<5
34007607801,PHQD,18-64,2024,13,7,8
34007607802,PHQD,18-64,2017,12,<5,9
34007607802,PHQD,18-64,2018,15,5,11
34007607802,PHQD,18-64,2019,15,8,11
34007607802,PHQD,18-64,2020,5,<5,<5
34007607802,PHQD,18-64,2021,7,6,<5
34007607802,PHQD,18-64,2022,<5,<5,0
34007607802,PHQD,18-64,2023,6,5,<5
34007607802,PHQD,18-64,2024,6,5,<5
34007607900,PHQD,18-64,2017,9,6,<5
34007607900,PHQD,18-64,2018,6,0,6
34007607900,PHQD,18-64,2019,7,<5,<5
34007607900,PHQD,18-64,2020,5,<5,<5
34007607900,PHQD,18-64,2021,<5,<5,<5
34007607900,PHQD,18-64,2022,<5,<5,0
34007607900,PHQD,18-64,2023,<5,<5,0
34007607900,PHQD,18-64,2024,<5,<5,0
34007608001,PHQD,18-64,2017,16,6,13
34007608001,PHQD,18-64,2018,12,5,7
34007608001,PHQD,18-64,2019,17,5,13
34007608001,PHQD,18-64,2020,9,<5,5
34007608001,PHQD,18-64,2021,<5,<5,<5
34007608001,PHQD,18-64,2022,9,9,0
34007608001,PHQD,18-64,2023,8,<5,5
34007608001,PHQD,18-64,2024,6,6,0
34007608202,PHQD,18-64,2017,24,13,12
34007608202,PHQD,18-64,2018,18,8,13
34007608202,PHQD,18-64,2019,16,9,8
34007608202,PHQD,18-64,2020,14,11,<5
34007608202,PHQD,18-64,2021,9,8,<5
34007608202,PHQD,18-64,2022,7,6,<5
34007608202,PHQD,18-64,2023,11,6,5
34007608202,PHQD,18-64,2024,13,9,<5
34007608205,PHQD,18-64,2017,9,6,<5
34007608205,PHQD,18-64,2018,12,7,6
34007608205,PHQD,18-64,2019,9,<5,7
34007608205,PHQD,18-64,2020,<5,<5,<5
34007608205,PHQD,18-64,2021,7,6,<5
34007608205,PHQD,18-64,2022,<5,<5,0
34007608205,PHQD,18-64,2023,<5,<5,0
34007608205,PHQD,18-64,2024,<5,<5,0
34007608206,PHQD,18-64,2017,15,6,9
34007608206,PHQD,18-64,2018,10,<5,6
34007608206,PHQD,18-64,2019,12,6,6
34007608206,PHQD,18-64,2020,10,7,5
34007608206,PHQD,18-64,2021,<5,<5,<5
34007608206,PHQD,18-64,2022,10,8,5
34007608206,PHQD,18-64,2023,<5,<5,<5
34007608206,PHQD,18-64,2024,<5,<5,<5
34007608209,PHQD,18-64,2017,23,14,9
34007608209,PHQD,18-64,2018,16,9,7
34007608209,PHQD,18-64,2019,20,11,9
34007608209,PHQD,18-64,2020,7,<5,<5
34007608209,PHQD,18-64,2021,9,7,<5
34007608209,PHQD,18-64,2022,6,<5,<5
34007608209,PHQD,18-64,2023,9,7,<5
34007608209,PHQD,18-64,2024,6,5,<5
34007608210,PHQD,18-64,2017,26,13,14
34007608210,PHQD,18-64,2018,17,10,8
34007608210,PHQD,18-64,2019,17,8,10
34007608210,PHQD,18-64,2020,10,8,<5
34007608210,PHQD,18-64,2021,10,6,5
34007608210,PHQD,18-64,2022,8,5,<5
34007608210,PHQD,18-64,2023,7,5,<5
34007608210,PHQD,18-64,2024,6,5,<5
34007608211,PHQD,18-64,2017,25,8,17
34007608211,PHQD,18-64,2018,26,9,18
34007608211,PHQD,18-64,2019,24,13,13
34007608211,PHQD,18-64,2020,11,7,<5
34007608211,PHQD,18-64,2021,9,6,<5
34007608211,PHQD,18-64,2022,7,5,<5
34007608211,PHQD,18-64,2023,10,9,<5
34007608211,PHQD,18-64,2024,8,6,<5
34007608302,PHQD,18-64,2017,39,19,23
34007608302,PHQD,18-64,2018,19,7,13
34007608302,PHQD,18-64,2019,36,17,20
34007608302,PHQD,18-64,2020,17,12,7
34007608302,PHQD,18-64,2021,12,9,<5
34007608302,PHQD,18-64,2022,16,11,7
34007608302,PHQD,18-64,2023,11,<5,7
34007608302,PHQD,18-64,2024,6,5,<5
34007608303,PHQD,18-64,2017,22,12,11
34007608303,PHQD,18-64,2018,21,12,9
34007608303,PHQD,18-64,2019,19,6,13
34007608303,PHQD,18-64,2020,8,<5,<5
34007608303,PHQD,18-64,2021,5,<5,<5
34007608303,PHQD,18-64,2022,5,<5,<5
34007608303,PHQD,18-64,2023,6,<5,<5
34007608303,PHQD,18-64,2024,<5,<5,<5
34007608304,PHQD,18-64,2017,28,11,17
34007608304,PHQD,18-64,2018,22,13,10
34007608304,PHQD,18-64,2019,17,6,11
34007608304,PHQD,18-64,2020,15,11,5
34007608304,PHQD,18-64,2021,7,<5,5
34007608304,PHQD,18-64,2022,5,5,<5
34007608304,PHQD,18-64,2023,<5,<5,0
34007608304,PHQD,18-64,2024,5,<5,<5
34007608401,PHQD,18-64,2017,22,10,15
34007608401,PHQD,18-64,2018,12,<5,8
34007608401,PHQD,18-64,2019,<5,<5,<5
34007608401,PHQD,18-64,2020,12,10,<5
34007608401,PHQD,18-64,2021,7,7,<5
34007608401,PHQD,18-64,2022,9,5,<5
34007608401,PHQD,18-64,2023,5,<5,<5
34007608401,PHQD,18-64,2024,8,5,5
34007608402,PHQD,18-64,2017,18,7,12
34007608402,PHQD,18-64,2018,12,7,5
34007608402,PHQD,18-64,2019,6,<5,5
34007608402,PHQD,18-64,2020,7,5,<5
34007608402,PHQD,18-64,2021,<5,<5,<5
34007608402,PHQD,18-64,2022,<5,<5,<5
34007608402,PHQD,18-64,2023,<5,<5,<5
34007608402,PHQD,18-64,2024,<5,<5,<5
34007608403,PHQD,18-64,2017,27,12,16
34007608403,PHQD,18-64,2018,30,15,17
34007608403,PHQD,18-64,2019,25,15,12
34007608403,PHQD,18-64,2020,12,9,5
34007608403,PHQD,18-64,2021,13,12,<5
34007608403,PHQD,18-64,2022,10,7,<5
34007608403,PHQD,18-64,2023,8,5,<5
34007608403,PHQD,18-64,2024,<5,<5,<5
34007608404,PHQD,18-64,2017,39,20,20
34007608404,PHQD,18-64,2018,19,10,9
34007608404,PHQD,18-64,2019,14,5,11
34007608404,PHQD,18-64,2020,5,<5,<5
34007608404,PHQD,18-64,2021,18,16,<5
34007608404,PHQD,18-64,2022,9,8,<5
34007608404,PHQD,18-64,2023,8,<5,<5
34007608404,PHQD,18-64,2024,10,8,<5
34007608503,PHQD,18-64,2017,23,15,9
34007608503,PHQD,18-64,2018,18,11,8
34007608503,PHQD,18-64,2019,12,7,5
34007608503,PHQD,18-64,2020,9,6,<5
34007608503,PHQD,18-64,2021,6,<5,<5
34007608503,PHQD,18-64,2022,10,7,<5
34007608503,PHQD,18-64,2023,9,9,<5
34007608503,PHQD,18-64,2024,5,<5,<5
34007608504,PHQD,18-64,2017,43,18,25
34007608504,PHQD,18-64,2018,23,12,13
34007608504,PHQD,18-64,2019,26,12,14
34007608504,PHQD,18-64,2020,15,8,8
34007608504,PHQD,18-64,2021,7,5,<5
34007608504,PHQD,18-64,2022,10,6,<5
34007608504,PHQD,18-64,2023,13,11,<5
34007608504,PHQD,18-64,2024,9,7,5
34007608600,PHQD,18-64,2017,28,14,14
34007608600,PHQD,18-64,2018,37,11,27
34007608600,PHQD,18-64,2019,24,13,13
34007608600,PHQD,18-64,2020,15,11,5
34007608600,PHQD,18-64,2021,15,9,9
34007608600,PHQD,18-64,2022,7,6,<5
34007608600,PHQD,18-64,2023,10,7,<5
34007608600,PHQD,18-64,2024,10,7,<5
34007608700,PHQD,18-64,2017,17,11,7
34007608700,PHQD,18-64,2018,23,14,9
34007608700,PHQD,18-64,2019,21,10,15
34007608700,PHQD,18-64,2020,14,9,7
34007608700,PHQD,18-64,2021,7,6,<5
34007608700,PHQD,18-64,2022,11,8,6
34007608700,PHQD,18-64,2023,<5,<5,<5
34007608700,PHQD,18-64,2024,7,<5,<5
34007608800,PHQD,18-64,2017,23,15,8
34007608800,PHQD,18-64,2018,16,9,8
34007608800,PHQD,18-64,2019,16,5,11
34007608800,PHQD,18-64,2020,12,7,6
34007608800,PHQD,18-64,2021,6,5,<5
34007608800,PHQD,18-64,2022,8,5,<5
34007608800,PHQD,18-64,2023,9,7,<5
34007608800,PHQD,18-64,2024,<5,<5,<5
34007608901,PHQD,18-64,2017,21,11,11
34007608901,PHQD,18-64,2018,13,7,6
34007608901,PHQD,18-64,2019,23,12,14
34007608901,PHQD,18-64,2020,14,9,7
34007608901,PHQD,18-64,2021,16,8,9
34007608901,PHQD,18-64,2022,12,9,<5
34007608901,PHQD,18-64,2023,9,7,<5
34007608901,PHQD,18-64,2024,7,<5,6
34007608903,PHQD,18-64,2017,7,5,<5
34007608903,PHQD,18-64,2018,6,<5,<5
34007608903,PHQD,18-64,2019,10,6,5
34007608903,PHQD,18-64,2020,6,<5,<5
34007608903,PHQD,18-64,2021,8,5,<5
34007608903,PHQD,18-64,2022,<5,<5,<5
34007608903,PHQD,18-64,2023,<5,<5,<5
34007608903,PHQD,18-64,2024,<5,<5,0
34007608904,PHQD,18-64,2017,<5,<5,0
34007608904,PHQD,18-64,2018,<5,0,<5
34007608904,PHQD,18-64,2019,7,<5,5
34007608904,PHQD,18-64,2020,<5,<5,<5
34007608904,PHQD,18-64,2021,<5,<5,0
34007608904,PHQD,18-64,2022,<5,<5,<5
34007608904,PHQD,18-64,2023,<5,0,<5
34007608904,PHQD,18-64,2024,<5,<5,0
34007609000,PHQD,18-64,2017,7,5,<5
34007609000,PHQD,18-64,2018,7,<5,5
34007609000,PHQD,18-64,2019,7,<5,<5
34007609000,PHQD,18-64,2020,<5,<5,0
34007609000,PHQD,18-64,2021,7,6,<5
34007609000,PHQD,18-64,2022,<5,<5,<5
34007609000,PHQD,18-64,2023,<5,<5,0
34007609000,PHQD,18-64,2024,<5,<5,0
34007609103,PHQD,18-64,2017,16,10,6
34007609103,PHQD,18-64,2018,8,5,<5
34007609103,PHQD,18-64,2019,13,10,<5
34007609103,PHQD,18-64,2020,7,<5,<5
34007609103,PHQD,18-64,2021,14,10,<5
34007609103,PHQD,18-64,2022,12,6,7
34007609103,PHQD,18-64,2023,7,<5,<5
34007609103,PHQD,18-64,2024,9,<5,6
34007609201,PHQD,18-64,2017,20,12,8
34007609201,PHQD,18-64,2018,13,5,8
34007609201,PHQD,18-64,2019,11,6,5
34007609201,PHQD,18-64,2020,7,6,<5
34007609201,PHQD,18-64,2021,7,7,0
34007609201,PHQD,18-64,2022,8,8,<5
34007609201,PHQD,18-64,2023,5,<5,<5
34007609201,PHQD,18-64,2024,<5,<5,<5
34007609202,PHQD,18-64,2017,19,10,9
34007609202,PHQD,18-64,2018,17,9,8
34007609202,PHQD,18-64,2019,30,17,15
34007609202,PHQD,18-64,2020,12,12,0
34007609202,PHQD,18-64,2021,11,8,<5
34007609202,PHQD,18-64,2022,13,13,<5
34007609202,PHQD,18-64,2023,9,7,<5
34007609202,PHQD,18-64,2024,6,5,<5
34007609203,PHQD,18-64,2017,25,11,14
34007609203,PHQD,18-64,2018,31,15,18
34007609203,PHQD,18-64,2019,18,13,7
34007609203,PHQD,18-64,2020,16,12,5
34007609203,PHQD,18-64,2021,10,8,<5
34007609203,PHQD,18-64,2022,14,10,6
34007609203,PHQD,18-64,2023,14,8,7
34007609203,PHQD,18-64,2024,10,7,<5
34007609204,PHQD,18-64,2017,25,15,12
34007609204,PHQD,18-64,2018,24,13,13
34007609204,PHQD,18-64,2019,22,12,11
34007609204,PHQD,18-64,2020,12,12,<5
34007609204,PHQD,18-64,2021,14,11,6
34007609204,PHQD,18-64,2022,16,15,<5
34007609204,PHQD,18-64,2023,9,6,<5
34007609204,PHQD,18-64,2024,<5,<5,<5
34007609205,PHQD,18-64,2017,17,7,11
34007609205,PHQD,18-64,2018,11,6,5
34007609205,PHQD,18-64,2019,19,11,9
34007609205,PHQD,18-64,2020,15,12,<5
34007609205,PHQD,18-64,2021,6,<5,<5
34007609205,PHQD,18-64,2022,<5,<5,<5
34007609205,PHQD,18-64,2023,<5,0,<5
34007609205,PHQD,18-64,2024,<5,<5,0
34007610300,PHQD,18-64,2017,16,12,5
34007610300,PHQD,18-64,2018,12,11,<5
34007610300,PHQD,18-64,2019,9,7,<5
34007610300,PHQD,18-64,2020,8,5,<5
34007610300,PHQD,18-64,2021,5,<5,<5
34007610300,PHQD,18-64,2022,5,5,0
34007610300,PHQD,18-64,2023,10,5,6
34007610300,PHQD,18-64,2024,5,5,0
34007610400,PHQD,18-64,2017,119,88,43
34007610400,PHQD,18-64,2018,88,72,26
34007610400,PHQD,18-64,2019,89,58,36
34007610400,PHQD,18-64,2020,56,45,17
34007610400,PHQD,18-64,2021,40,32,12
34007610400,PHQD,18-64,2022,41,33,14
34007610400,PHQD,18-64,2023,28,22,13
34007610400,PHQD,18-64,2024,21,12,10
34007610500,PHQD,18-64,2017,39,28,15
34007610500,PHQD,18-64,2018,27,21,9
34007610500,PHQD,18-64,2019,36,29,10
34007610500,PHQD,18-64,2020,33,27,12
34007610500,PHQD,18-64,2021,16,13,<5
34007610500,PHQD,18-64,2022,8,8,0
34007610500,PHQD,18-64,2023,14,12,<5
34007610500,PHQD,18-64,2024,14,9,5
34007610600,PHQD,18-64,2017,39,25,20
34007610600,PHQD,18-64,2018,23,17,12
34007610600,PHQD,18-64,2019,16,9,8
34007610600,PHQD,18-64,2020,11,5,7
34007610600,PHQD,18-64,2021,6,5,<5
34007610600,PHQD,18-64,2022,6,<5,<5
34007610600,PHQD,18-64,2023,6,<5,<5
34007610600,PHQD,18-64,2024,<5,<5,<5
34007610800,PHQD,18-64,2017,44,29,22
34007610800,PHQD,18-64,2018,27,15,16
34007610800,PHQD,18-64,2019,40,27,16
34007610800,PHQD,18-64,2020,28,23,10
34007610800,PHQD,18-64,2021,15,9,7
34007610800,PHQD,18-64,2022,11,9,<5
34007610800,PHQD,18-64,2023,8,<5,5
34007610800,PHQD,18-64,2024,10,7,<5
34007610900,PHQD,18-64,2017,25,15,11
34007610900,PHQD,18-64,2018,21,11,10
34007610900,PHQD,18-64,2019,19,12,7
34007610900,PHQD,18-64,2020,17,13,6
34007610900,PHQD,18-64,2021,5,<5,<5
34007610900,PHQD,18-64,2022,<5,<5,<5
34007610900,PHQD,18-64,2023,5,<5,<5
34007610900,PHQD,18-64,2024,5,<5,5
34007611000,PHQD,18-64,2017,46,35,17
34007611000,PHQD,18-64,2018,36,21,15
34007611000,PHQD,18-64,2019,50,35,18
34007611000,PHQD,18-64,2020,39,32,8
34007611000,PHQD,18-64,2021,16,14,<5
34007611000,PHQD,18-64,2022,21,17,5
34007611000,PHQD,18-64,2023,17,15,6
34007611000,PHQD,18-64,2024,15,9,6
34007611100,PHQD,18-64,2017,12,7,5
34007611100,PHQD,18-64,2018,20,9,11
34007611100,PHQD,18-64,2019,15,10,5
34007611100,PHQD,18-64,2020,19,12,7
34007611100,PHQD,18-64,2021,<5,<5,0
34007611100,PHQD,18-64,2022,6,5,<5
34007611100,PHQD,18-64,2023,5,5,<5
34007611100,PHQD,18-64,2024,5,<5,<5
34007611200,PHQD,18-64,2017,24,6,19
34007611200,PHQD,18-64,2018,24,10,15
34007611200,PHQD,18-64,2019,25,10,18
34007611200,PHQD,18-64,2020,10,8,<5
34007611200,PHQD,18-64,2021,7,<5,<5
34007611200,PHQD,18-64,2022,9,6,<5
34007611200,PHQD,18-64,2023,6,<5,<5
34007611200,PHQD,18-64,2024,6,<5,<5
34007611300,PHQD,18-64,2017,16,8,9
34007611300,PHQD,18-64,2018,19,12,7
34007611300,PHQD,18-64,2019,15,8,8
34007611300,PHQD,18-64,2020,10,5,5
34007611300,PHQD,18-64,2021,8,6,<5
34007611300,PHQD,18-64,2022,16,11,5
34007611300,PHQD,18-64,2023,<5,<5,<5
34007611300,PHQD,18-64,2024,5,<5,<5
34007611400,PHQD,18-64,2017,35,19,18
34007611400,PHQD,18-64,2018,19,11,9
34007611400,PHQD,18-64,2019,19,13,6
34007611400,PHQD,18-64,2020,11,10,<5
34007611400,PHQD,18-64,2021,12,9,<5
34007611400,PHQD,18-64,2022,<5,<5,0
34007611400,PHQD,18-64,2023,7,6,<5
34007611400,PHQD,18-64,2024,12,9,<5
34007611500,PHQD,18-64,2017,6,<5,<5
34007611500,PHQD,18-64,2018,5,<5,<5
34007611500,PHQD,18-64,2019,<5,<5,<5
34007611500,PHQD,18-64,2020,<5,<5,0
34007611500,PHQD,18-64,2022,<5,<5,<5
34007611500,PHQD,18-64,2024,<5,<5,0
34007611600,PHQD,18-64,2017,48,33,20
34007611600,PHQD,18-64,2018,46,36,12
34007611600,PHQD,18-64,2019,44,35,11
34007611600,PHQD,18-64,2020,25,19,8
34007611600,PHQD,18-64,2021,15,13,5
34007611600,PHQD,18-64,2022,16,13,<5
34007611600,PHQD,18-64,2023,12,11,<5
34007611600,PHQD,18-64,2024,5,<5,<5
34007611700,PHQD,18-64,2017,13,7,7
34007611700,PHQD,18-64,2018,18,11,8
34007611700,PHQD,18-64,2019,15,11,7
34007611700,PHQD,18-64,2020,8,8,<5
34007611700,PHQD,18-64,2021,<5,<5,<5
34007611700,PHQD,18-64,2022,<5,<5,<5
34007611700,PHQD,18-64,2023,8,5,<5
34007611700,PHQD,18-64,2024,6,<5,<5
34007600200,PHQD,65+,2017,<5,<5,0
34007600200,PHQD,65+,2018,<5,<5,0
34007600200,PHQD,65+,2019,<5,<5,<5
34007600200,PHQD,65+,2020,<5,<5,0
34007600200,PHQD,65+,2021,<5,<5,0
34007600200,PHQD,65+,2022,<5,0,<5
34007600200,PHQD,65+,2024,<5,<5,<5
34007600400,PHQD,65+,2017,5,5,0
34007600400,PHQD,65+,2018,<5,<5,0
34007600400,PHQD,65+,2019,<5,<5,<5
34007600400,PHQD,65+,2020,<5,<5,0
34007600400,PHQD,65+,2021,<5,<5,0
34007600400,PHQD,65+,2022,<5,<5,<5
34007600400,PHQD,65+,2023,<5,<5,0
34007600400,PHQD,65+,2024,<5,<5,<5
34007600700,PHQD,65+,2017,<5,<5,<5
34007600700,PHQD,65+,2018,<5,<5,<5
34007600700,PHQD,65+,2019,<5,<5,0
34007600700,PHQD,65+,2020,<5,<5,<5
34007600800,PHQD,65+,2017,18,10,9
34007600800,PHQD,65+,2018,17,8,12
34007600800,PHQD,65+,2019,15,<5,11
34007600800,PHQD,65+,2020,7,6,<5
34007600800,PHQD,65+,2021,<5,<5,<5
34007600800,PHQD,65+,2022,<5,0,<5
34007600800,PHQD,65+,2023,<5,0,<5
34007600800,PHQD,65+,2024,<5,<5,0
34007600900,PHQD,65+,2017,5,<5,<5
34007600900,PHQD,65+,2018,8,<5,5
34007600900,PHQD,65+,2019,6,<5,<5
34007600900,PHQD,65+,2020,<5,<5,0
34007600900,PHQD,65+,2022,<5,<5,0
34007601000,PHQD,65+,2017,5,<5,<5
34007601000,PHQD,65+,2018,6,<5,<5
34007601000,PHQD,65+,2019,<5,0,<5
34007601000,PHQD,65+,2020,<5,<5,0
34007601000,PHQD,65+,2021,<5,<5,<5
34007601000,PHQD,65+,2022,<5,0,<5
34007601000,PHQD,65+,2024,<5,0,<5
34007601101,PHQD,65+,2017,<5,0,<5
34007601101,PHQD,65+,2019,<5,<5,0
34007601101,PHQD,65+,2020,<5,<5,0
34007601101,PHQD,65+,2024,<5,0,<5
34007601102,PHQD,65+,2017,5,<5,<5
34007601102,PHQD,65+,2018,5,<5,<5
34007601102,PHQD,65+,2019,<5,<5,<5
34007601102,PHQD,65+,2020,7,<5,<5
34007601102,PHQD,65+,2021,<5,<5,0
34007601102,PHQD,65+,2022,<5,0,<5
34007601102,PHQD,65+,2024,<5,<5,<5
34007601200,PHQD,65+,2017,<5,<5,<5
34007601200,PHQD,65+,2018,7,5,<5
34007601200,PHQD,65+,2019,11,7,6
34007601200,PHQD,65+,2020,<5,<5,<5
34007601200,PHQD,65+,2023,<5,<5,<5
34007601200,PHQD,65+,2024,<5,<5,<5
34007601300,PHQD,65+,2017,5,<5,<5
34007601300,PHQD,65+,2018,6,<5,<5
34007601300,PHQD,65+,2019,12,8,5
34007601300,PHQD,65+,2020,7,5,<5
34007601300,PHQD,65+,2021,<5,0,<5
34007601300,PHQD,65+,2023,<5,<5,0
34007601400,PHQD,65+,2017,6,<5,<5
34007601400,PHQD,65+,2018,10,6,6
34007601400,PHQD,65+,2019,9,5,6
34007601400,PHQD,65+,2020,8,5,<5
34007601400,PHQD,65+,2021,<5,<5,0
34007601400,PHQD,65+,2023,<5,<5,<5
34007601400,PHQD,65+,2024,<5,0,<5
34007601500,PHQD,65+,2017,7,<5,<5
34007601500,PHQD,65+,2018,7,5,<5
34007601500,PHQD,65+,2019,7,5,<5
34007601500,PHQD,65+,2020,6,<5,<5
34007601500,PHQD,65+,2021,<5,0,<5
34007601500,PHQD,65+,2022,<5,<5,0
34007601500,PHQD,65+,2023,<5,<5,0
34007601500,PHQD,65+,2024,<5,0,<5
34007601600,PHQD,65+,2017,<5,0,<5
34007601600,PHQD,65+,2018,<5,<5,<5
34007601600,PHQD,65+,2019,<5,<5,<5
34007601600,PHQD,65+,2020,<5,<5,0
34007601600,PHQD,65+,2023,<5,<5,0
34007601700,PHQD,65+,2017,11,8,<5
34007601700,PHQD,65+,2018,8,<5,6
34007601700,PHQD,65+,2019,<5,<5,<5
34007601700,PHQD,65+,2020,<5,<5,<5
34007601800,PHQD,65+,2017,<5,<5,0
34007601800,PHQD,65+,2018,<5,0,<5
34007601800,PHQD,65+,2019,<5,<5,<5
34007601800,PHQD,65+,2020,<5,<5,0
34007601800,PHQD,65+,2021,<5,<5,0
34007601900,PHQD,65+,2017,<5,0,<5
34007601900,PHQD,65+,2018,<5,0,<5
34007601900,PHQD,65+,2019,<5,<5,<5
34007601900,PHQD,65+,2020,<5,0,<5
34007601900,PHQD,65+,2022,<5,0,<5
34007602000,PHQD,65+,2017,<5,<5,<5
34007602000,PHQD,65+,2018,<5,<5,<5
34007602000,PHQD,65+,2019,6,<5,5
34007602000,PHQD,65+,2021,<5,0,<5
34007602000,PHQD,65+,2022,<5,<5,0
34007602000,PHQD,65+,2023,<5,0,<5
34007602000,PHQD,65+,2024,<5,0,<5
34007602503,PHQD,65+,2017,<5,<5,<5
34007602503,PHQD,65+,2018,5,<5,<5
34007602503,PHQD,65+,2020,<5,<5,<5
34007602503,PHQD,65+,2022,<5,0,<5
34007602601,PHQD,65+,2017,<5,<5,<5
34007602601,PHQD,65+,2018,<5,0,<5
34007602601,PHQD,65+,2019,6,<5,<5
34007602601,PHQD,65+,2021,<5,<5,<5
34007602602,PHQD,65+,2017,<5,0,<5
34007602602,PHQD,65+,2018,<5,0,<5
34007602602,PHQD,65+,2019,<5,<5,0
34007602602,PHQD,65+,2020,<5,<5,<5
34007602602,PHQD,65+,2022,<5,<5,0
34007602901,PHQD,65+,2017,15,<5,15
34007602901,PHQD,65+,2018,15,<5,13
34007602901,PHQD,65+,2019,9,<5,8
34007602901,PHQD,65+,2020,5,<5,5
34007602901,PHQD,65+,2021,<5,0,<5
34007602901,PHQD,65+,2024,<5,<5,0
34007602902,PHQD,65+,2017,5,0,5
34007602902,PHQD,65+,2018,<5,0,<5
34007602902,PHQD,65+,2019,7,<5,<5
34007602902,PHQD,65+,2020,<5,<5,0
34007602902,PHQD,65+,2023,<5,<5,0
34007602902,PHQD,65+,2024,<5,<5,0
34007603001,PHQD,65+,2017,6,<5,5
34007603001,PHQD,65+,2018,<5,0,<5
34007603001,PHQD,65+,2019,<5,0,<5
34007603001,PHQD,65+,2020,<5,<5,<5
34007603001,PHQD,65+,2021,<5,<5,0
34007603001,PHQD,65+,2022,<5,<5,0
34007603001,PHQD,65+,2023,<5,<5,0
34007603001,PHQD,65+,2024,<5,0,<5
34007603002,PHQD,65+,2017,5,0,5
34007603002,PHQD,65+,2018,<5,<5,<5
34007603002,PHQD,65+,2019,8,<5,6
34007603002,PHQD,65+,2020,6,5,<5
34007603002,PHQD,65+,2022,<5,<5,0
34007603100,PHQD,65+,2017,7,<5,6
34007603100,PHQD,65+,2018,5,<5,<5
34007603100,PHQD,65+,2019,7,<5,5
34007603100,PHQD,65+,2020,<5,<5,<5
34007603200,PHQD,65+,2017,46,9,42
34007603200,PHQD,65+,2018,40,8,32
34007603200,PHQD,65+,2019,44,11,35
34007603200,PHQD,65+,2020,18,7,13
34007603200,PHQD,65+,2021,<5,0,<5
34007603200,PHQD,65+,2022,6,<5,<5
34007603200,PHQD,65+,2023,<5,<5,<5
34007603200,PHQD,65+,2024,<5,0,<5
34007603301,PHQD,65+,2017,39,6,33
34007603301,PHQD,65+,2018,33,<5,29
34007603301,PHQD,65+,2019,19,<5,16
34007603301,PHQD,65+,2020,6,<5,<5
34007603301,PHQD,65+,2021,<5,0,<5
34007603301,PHQD,65+,2022,<5,0,<5
34007603301,PHQD,65+,2023,<5,0,<5
34007603301,PHQD,65+,2024,<5,0,<5
34007603302,PHQD,65+,2017,14,<5,11
34007603302,PHQD,65+,2018,17,<5,14
34007603302,PHQD,65+,2019,11,<5,9
34007603302,PHQD,65+,2020,6,0,6
34007603302,PHQD,65+,2021,<5,0,<5
34007603302,PHQD,65+,2022,<5,<5,<5
34007603302,PHQD,65+,2023,<5,<5,<5
34007603302,PHQD,65+,2024,<5,<5,<5
34007603303,PHQD,65+,2017,27,5,26
34007603303,PHQD,65+,2018,8,<5,7
34007603303,PHQD,65+,2019,11,<5,10
34007603303,PHQD,65+,2020,<5,<5,<5
34007603303,PHQD,65+,2021,<5,<5,<5
34007603303,PHQD,65+,2022,<5,0,<5
34007603303,PHQD,65+,2023,<5,<5,<5
34007603303,PHQD,65+,2024,<5,<5,0
34007603400,PHQD,65+,2017,9,<5,8
34007603400,PHQD,65+,2018,23,<5,21
34007603400,PHQD,65+,2019,22,<5,19
34007603400,PHQD,65+,2020,10,<5,10
34007603400,PHQD,65+,2021,8,<5,7
34007603400,PHQD,65+,2022,5,<5,<5
34007603400,PHQD,65+,2023,<5,<5,0
34007603400,PHQD,65+,2024,5,<5,5
34007603501,PHQD,65+,2017,<5,<5,0
34007603501,PHQD,65+,2018,<5,0,<5
34007603501,PHQD,65+,2019,<5,<5,<5
34007603501,PHQD,65+,2020,<5,0,<5
34007603501,PHQD,65+,2021,<5,0,<5
34007603501,PHQD,65+,2022,<5,<5,0
34007603501,PHQD,65+,2024,<5,0,<5
34007603503,PHQD,65+,2017,<5,<5,<5
34007603503,PHQD,65+,2018,<5,0,<5
34007603503,PHQD,65+,2019,<5,0,<5
34007603503,PHQD,65+,2020,<5,0,<5
34007603504,PHQD,65+,2017,<5,0,<5
34007603504,PHQD,65+,2018,<5,<5,<5
34007603504,PHQD,65+,2020,<5,0,<5
34007603504,PHQD,65+,2021,<5,0,<5
34007603504,PHQD,65+,2023,<5,<5,0
34007603504,PHQD,65+,2024,<5,0,<5
34007603505,PHQD,65+,2017,<5,<5,<5
34007603505,PHQD,65+,2018,<5,0,<5
34007603505,PHQD,65+,2019,<5,0,<5
34007603505,PHQD,65+,2020,<5,0,<5
34007603505,PHQD,65+,2022,<5,<5,<5
34007603505,PHQD,65+,2023,<5,0,<5
34007603505,PHQD,65+,2024,<5,0,<5
34007603506,PHQD,65+,2017,<5,<5,<5
34007603506,PHQD,65+,2018,<5,0,<5
34007603506,PHQD,65+,2019,<5,0,<5
34007603506,PHQD,65+,2021,<5,<5,<5
34007603506,PHQD,65+,2022,<5,0,<5
34007603506,PHQD,65+,2024,<5,<5,0
34007603507,PHQD,65+,2017,<5,<5,<5
34007603507,PHQD,65+,2018,8,5,<5
34007603507,PHQD,65+,2019,<5,<5,<5
34007603507,PHQD,65+,2020,<5,0,<5
34007603507,PHQD,65+,2021,5,<5,<5
34007603507,PHQD,65+,2022,<5,0,<5
34007603507,PHQD,65+,2023,<5,0,<5
34007603507,PHQD,65+,2024,<5,<5,<5
34007603601,PHQD,65+,2017,18,<5,16
34007603601,PHQD,65+,2018,30,<5,29
34007603601,PHQD,65+,2019,20,<5,17
34007603601,PHQD,65+,2020,8,<5,7
34007603601,PHQD,65+,2021,<5,<5,<5
34007603601,PHQD,65+,2022,<5,0,<5
34007603601,PHQD,65+,2023,<5,<5,<5
34007603601,PHQD,65+,2024,<5,<5,0
34007603602,PHQD,65+,2017,<5,<5,<5
34007603602,PHQD,65+,2018,<5,0,<5
34007603602,PHQD,65+,2019,<5,<5,<5
34007603602,PHQD,65+,2020,<5,<5,0
34007603603,PHQD,65+,2017,<5,<5,<5
34007603603,PHQD,65+,2018,<5,<5,0
34007603603,PHQD,65+,2019,<5,<5,<5
34007603603,PHQD,65+,2021,<5,<5,<5
34007603603,PHQD,65+,2022,<5,<5,0
34007603700,PHQD,65+,2017,14,5,10
34007603700,PHQD,65+,2018,17,<5,16
34007603700,PHQD,65+,2019,19,8,14
34007603700,PHQD,65+,2020,7,<5,<5
34007603700,PHQD,65+,2021,5,0,5
34007603700,PHQD,65+,2022,<5,<5,<5
34007603700,PHQD,65+,2023,<5,0,<5
34007603700,PHQD,65+,2024,<5,0,<5
34007603800,PHQD,65+,2017,14,<5,11
34007603800,PHQD,65+,2018,9,<5,7
34007603800,PHQD,65+,2019,9,<5,7
34007603800,PHQD,65+,2020,<5,0,<5
34007603800,PHQD,65+,2021,<5,0,<5
34007603800,PHQD,65+,2022,<5,<5,0
34007603800,PHQD,65+,2024,<5,0,<5
34007603901,PHQD,65+,2017,12,6,8
34007603901,PHQD,65+,2018,19,<5,15
34007603901,PHQD,65+,2019,10,<5,8
34007603901,PHQD,65+,2020,11,5,8
34007603901,PHQD,65+,2022,<5,<5,<5
34007603901,PHQD,65+,2023,<5,0,<5
34007603901,PHQD,65+,2024,<5,0,<5
34007603902,PHQD,65+,2017,6,<5,<5
34007603902,PHQD,65+,2018,14,<5,11
34007603902,PHQD,65+,2019,14,6,11
34007603902,PHQD,65+,2020,8,<5,8
34007603902,PHQD,65+,2022,<5,0,<5
34007604100,PHQD,65+,2017,<5,<5,<5
34007604100,PHQD,65+,2018,<5,<5,<5
34007604100,PHQD,65+,2019,5,<5,<5
34007604100,PHQD,65+,2020,<5,<5,<5
34007604100,PHQD,65+,2021,<5,<5,<5
34007604200,PHQD,65+,2017,15,7,8
34007604200,PHQD,65+,2018,18,7,13
34007604200,PHQD,65+,2019,21,9,14
34007604200,PHQD,65+,2020,10,<5,7
34007604300,PHQD,65+,2017,16,5,12
34007604300,PHQD,65+,2018,8,<5,7
34007604300,PHQD,65+,2019,11,<5,8
34007604300,PHQD,65+,2020,<5,<5,<5
34007604300,PHQD,65+,2021,<5,0,<5
34007604300,PHQD,65+,2022,<5,<5,<5
34007604300,PHQD,65+,2023,<5,0,<5
34007604300,PHQD,65+,2024,<5,0,<5
34007604400,PHQD,65+,2017,7,0,7
34007604400,PHQD,65+,2018,<5,<5,<5
34007604400,PHQD,65+,2019,14,6,10
34007604400,PHQD,65+,2020,8,<5,7
34007604400,PHQD,65+,2023,<5,0,<5
34007604400,PHQD,65+,2024,<5,0,<5
34007604600,PHQD,65+,2017,7,<5,6
34007604600,PHQD,65+,2018,6,0,6
34007604600,PHQD,65+,2019,5,0,5
34007604600,PHQD,65+,2020,<5,0,<5
34007604600,PHQD,65+,2021,<5,<5,0
34007604600,PHQD,65+,2022,<5,0,<5
34007604700,PHQD,65+,2017,<5,<5,<5
34007604700,PHQD,65+,2018,<5,<5,<5
34007604700,PHQD,65+,2019,9,5,6
34007604700,PHQD,65+,2020,<5,0,<5
34007604700,PHQD,65+,2022,<5,<5,0
34007605100,PHQD,65+,2017,<5,<5,<5
34007605100,PHQD,65+,2018,5,0,5
34007605100,PHQD,65+,2019,<5,0,<5
34007605100,PHQD,65+,2020,<5,0,<5
34007605100,PHQD,65+,2021,<5,0,<5
34007605100,PHQD,65+,2023,<5,<5,<5
34007605200,PHQD,65+,2017,<5,0,<5
34007605200,PHQD,65+,2018,<5,<5,0
34007605200,PHQD,65+,2019,<5,0,<5
34007605200,PHQD,65+,2020,<5,0,<5
34007605200,PHQD,65+,2021,<5,<5,0
34007605200,PHQD,65+,2022,<5,<5,0
34007605200,PHQD,65+,2023,<5,<5,0
34007605200,PHQD,65+,2024,<5,0,<5
34007605300,PHQD,65+,2017,<5,0,<5
34007605300,PHQD,65+,2018,5,<5,<5
34007605300,PHQD,65+,2019,<5,0,<5
34007605300,PHQD,65+,2020,<5,<5,<5
34007605400,PHQD,65+,2017,5,<5,<5
34007605400,PHQD,65+,2018,7,<5,5
34007605400,PHQD,65+,2019,7,<5,<5
34007605400,PHQD,65+,2020,5,<5,<5
34007605400,PHQD,65+,2021,<5,<5,<5
34007605400,PHQD,65+,2022,<5,<5,<5
34007605400,PHQD,65+,2023,<5,<5,0
34007605400,PHQD,65+,2024,<5,<5,<5
34007605602,PHQD,65+,2017,<5,<5,<5
34007605602,PHQD,65+,2018,<5,<5,<5
34007605602,PHQD,65+,2020,<5,0,<5
34007605602,PHQD,65+,2021,<5,<5,0
34007605602,PHQD,65+,2022,<5,<5,<5
34007605700,PHQD,65+,2017,6,<5,<5
34007605700,PHQD,65+,2018,6,<5,<5
34007605700,PHQD,65+,2019,6,<5,5
34007605700,PHQD,65+,2020,<5,<5,0
34007605700,PHQD,65+,2023,<5,<5,0
34007605800,PHQD,65+,2017,<5,<5,<5
34007605800,PHQD,65+,2018,<5,<5,<5
34007605800,PHQD,65+,2019,6,<5,<5
34007605800,PHQD,65+,2020,5,<5,<5
34007605800,PHQD,65+,2024,<5,0,<5
34007605900,PHQD,65+,2017,<5,0,<5
34007605900,PHQD,65+,2018,<5,<5,0
34007605900,PHQD,65+,2019,<5,0,<5
34007605900,PHQD,65+,2020,<5,<5,<5
34007606000,PHQD,65+,2017,8,<5,7
34007606000,PHQD,65+,2018,5,<5,<5
34007606000,PHQD,65+,2019,<5,<5,<5
34007606000,PHQD,65+,2020,<5,0,<5
34007606000,PHQD,65+,2021,<5,<5,0
34007606000,PHQD,65+,2023,<5,0,<5
34007606000,PHQD,65+,2024,<5,<5,<5
34007606100,PHQD,65+,2017,<5,<5,<5
34007606100,PHQD,65+,2018,<5,<5,0
34007606100,PHQD,65+,2019,<5,<5,<5
34007606100,PHQD,65+,2021,<5,0,<5
34007606200,PHQD,65+,2017,6,<5,5
34007606200,PHQD,65+,2018,5,<5,5
34007606200,PHQD,65+,2019,<5,<5,<5
34007606200,PHQD,65+,2020,<5,<5,0
34007606300,PHQD,65+,2017,<5,<5,0
34007606300,PHQD,65+,2018,<5,<5,<5
34007606300,PHQD,65+,2019,<5,<5,<5
34007606300,PHQD,65+,2024,<5,0,<5
34007606400,PHQD,65+,2017,<5,<5,<5
34007606400,PHQD,65+,2018,5,<5,<5
34007606400,PHQD,65+,2019,<5,<5,<5
34007606400,PHQD,65+,2020,<5,0,<5
34007606400,PHQD,65+,2021,<5,0,<5
34007606400,PHQD,65+,2023,<5,<5,<5
34007606400,PHQD,65+,2024,<5,0,<5
34007606500,PHQD,65+,2017,6,<5,<5
34007606500,PHQD,65+,2018,7,0,7
34007606500,PHQD,65+,2019,6,<5,6
34007606500,PHQD,65+,2020,<5,0,<5
34007606500,PHQD,65+,2021,<5,<5,0
34007606500,PHQD,65+,2023,<5,0,<5
34007606600,PHQD,65+,2017,<5,0,<5
34007606600,PHQD,65+,2018,<5,<5,<5
34007606600,PHQD,65+,2019,<5,<5,<5
34007606600,PHQD,65+,2024,<5,<5,0
34007606700,PHQD,65+,2017,7,<5,7
34007606700,PHQD,65+,2018,11,0,11
34007606700,PHQD,65+,2019,9,<5,6
34007606700,PHQD,65+,2020,6,<5,5
34007606700,PHQD,65+,2021,<5,<5,0
34007606700,PHQD,65+,2022,<5,0,<5
34007606700,PHQD,65+,2023,<5,<5,0
34007606700,PHQD,65+,2024,<5,<5,0
34007606800,PHQD,65+,2017,5,<5,5
34007606800,PHQD,65+,2018,8,<5,7
34007606800,PHQD,65+,2019,6,0,6
34007606800,PHQD,65+,2020,<5,<5,<5
34007606800,PHQD,65+,2021,<5,0,<5
34007607000,PHQD,65+,2017,<5,<5,<5
34007607000,PHQD,65+,2018,12,<5,9
34007607000,PHQD,65+,2019,<5,<5,<5
34007607000,PHQD,65+,2020,<5,<5,<5
34007607000,PHQD,65+,2022,<5,0,<5
34007607100,PHQD,65+,2017,6,<5,6
34007607100,PHQD,65+,2018,5,<5,<5
34007607100,PHQD,65+,2019,6,<5,<5
34007607100,PHQD,65+,2020,<5,<5,0
34007607100,PHQD,65+,2021,<5,<5,<5
34007607100,PHQD,65+,2024,<5,0,<5
34007607200,PHQD,65+,2017,10,<5,9
34007607200,PHQD,65+,2018,<5,0,<5
34007607200,PHQD,65+,2019,5,0,5
34007607200,PHQD,65+,2020,<5,<5,<5
34007607200,PHQD,65+,2021,<5,0,<5
34007607200,PHQD,65+,2024,<5,0,<5
34007607300,PHQD,65+,2017,5,<5,<5
34007607300,PHQD,65+,2018,<5,0,<5
34007607300,PHQD,65+,2019,5,0,5
34007607300,PHQD,65+,2020,<5,0,<5
34007607300,PHQD,65+,2021,<5,<5,0
34007607401,PHQD,65+,2017,9,0,9
34007607401,PHQD,65+,2018,8,<5,7
34007607401,PHQD,65+,2019,6,0,6
34007607401,PHQD,65+,2020,<5,<5,<5
34007607401,PHQD,65+,2022,<5,0,<5
34007607402,PHQD,65+,2017,<5,0,<5
34007607402,PHQD,65+,2018,<5,0,<5
34007607402,PHQD,65+,2019,<5,0,<5
34007607402,PHQD,65+,2022,<5,<5,<5
34007607402,PHQD,65+,2023,<5,<5,0
34007607402,PHQD,65+,2024,<5,<5,0
34007607502,PHQD,65+,2017,32,9,25
34007607502,PHQD,65+,2018,29,6,23
34007607502,PHQD,65+,2019,32,<5,29
34007607502,PHQD,65+,2020,10,<5,9
34007607502,PHQD,65+,2021,<5,0,<5
34007607502,PHQD,65+,2022,6,<5,5
34007607502,PHQD,65+,2023,8,<5,5
34007607502,PHQD,65+,2024,<5,0,<5
34007607503,PHQD,65+,2017,28,9,21
34007607503,PHQD,65+,2018,30,6,25
34007607503,PHQD,65+,2019,18,<5,14
34007607503,PHQD,65+,2020,11,<5,8
34007607503,PHQD,65+,2021,<5,<5,<5
34007607503,PHQD,65+,2022,<5,<5,<5
34007607503,PHQD,65+,2023,6,<5,<5
34007607503,PHQD,65+,2024,<5,<5,0
34007607504,PHQD,65+,2017,<5,<5,0
34007607504,PHQD,65+,2019,<5,0,<5
34007607504,PHQD,65+,2020,<5,<5,0
34007607504,PHQD,65+,2023,<5,<5,<5
34007607504,PHQD,65+,2024,<5,0,<5
34007607505,PHQD,65+,2017,<5,0,<5
34007607505,PHQD,65+,2018,<5,0,<5
34007607505,PHQD,65+,2019,<5,0,<5
34007607505,PHQD,65+,2020,<5,0,<5
34007607505,PHQD,65+,2023,<5,<5,<5
34007607505,PHQD,65+,2024,<5,<5,0
34007607506,PHQD,65+,2018,<5,0,<5
34007607506,PHQD,65+,2019,<5,0,<5
34007607506,PHQD,65+,2023,<5,<5,0
34007607507,PHQD,65+,2017,23,<5,20
34007607507,PHQD,65+,2018,20,<5,17
34007607507,PHQD,65+,2019,23,8,15
34007607507,PHQD,65+,2020,11,<5,11
34007607507,PHQD,65+,2021,7,<5,<5
34007607507,PHQD,65+,2022,<5,0,<5
34007607507,PHQD,65+,2023,<5,<5,<5
34007607507,PHQD,65+,2024,<5,<5,<5
34007607600,PHQD,65+,2017,<5,0,<5
34007607600,PHQD,65+,2018,<5,0,<5
34007607600,PHQD,65+,2019,<5,0,<5
34007607701,PHQD,65+,2017,7,0,7
34007607701,PHQD,65+,2018,6,0,6
34007607701,PHQD,65+,2019,5,0,5
34007607701,PHQD,65+,2020,<5,0,<5
34007607701,PHQD,65+,2022,<5,<5,<5
34007607702,PHQD,65+,2017,8,<5,7
34007607702,PHQD,65+,2018,7,0,7
34007607702,PHQD,65+,2019,6,<5,5
34007607702,PHQD,65+,2020,<5,<5,<5
34007607702,PHQD,65+,2021,<5,<5,<5
34007607702,PHQD,65+,2023,<5,<5,<5
34007607801,PHQD,65+,2017,5,<5,<5
34007607801,PHQD,65+,2018,10,0,10
34007607801,PHQD,65+,2019,5,0,5
34007607801,PHQD,65+,2020,<5,0,<5
34007607801,PHQD,65+,2022,<5,0,<5
34007607801,PHQD,65+,2024,<5,0,<5
34007607802,PHQD,65+,2017,6,0,6
34007607802,PHQD,65+,2018,<5,0,<5
34007607802,PHQD,65+,2019,<5,<5,<5
34007607802,PHQD,65+,2021,<5,0,<5
34007607900,PHQD,65+,2017,<5,0,<5
34007607900,PHQD,65+,2018,<5,0,<5
34007608001,PHQD,65+,2017,<5,<5,<5
34007608001,PHQD,65+,2018,8,0,8
34007608001,PHQD,65+,2019,<5,0,<5
34007608001,PHQD,65+,2020,<5,<5,<5
34007608001,PHQD,65+,2024,<5,<5,<5
34007608202,PHQD,65+,2017,7,<5,6
34007608202,PHQD,65+,2018,<5,0,<5
34007608202,PHQD,65+,2019,5,0,5
34007608202,PHQD,65+,2020,<5,0,<5
34007608202,PHQD,65+,2021,<5,<5,0
34007608202,PHQD,65+,2023,<5,0,<5
34007608205,PHQD,65+,2017,6,0,6
34007608205,PHQD,65+,2018,7,0,7
34007608205,PHQD,65+,2020,<5,<5,0
34007608205,PHQD,65+,2022,<5,<5,0
34007608205,PHQD,65+,2023,<5,0,<5
34007608205,PHQD,65+,2024,<5,0,<5
34007608206,PHQD,65+,2017,6,<5,<5
34007608206,PHQD,65+,2018,<5,<5,<5
34007608206,PHQD,65+,2019,<5,0,<5
34007608206,PHQD,65+,2020,<5,<5,0
34007608206,PHQD,65+,2021,<5,0,<5
34007608206,PHQD,65+,2022,<5,0,<5
34007608206,PHQD,65+,2023,<5,0,<5
34007608206,PHQD,65+,2024,<5,0,<5
34007608209,PHQD,65+,2017,5,<5,<5
34007608209,PHQD,65+,2018,7,<5,7
34007608209,PHQD,65+,2019,7,<5,<5
34007608209,PHQD,65+,2020,<5,0,<5
34007608209,PHQD,65+,2021,<5,0,<5
34007608209,PHQD,65+,2023,<5,<5,<5
34007608209,PHQD,65+,2024,<5,0,<5
34007608210,PHQD,65+,2017,<5,0,<5
34007608210,PHQD,65+,2018,8,<5,7
34007608210,PHQD,65+,2019,<5,0,<5
34007608210,PHQD,65+,2020,<5,0,<5
34007608210,PHQD,65+,2021,<5,0,<5
34007608210,PHQD,65+,2022,<5,0,<5
34007608211,PHQD,65+,2017,9,<5,8
34007608211,PHQD,65+,2018,7,0,7
34007608211,PHQD,65+,2019,8,<5,8
34007608211,PHQD,65+,2020,<5,0,<5
34007608211,PHQD,65+,2021,<5,0,<5
34007608211,PHQD,65+,2022,<5,<5,0
34007608211,PHQD,65+,2023,<5,0,<5
34007608211,PHQD,65+,2024,<5,0,<5
34007608302,PHQD,65+,2017,11,<5,10
34007608302,PHQD,65+,2018,30,<5,26
34007608302,PHQD,65+,2019,12,<5,9
34007608302,PHQD,65+,2020,<5,<5,<5
34007608302,PHQD,65+,2021,<5,0,<5
34007608302,PHQD,65+,2022,<5,<5,<5
34007608302,PHQD,65+,2023,<5,<5,0
34007608303,PHQD,65+,2017,<5,0,<5
34007608303,PHQD,65+,2018,<5,0,<5
34007608303,PHQD,65+,2019,<5,0,<5
34007608303,PHQD,65+,2020,<5,0,<5
34007608304,PHQD,65+,2017,9,0,9
34007608304,PHQD,65+,2018,8,0,8
34007608304,PHQD,65+,2019,6,<5,<5
34007608304,PHQD,65+,2020,<5,0,<5
34007608304,PHQD,65+,2023,<5,<5,<5
34007608401,PHQD,65+,2017,<5,0,<5
34007608401,PHQD,65+,2018,<5,0,<5
34007608401,PHQD,65+,2019,<5,0,<5
34007608401,PHQD,65+,2020,<5,0,<5
34007608402,PHQD,65+,2017,8,0,8
34007608402,PHQD,65+,2018,11,<5,10
34007608402,PHQD,65+,2019,5,<5,<5
34007608402,PHQD,65+,2020,<5,<5,<5
34007608402,PHQD,65+,2021,<5,<5,0
34007608402,PHQD,65+,2023,<5,<5,<5
34007608402,PHQD,65+,2024,<5,<5,0
34007608403,PHQD,65+,2017,<5,<5,<5
34007608403,PHQD,65+,2018,<5,0,<5
34007608403,PHQD,65+,2019,<5,<5,<5
34007608403,PHQD,65+,2024,<5,0,<5
34007608404,PHQD,65+,2017,10,<5,9
34007608404,PHQD,65+,2018,<5,<5,<5
34007608404,PHQD,65+,2019,<5,0,<5
34007608404,PHQD,65+,2020,<5,<5,<5
34007608404,PHQD,65+,2022,<5,<5,<5
34007608404,PHQD,65+,2023,<5,0,<5
34007608404,PHQD,65+,2024,<5,0,<5
34007608503,PHQD,65+,2017,5,0,5
34007608503,PHQD,65+,2018,8,<5,8
34007608503,PHQD,65+,2019,6,0,6
34007608503,PHQD,65+,2020,<5,0,<5
34007608503,PHQD,65+,2021,<5,0,<5
34007608503,PHQD,65+,2022,<5,0,<5
34007608503,PHQD,65+,2024,<5,<5,0
34007608504,PHQD,65+,2017,6,0,6
34007608504,PHQD,65+,2018,9,<5,8
34007608504,PHQD,65+,2019,8,<5,7
34007608504,PHQD,65+,2020,<5,<5,<5
34007608504,PHQD,65+,2021,<5,<5,0
34007608504,PHQD,65+,2024,<5,0,<5
34007608600,PHQD,65+,2017,6,<5,5
34007608600,PHQD,65+,2018,13,<5,12
34007608600,PHQD,65+,2019,<5,<5,<5
34007608600,PHQD,65+,2020,<5,0,<5
34007608600,PHQD,65+,2023,<5,0,<5
34007608600,PHQD,65+,2024,<5,<5,<5
34007608700,PHQD,65+,2017,9,<5,8
34007608700,PHQD,65+,2018,8,<5,7
34007608700,PHQD,65+,2019,9,<5,6
34007608700,PHQD,65+,2020,<5,0,<5
34007608700,PHQD,65+,2021,<5,<5,<5
34007608700,PHQD,65+,2022,<5,0,<5
34007608700,PHQD,65+,2023,<5,<5,0
34007608700,PHQD,65+,2024,<5,0,<5
34007608800,PHQD,65+,2017,<5,0,<5
34007608800,PHQD,65+,2018,<5,0,<5
34007608800,PHQD,65+,2019,<5,<5,0
34007608800,PHQD,65+,2020,<5,<5,<5
34007608800,PHQD,65+,2021,<5,0,<5
34007608800,PHQD,65+,2022,<5,<5,<5
34007608800,PHQD,65+,2023,<5,<5,0
34007608901,PHQD,65+,2017,<5,0,<5
34007608901,PHQD,65+,2018,<5,0,<5
34007608901,PHQD,65+,2019,<5,0,<5
34007608901,PHQD,65+,2020,<5,<5,<5
34007608901,PHQD,65+,2021,<5,<5,0
34007608901,PHQD,65+,2022,<5,<5,0
34007608901,PHQD,65+,2024,<5,0,<5
34007608903,PHQD,65+,2018,<5,<5,0
34007608903,PHQD,65+,2019,<5,0,<5
34007608903,PHQD,65+,2020,<5,0,<5
34007608903,PHQD,65+,2021,<5,0,<5
34007608903,PHQD,65+,2022,<5,0,<5
34007608903,PHQD,65+,2023,<5,<5,0
34007608904,PHQD,65+,2018,<5,0,<5
34007608904,PHQD,65+,2019,<5,0,<5
34007609000,PHQD,65+,2017,<5,0,<5
34007609000,PHQD,65+,2018,<5,0,<5
34007609000,PHQD,65+,2019,<5,0,<5
34007609000,PHQD,65+,2020,<5,<5,<5
34007609000,PHQD,65+,2021,<5,0,<5
34007609103,PHQD,65+,2017,5,0,5
34007609103,PHQD,65+,2018,5,0,5
34007609103,PHQD,65+,2019,8,<5,7
34007609103,PHQD,65+,2020,8,<5,6
34007609103,PHQD,65+,2022,<5,<5,0
34007609103,PHQD,65+,2023,<5,<5,<5
34007609103,PHQD,65+,2024,<5,0,<5
34007609201,PHQD,65+,2017,<5,<5,<5
34007609201,PHQD,65+,2018,<5,0,<5
34007609201,PHQD,65+,2019,<5,0,<5
34007609201,PHQD,65+,2020,<5,0,<5
34007609201,PHQD,65+,2022,<5,0,<5
34007609201,PHQD,65+,2023,<5,<5,<5
34007609202,PHQD,65+,2017,<5,<5,<5
34007609202,PHQD,65+,2018,5,0,5
34007609202,PHQD,65+,2019,5,0,5
34007609202,PHQD,65+,2022,<5,0,<5
34007609202,PHQD,65+,2023,<5,<5,0
34007609202,PHQD,65+,2024,<5,<5,0
34007609203,PHQD,65+,2017,5,<5,<5
34007609203,PHQD,65+,2018,13,<5,12
34007609203,PHQD,65+,2019,8,<5,6
34007609203,PHQD,65+,2020,<5,<5,<5
34007609203,PHQD,65+,2021,<5,0,<5
34007609203,PHQD,65+,2022,<5,0,<5
34007609204,PHQD,65+,2017,<5,0,<5
34007609204,PHQD,65+,2018,<5,0,<5
34007609204,PHQD,65+,2019,<5,<5,<5
34007609205,PHQD,65+,2017,<5,0,<5
34007609205,PHQD,65+,2018,<5,<5,<5
34007609205,PHQD,65+,2019,<5,<5,<5
34007609205,PHQD,65+,2023,<5,0,<5
34007609205,PHQD,65+,2024,<5,0,<5
34007610300,PHQD,65+,2022,<5,0,<5
34007610300,PHQD,65+,2023,<5,<5,0
34007610300,PHQD,65+,2024,<5,<5,0
34007610400,PHQD,65+,2017,7,<5,<5
34007610400,PHQD,65+,2018,<5,<5,<5
34007610400,PHQD,65+,2020,<5,0,<5
34007610400,PHQD,65+,2021,<5,0,<5
34007610400,PHQD,65+,2022,<5,<5,0
34007610400,PHQD,65+,2023,<5,0,<5
34007610400,PHQD,65+,2024,<5,<5,0
34007610500,PHQD,65+,2017,11,5,9
34007610500,PHQD,65+,2018,11,5,7
34007610500,PHQD,65+,2019,13,6,9
34007610500,PHQD,65+,2020,6,<5,<5
34007610500,PHQD,65+,2021,<5,0,<5
34007610500,PHQD,65+,2022,<5,<5,0
34007610600,PHQD,65+,2017,20,9,16
34007610600,PHQD,65+,2018,21,<5,19
34007610600,PHQD,65+,2019,16,6,12
34007610600,PHQD,65+,2020,18,12,8
34007610600,PHQD,65+,2021,<5,<5,<5
34007610600,PHQD,65+,2022,<5,<5,0
34007610600,PHQD,65+,2023,<5,0,<5
34007610600,PHQD,65+,2024,<5,<5,<5
34007610800,PHQD,65+,2017,13,5,9
34007610800,PHQD,65+,2018,15,6,11
34007610800,PHQD,65+,2019,11,6,7
34007610800,PHQD,65+,2020,7,5,<5
34007610800,PHQD,65+,2021,<5,<5,<5
34007610800,PHQD,65+,2022,<5,<5,0
34007610800,PHQD,65+,2023,<5,<5,<5
34007610800,PHQD,65+,2024,<5,<5,<5
34007610900,PHQD,65+,2017,7,<5,7
34007610900,PHQD,65+,2018,10,<5,8
34007610900,PHQD,65+,2019,7,5,<5
34007610900,PHQD,65+,2020,7,<5,5
34007610900,PHQD,65+,2021,<5,0,<5
34007610900,PHQD,65+,2022,<5,0,<5
34007610900,PHQD,65+,2023,<5,<5,0
34007610900,PHQD,65+,2024,<5,0,<5
34007611000,PHQD,65+,2017,10,<5,7
34007611000,PHQD,65+,2018,8,0,8
34007611000,PHQD,65+,2019,10,<5,9
34007611000,PHQD,65+,2020,6,<5,<5
34007611000,PHQD,65+,2021,<5,0,<5
34007611000,PHQD,65+,2022,<5,0,<5
34007611000,PHQD,65+,2023,<5,0,<5
34007611000,PHQD,65+,2024,<5,0,<5
34007611100,PHQD,65+,2017,7,<5,6
34007611100,PHQD,65+,2018,7,<5,<5
34007611100,PHQD,65+,2019,5,<5,<5
34007611100,PHQD,65+,2020,<5,<5,<5
34007611100,PHQD,65+,2021,<5,0,<5
34007611100,PHQD,65+,2024,<5,0,<5
34007611200,PHQD,65+,2017,21,0,21
34007611200,PHQD,65+,2018,13,<5,12
34007611200,PHQD,65+,2019,10,<5,10
34007611200,PHQD,65+,2020,5,0,5
34007611200,PHQD,65+,2021,<5,<5,<5
34007611200,PHQD,65+,2022,<5,<5,0
34007611200,PHQD,65+,2023,<5,0,<5
34007611200,PHQD,65+,2024,<5,0,<5
34007611300,PHQD,65+,2017,13,<5,10
34007611300,PHQD,65+,2018,11,0,11
34007611300,PHQD,65+,2019,11,<5,9
34007611300,PHQD,65+,2020,<5,<5,<5
34007611300,PHQD,65+,2024,<5,<5,0
34007611400,PHQD,65+,2017,6,<5,5
34007611400,PHQD,65+,2018,<5,<5,<5
34007611400,PHQD,65+,2019,5,<5,<5
34007611400,PHQD,65+,2020,<5,<5,<5
34007611400,PHQD,65+,2021,<5,<5,0
34007611400,PHQD,65+,2022,<5,0,<5
34007611400,PHQD,65+,2023,<5,0,<5
34007611400,PHQD,65+,2024,<5,<5,0
34007611500,PHQD,65+,2017,<5,0,<5
34007611500,PHQD,65+,2019,<5,0,<5
34007611500,PHQD,65+,2024,<5,0,<5
34007611600,PHQD,65+,2017,10,5,7
34007611600,PHQD,65+,2018,12,5,9
34007611600,PHQD,65+,2019,9,5,5
34007611600,PHQD,65+,2020,9,6,5
34007611600,PHQD,65+,2022,<5,<5,<5
34007611600,PHQD,65+,2023,<5,<5,<5
34007611600,PHQD,65+,2024,<5,<5,0
34007611700,PHQD,65+,2017,6,<5,<5
34007611700,PHQD,65+,2018,7,<5,<5
34007611700,PHQD,65+,2019,5,<5,<5
34007611700,PHQD,65+,2020,<5,0,<5
34007611700,PHQD,65+,2021,<5,0,<5
